# MagicaVoxel @ Ephtracy

# group
o 

# material
mtllib castle.mtl
usemtl palette

# normals
vn -1 0 0
vn 1 0 0
vn 0 0 1
vn 0 0 -1
vn 0 -1 0
vn 0 1 0

# texcoords
vt 0.00585938 0.5
vt 0.0371094 0.5
vt 0.0449219 0.5
vt 0.537109 0.5
vt 0.955078 0.5
vt 0.974609 0.5
vt 0.986328 0.5
vt 0.994141 0.5

# verts
v -1.7 0 1.5
v -1.7 0 -1.5
v -1.7 0.2 1.5
v -1.7 0.2 -1.5
v -1.7 1.5 1.1
v -1.7 1.5 -1.1
v -1.7 1.6 1.3
v -1.7 1.6 1.1
v -1.7 1.6 -1.1
v -1.7 1.6 -1.3
v -1.7 1.7 1.5
v -1.7 1.7 1.3
v -1.7 1.7 1.1
v -1.7 1.7 -1.1
v -1.7 1.7 -1.3
v -1.7 1.7 -1.5
v -1.7 1.8 1.4
v -1.7 1.8 1.3
v -1.7 1.8 -1.3
v -1.7 1.8 -1.4
v -1.7 1.9 1.5
v -1.7 1.9 1.4
v -1.7 1.9 -1.4
v -1.7 1.9 -1.5
v -1.6 1.6 1.1
v -1.6 1.6 1
v -1.6 1.6 -1
v -1.6 1.6 -1.1
v -1.6 1.7 1.3
v -1.6 1.7 1.2
v -1.6 1.7 1.1
v -1.6 1.7 1
v -1.6 1.7 -1
v -1.6 1.7 -1.1
v -1.6 1.7 -1.2
v -1.6 1.7 -1.3
v -1.6 1.8 1.3
v -1.6 1.8 1.2
v -1.6 1.8 -1.2
v -1.6 1.8 -1.3
v -1.5 1.4 1.1
v -1.5 1.4 1
v -1.5 1.4 0.9
v -1.5 1.4 0.8
v -1.5 1.4 0.7
v -1.5 1.4 0.6
v -1.5 1.4 0.5
v -1.5 1.4 0.4
v -1.5 1.4 0.3
v -1.5 1.4 0.2
v -1.5 1.4 0.1
v -1.5 1.4 -0.1
v -1.5 1.4 -0.2
v -1.5 1.4 -0.3
v -1.5 1.4 -0.4
v -1.5 1.4 -0.5
v -1.5 1.4 -0.6
v -1.5 1.4 -0.7
v -1.5 1.4 -0.8
v -1.5 1.4 -0.9
v -1.5 1.4 -1
v -1.5 1.4 -1.1
v -1.5 1.5 1.3
v -1.5 1.5 1.1
v -1.5 1.5 1
v -1.5 1.5 0.9
v -1.5 1.5 0.8
v -1.5 1.5 0.7
v -1.5 1.5 0.6
v -1.5 1.5 0.5
v -1.5 1.5 0.4
v -1.5 1.5 0.3
v -1.5 1.5 0.2
v -1.5 1.5 0.1
v -1.5 1.5 -0.1
v -1.5 1.5 -0.2
v -1.5 1.5 -0.3
v -1.5 1.5 -0.4
v -1.5 1.5 -0.5
v -1.5 1.5 -0.6
v -1.5 1.5 -0.7
v -1.5 1.5 -0.8
v -1.5 1.5 -0.9
v -1.5 1.5 -1
v -1.5 1.5 -1.1
v -1.5 1.5 -1.3
v -1.5 1.6 1.5
v -1.5 1.6 1.3
v -1.5 1.6 1.1
v -1.5 1.6 1
v -1.5 1.6 -1
v -1.5 1.6 -1.1
v -1.5 1.6 -1.3
v -1.5 1.6 -1.5
v -1.5 1.7 1.5
v -1.5 1.7 1.3
v -1.5 1.7 1.2
v -1.5 1.7 1.1
v -1.5 1.7 1
v -1.5 1.7 -1
v -1.5 1.7 -1.1
v -1.5 1.7 -1.2
v -1.5 1.7 -1.3
v -1.5 1.7 -1.5
v -1.5 1.8 1.2
v -1.5 1.8 1.1
v -1.5 1.8 -1.1
v -1.5 1.8 -1.2
v -1.5 2.3 0.9
v -1.5 2.3 -0.9
v -1.5 2.4 1.1
v -1.5 2.4 0.9
v -1.5 2.4 -0.9
v -1.5 2.4 -1.1
v -1.5 2.5 1.3
v -1.5 2.5 1.1
v -1.5 2.5 0.9
v -1.5 2.5 -0.9
v -1.5 2.5 -1.1
v -1.5 2.5 -1.3
v -1.5 2.6 1.2
v -1.5 2.6 1.1
v -1.5 2.6 -1.1
v -1.5 2.6 -1.2
v -1.5 2.7 1.3
v -1.5 2.7 1.2
v -1.5 2.7 -1.2
v -1.5 2.7 -1.3
v -1.4 1.7 1.1
v -1.4 1.7 1
v -1.4 1.7 -1
v -1.4 1.7 -1.1
v -1.4 1.8 1.2
v -1.4 1.8 1.1
v -1.4 1.8 1
v -1.4 1.8 -1
v -1.4 1.8 -1.1
v -1.4 1.8 -1.2
v -1.4 1.9 1.2
v -1.4 1.9 1.1
v -1.4 1.9 -1.1
v -1.4 1.9 -1.2
v -1.4 2.4 0.9
v -1.4 2.4 0.8
v -1.4 2.4 -0.8
v -1.4 2.4 -0.9
v -1.4 2.5 1.1
v -1.4 2.5 1
v -1.4 2.5 0.9
v -1.4 2.5 0.8
v -1.4 2.5 -0.8
v -1.4 2.5 -0.9
v -1.4 2.5 -1
v -1.4 2.5 -1.1
v -1.4 2.6 1.1
v -1.4 2.6 1
v -1.4 2.6 -1
v -1.4 2.6 -1.1
v -1.3 0.2 1.1
v -1.3 0.2 -1.1
v -1.3 0.9 1.1
v -1.3 0.9 -1.1
v -1.3 1 1.1
v -1.3 1 -1.1
v -1.3 1.1 0.7
v -1.3 1.1 0.5
v -1.3 1.1 0.3
v -1.3 1.1 0.1
v -1.3 1.1 -0.1
v -1.3 1.1 -0.3
v -1.3 1.1 -0.5
v -1.3 1.1 -0.7
v -1.3 1.3 0.7
v -1.3 1.3 0.5
v -1.3 1.3 0.3
v -1.3 1.3 0.1
v -1.3 1.3 -0.1
v -1.3 1.3 -0.3
v -1.3 1.3 -0.5
v -1.3 1.3 -0.7
v -1.3 1.4 1.3
v -1.3 1.4 1.1
v -1.3 1.4 1
v -1.3 1.4 0.9
v -1.3 1.4 0.8
v -1.3 1.4 0.7
v -1.3 1.4 0.6
v -1.3 1.4 0.5
v -1.3 1.4 0.4
v -1.3 1.4 0.3
v -1.3 1.4 0.2
v -1.3 1.4 0.1
v -1.3 1.4 -0.1
v -1.3 1.4 -0.2
v -1.3 1.4 -0.3
v -1.3 1.4 -0.4
v -1.3 1.4 -0.5
v -1.3 1.4 -0.6
v -1.3 1.4 -0.7
v -1.3 1.4 -0.8
v -1.3 1.4 -0.9
v -1.3 1.4 -1
v -1.3 1.4 -1.1
v -1.3 1.4 -1.3
v -1.3 1.5 1.5
v -1.3 1.5 1.3
v -1.3 1.5 1.1
v -1.3 1.5 1
v -1.3 1.5 0.9
v -1.3 1.5 0.8
v -1.3 1.5 0.7
v -1.3 1.5 0.6
v -1.3 1.5 0.5
v -1.3 1.5 0.4
v -1.3 1.5 0.3
v -1.3 1.5 0.2
v -1.3 1.5 0.1
v -1.3 1.5 -0.1
v -1.3 1.5 -0.2
v -1.3 1.5 -0.3
v -1.3 1.5 -0.4
v -1.3 1.5 -0.5
v -1.3 1.5 -0.6
v -1.3 1.5 -0.7
v -1.3 1.5 -0.8
v -1.3 1.5 -0.9
v -1.3 1.5 -1
v -1.3 1.5 -1.1
v -1.3 1.5 -1.3
v -1.3 1.5 -1.5
v -1.3 1.6 1.5
v -1.3 1.6 1.3
v -1.3 1.6 -1.3
v -1.3 1.6 -1.5
v -1.3 1.7 1
v -1.3 1.7 -1
v -1.3 1.8 1.1
v -1.3 1.8 1
v -1.3 1.8 -1
v -1.3 1.8 -1.1
v -1.3 1.9 1.1
v -1.3 1.9 1
v -1.3 1.9 -1
v -1.3 1.9 -1.1
v -1.3 2.2 0.9
v -1.3 2.2 0.8
v -1.3 2.2 0.7
v -1.3 2.2 0.6
v -1.3 2.2 0.5
v -1.3 2.2 0.4
v -1.3 2.2 0.3
v -1.3 2.2 0.2
v -1.3 2.2 0.1
v -1.3 2.2 -0.1
v -1.3 2.2 -0.2
v -1.3 2.2 -0.3
v -1.3 2.2 -0.4
v -1.3 2.2 -0.5
v -1.3 2.2 -0.6
v -1.3 2.2 -0.7
v -1.3 2.2 -0.8
v -1.3 2.2 -0.9
v -1.3 2.3 1.1
v -1.3 2.3 0.9
v -1.3 2.3 0.8
v -1.3 2.3 0.7
v -1.3 2.3 0.6
v -1.3 2.3 0.5
v -1.3 2.3 0.4
v -1.3 2.3 0.3
v -1.3 2.3 0.2
v -1.3 2.3 0.1
v -1.3 2.3 -0.1
v -1.3 2.3 -0.2
v -1.3 2.3 -0.3
v -1.3 2.3 -0.4
v -1.3 2.3 -0.5
v -1.3 2.3 -0.6
v -1.3 2.3 -0.7
v -1.3 2.3 -0.8
v -1.3 2.3 -0.9
v -1.3 2.3 -1.1
v -1.3 2.4 1.3
v -1.3 2.4 1.1
v -1.3 2.4 0.9
v -1.3 2.4 0.8
v -1.3 2.4 -0.8
v -1.3 2.4 -0.9
v -1.3 2.4 -1.1
v -1.3 2.4 -1.3
v -1.3 2.5 1.3
v -1.3 2.5 1.1
v -1.3 2.5 1
v -1.3 2.5 0.9
v -1.3 2.5 0.8
v -1.3 2.5 -0.8
v -1.3 2.5 -0.9
v -1.3 2.5 -1
v -1.3 2.5 -1.1
v -1.3 2.5 -1.3
v -1.3 2.6 1
v -1.3 2.6 0.9
v -1.3 2.6 -0.9
v -1.3 2.6 -1
v -1.3 3.1 0.7
v -1.3 3.1 -0.7
v -1.3 3.2 0.9
v -1.3 3.2 0.7
v -1.3 3.2 -0.7
v -1.3 3.2 -0.9
v -1.3 3.3 1.1
v -1.3 3.3 0.9
v -1.3 3.3 0.7
v -1.3 3.3 -0.7
v -1.3 3.3 -0.9
v -1.3 3.3 -1.1
v -1.3 3.4 1
v -1.3 3.4 0.9
v -1.3 3.4 -0.9
v -1.3 3.4 -1
v -1.3 3.5 1.1
v -1.3 3.5 1
v -1.3 3.5 -1
v -1.3 3.5 -1.1
v -1.2 0.9 1
v -1.2 0.9 -1
v -1.2 1 1
v -1.2 1 -1
v -1.2 1.1 0.7
v -1.2 1.1 0.5
v -1.2 1.1 0.3
v -1.2 1.1 0.1
v -1.2 1.1 -0.1
v -1.2 1.1 -0.3
v -1.2 1.1 -0.5
v -1.2 1.1 -0.7
v -1.2 1.3 0.7
v -1.2 1.3 0.5
v -1.2 1.3 0.3
v -1.2 1.3 0.1
v -1.2 1.3 -0.1
v -1.2 1.3 -0.3
v -1.2 1.3 -0.5
v -1.2 1.3 -0.7
v -1.2 1.8 1
v -1.2 1.8 0.9
v -1.2 1.8 -0.9
v -1.2 1.8 -1
v -1.2 1.9 1
v -1.2 1.9 0.9
v -1.2 1.9 -0.9
v -1.2 1.9 -1
v -1.2 2.5 0.9
v -1.2 2.5 0.8
v -1.2 2.5 -0.8
v -1.2 2.5 -0.9
v -1.2 2.6 1
v -1.2 2.6 0.9
v -1.2 2.6 0.8
v -1.2 2.6 -0.8
v -1.2 2.6 -0.9
v -1.2 2.6 -1
v -1.2 2.7 1
v -1.2 2.7 0.9
v -1.2 2.7 -0.9
v -1.2 2.7 -1
v -1.2 3.2 0.7
v -1.2 3.2 0.6
v -1.2 3.2 -0.6
v -1.2 3.2 -0.7
v -1.2 3.3 0.9
v -1.2 3.3 0.8
v -1.2 3.3 0.7
v -1.2 3.3 0.6
v -1.2 3.3 -0.6
v -1.2 3.3 -0.7
v -1.2 3.3 -0.8
v -1.2 3.3 -0.9
v -1.2 3.4 0.9
v -1.2 3.4 0.8
v -1.2 3.4 -0.8
v -1.2 3.4 -0.9
v -1.1 1.4 1.3
v -1.1 1.4 1.1
v -1.1 1.4 -1.1
v -1.1 1.4 -1.3
v -1.1 1.5 1.3
v -1.1 1.5 1.1
v -1.1 1.5 -1.1
v -1.1 1.5 -1.3
v -1.1 1.8 0.9
v -1.1 1.8 -0.9
v -1.1 1.9 0.9
v -1.1 1.9 0.6
v -1.1 1.9 0.4
v -1.1 1.9 0.1
v -1.1 1.9 -0.1
v -1.1 1.9 -0.4
v -1.1 1.9 -0.6
v -1.1 1.9 -0.9
v -1.1 2.1 0.6
v -1.1 2.1 0.4
v -1.1 2.1 0.1
v -1.1 2.1 -0.1
v -1.1 2.1 -0.4
v -1.1 2.1 -0.6
v -1.1 2.2 1.1
v -1.1 2.2 0.9
v -1.1 2.2 0.8
v -1.1 2.2 0.7
v -1.1 2.2 0.6
v -1.1 2.2 0.5
v -1.1 2.2 0.4
v -1.1 2.2 0.3
v -1.1 2.2 0.2
v -1.1 2.2 0.1
v -1.1 2.2 -0.1
v -1.1 2.2 -0.2
v -1.1 2.2 -0.3
v -1.1 2.2 -0.4
v -1.1 2.2 -0.5
v -1.1 2.2 -0.6
v -1.1 2.2 -0.7
v -1.1 2.2 -0.8
v -1.1 2.2 -0.9
v -1.1 2.2 -1.1
v -1.1 2.3 1.3
v -1.1 2.3 1.1
v -1.1 2.3 0.9
v -1.1 2.3 0.8
v -1.1 2.3 0.7
v -1.1 2.3 0.6
v -1.1 2.3 0.5
v -1.1 2.3 0.4
v -1.1 2.3 0.3
v -1.1 2.3 0.2
v -1.1 2.3 0.1
v -1.1 2.3 -0.1
v -1.1 2.3 -0.2
v -1.1 2.3 -0.3
v -1.1 2.3 -0.4
v -1.1 2.3 -0.5
v -1.1 2.3 -0.6
v -1.1 2.3 -0.7
v -1.1 2.3 -0.8
v -1.1 2.3 -0.9
v -1.1 2.3 -1.1
v -1.1 2.3 -1.3
v -1.1 2.4 1.3
v -1.1 2.4 1.1
v -1.1 2.4 -1.1
v -1.1 2.4 -1.3
v -1.1 2.5 0.8
v -1.1 2.5 -0.8
v -1.1 2.6 0.9
v -1.1 2.6 0.8
v -1.1 2.6 -0.8
v -1.1 2.6 -0.9
v -1.1 2.7 0.9
v -1.1 2.7 0.8
v -1.1 2.7 -0.8
v -1.1 2.7 -0.9
v -1.1 3 0.7
v -1.1 3 0.6
v -1.1 3 0.5
v -1.1 3 0.4
v -1.1 3 0.3
v -1.1 3 0.2
v -1.1 3 0.1
v -1.1 3 -0.1
v -1.1 3 -0.2
v -1.1 3 -0.3
v -1.1 3 -0.4
v -1.1 3 -0.5
v -1.1 3 -0.6
v -1.1 3 -0.7
v -1.1 3.1 0.9
v -1.1 3.1 0.7
v -1.1 3.1 0.6
v -1.1 3.1 0.5
v -1.1 3.1 0.4
v -1.1 3.1 0.3
v -1.1 3.1 0.2
v -1.1 3.1 0.1
v -1.1 3.1 -0.1
v -1.1 3.1 -0.2
v -1.1 3.1 -0.3
v -1.1 3.1 -0.4
v -1.1 3.1 -0.5
v -1.1 3.1 -0.6
v -1.1 3.1 -0.7
v -1.1 3.1 -0.9
v -1.1 3.2 1.1
v -1.1 3.2 0.9
v -1.1 3.2 0.7
v -1.1 3.2 0.6
v -1.1 3.2 -0.6
v -1.1 3.2 -0.7
v -1.1 3.2 -0.9
v -1.1 3.2 -1.1
v -1.1 3.3 1.1
v -1.1 3.3 0.9
v -1.1 3.3 0.8
v -1.1 3.3 0.7
v -1.1 3.3 0.6
v -1.1 3.3 -0.6
v -1.1 3.3 -0.7
v -1.1 3.3 -0.8
v -1.1 3.3 -0.9
v -1.1 3.3 -1.1
v -1.1 3.4 0.8
v -1.1 3.4 0.7
v -1.1 3.4 -0.7
v -1.1 3.4 -0.8
v -1 1.9 0.6
v -1 1.9 0.4
v -1 1.9 0.1
v -1 1.9 -0.1
v -1 1.9 -0.4
v -1 1.9 -0.6
v -1 2.1 0.6
v -1 2.1 0.4
v -1 2.1 0.1
v -1 2.1 -0.1
v -1 2.1 -0.4
v -1 2.1 -0.6
v -1 2.6 0.8
v -1 2.6 0.7
v -1 2.6 -0.7
v -1 2.6 -0.8
v -1 2.7 0.8
v -1 2.7 0.7
v -1 2.7 -0.7
v -1 2.7 -0.8
v -1 3.3 0.7
v -1 3.3 0.6
v -1 3.3 -0.6
v -1 3.3 -0.7
v -1 3.4 0.8
v -1 3.4 0.7
v -1 3.4 0.6
v -1 3.4 -0.6
v -1 3.4 -0.7
v -1 3.4 -0.8
v -1 3.5 0.8
v -1 3.5 0.7
v -1 3.5 -0.7
v -1 3.5 -0.8
v -1 4.1 0.1
v -1 4.1 -0.1
v -1 4.2 0.1
v -1 4.2 -0.1
v -0.9 0.2 0.5
v -0.9 0.2 -0.5
v -0.9 0.9 0.5
v -0.9 0.9 -0.5
v -0.9 1.4 1.3
v -0.9 1.4 1.1
v -0.9 1.4 -1.1
v -0.9 1.4 -1.3
v -0.9 1.5 1.3
v -0.9 1.5 1.1
v -0.9 1.5 -1.1
v -0.9 1.5 -1.3
v -0.9 2.2 1.1
v -0.9 2.2 0.9
v -0.9 2.2 -0.9
v -0.9 2.2 -1.1
v -0.9 2.3 1.1
v -0.9 2.3 0.9
v -0.9 2.3 -0.9
v -0.9 2.3 -1.1
v -0.9 2.6 0.7
v -0.9 2.6 -0.7
v -0.9 2.7 0.7
v -0.9 2.7 0.5
v -0.9 2.7 0.3
v -0.9 2.7 0.1
v -0.9 2.7 -0.1
v -0.9 2.7 -0.3
v -0.9 2.7 -0.5
v -0.9 2.7 -0.7
v -0.9 2.9 0.5
v -0.9 2.9 0.3
v -0.9 2.9 0.1
v -0.9 2.9 -0.1
v -0.9 2.9 -0.3
v -0.9 2.9 -0.5
v -0.9 3 0.9
v -0.9 3 0.7
v -0.9 3 0.6
v -0.9 3 0.5
v -0.9 3 0.4
v -0.9 3 0.3
v -0.9 3 0.2
v -0.9 3 0.1
v -0.9 3 -0.1
v -0.9 3 -0.2
v -0.9 3 -0.3
v -0.9 3 -0.4
v -0.9 3 -0.5
v -0.9 3 -0.6
v -0.9 3 -0.7
v -0.9 3 -0.9
v -0.9 3.1 1.1
v -0.9 3.1 0.9
v -0.9 3.1 0.7
v -0.9 3.1 0.6
v -0.9 3.1 0.5
v -0.9 3.1 0.4
v -0.9 3.1 0.3
v -0.9 3.1 0.2
v -0.9 3.1 0.1
v -0.9 3.1 -0.1
v -0.9 3.1 -0.2
v -0.9 3.1 -0.3
v -0.9 3.1 -0.4
v -0.9 3.1 -0.5
v -0.9 3.1 -0.6
v -0.9 3.1 -0.7
v -0.9 3.1 -0.9
v -0.9 3.1 -1.1
v -0.9 3.2 1.1
v -0.9 3.2 0.9
v -0.9 3.2 -0.9
v -0.9 3.2 -1.1
v -0.9 3.3 0.6
v -0.9 3.3 -0.6
v -0.9 3.4 0.7
v -0.9 3.4 0.6
v -0.9 3.4 0.5
v -0.9 3.4 0.3
v -0.9 3.4 -0.3
v -0.9 3.4 -0.5
v -0.9 3.4 -0.6
v -0.9 3.4 -0.7
v -0.9 3.5 0.7
v -0.9 3.5 0.6
v -0.9 3.5 0.5
v -0.9 3.5 0.4
v -0.9 3.5 0.3
v -0.9 3.5 0.2
v -0.9 3.5 -0.2
v -0.9 3.5 -0.3
v -0.9 3.5 -0.4
v -0.9 3.5 -0.5
v -0.9 3.5 -0.6
v -0.9 3.5 -0.7
v -0.9 3.6 0.4
v -0.9 3.6 0.3
v -0.9 3.6 0.2
v -0.9 3.6 0.1
v -0.9 3.6 -0.1
v -0.9 3.6 -0.2
v -0.9 3.6 -0.3
v -0.9 3.6 -0.4
v -0.9 3.7 0.3
v -0.9 3.7 0.2
v -0.9 3.7 0.1
v -0.9 3.7 -0.1
v -0.9 3.7 -0.2
v -0.9 3.7 -0.3
v -0.9 3.8 0.2
v -0.9 3.8 0.1
v -0.9 3.8 -0.1
v -0.9 3.8 -0.2
v -0.9 3.9 0.1
v -0.9 3.9 -0.1
v -0.9 4 0.1
v -0.9 4 -0.1
v -0.9 4.1 0.1
v -0.9 4.1 -0.1
v -0.9 4.2 0.1
v -0.9 4.2 -0.1
v -0.9 4.3 0.1
v -0.9 4.3 -0.1
v -0.8 1.1 1.1
v -0.8 1.1 1
v -0.8 1.1 -1
v -0.8 1.1 -1.1
v -0.8 1.3 1.1
v -0.8 1.3 1
v -0.8 1.3 -1
v -0.8 1.3 -1.1
v -0.8 2.7 0.5
v -0.8 2.7 0.3
v -0.8 2.7 0.1
v -0.8 2.7 -0.1
v -0.8 2.7 -0.3
v -0.8 2.7 -0.5
v -0.8 2.9 0.5
v -0.8 2.9 0.3
v -0.8 2.9 0.1
v -0.8 2.9 -0.1
v -0.8 2.9 -0.3
v -0.8 2.9 -0.5
v -0.8 3.4 0.6
v -0.8 3.4 0.5
v -0.8 3.4 -0.5
v -0.8 3.4 -0.6
v -0.8 3.5 0.6
v -0.8 3.5 0.5
v -0.8 3.5 -0.5
v -0.8 3.5 -0.6
v -0.8 3.6 0.1
v -0.8 3.6 -0.1
v -0.8 3.7 0.1
v -0.8 3.7 -0.1
v -0.8 3.9 0.1
v -0.8 3.9 -0.1
v -0.8 4 0.1
v -0.8 4 -0.1
v -0.8 4.3 0.1
v -0.8 4.3 -0.1
v -0.8 4.4 0.1
v -0.8 4.4 -0.1
v -0.7 0.2 0.7
v -0.7 0.2 0.5
v -0.7 0.2 -0.5
v -0.7 0.2 -0.7
v -0.7 0.8 -0.7
v -0.7 0.9 0.7
v -0.7 0.9 0.5
v -0.7 0.9 -0.5
v -0.7 0.9 -0.7
v -0.7 1.4 1.3
v -0.7 1.4 1.1
v -0.7 1.4 -1.1
v -0.7 1.4 -1.3
v -0.7 1.5 1.3
v -0.7 1.5 1.1
v -0.7 1.5 -1.1
v -0.7 1.5 -1.3
v -0.7 2.2 1.1
v -0.7 2.2 0.9
v -0.7 2.2 -0.9
v -0.7 2.2 -1.1
v -0.7 2.3 1.1
v -0.7 2.3 0.9
v -0.7 2.3 -0.9
v -0.7 2.3 -1.1
v -0.7 3 0.9
v -0.7 3 0.7
v -0.7 3 -0.7
v -0.7 3 -0.9
v -0.7 3.1 0.9
v -0.7 3.1 0.7
v -0.7 3.1 -0.7
v -0.7 3.1 -0.9
v -0.7 3.3 0.8
v -0.7 3.3 0.7
v -0.7 3.3 -0.7
v -0.7 3.3 -0.8
v -0.7 3.4 0.8
v -0.7 3.4 0.7
v -0.7 3.4 0.6
v -0.7 3.4 0.3
v -0.7 3.4 -0.3
v -0.7 3.4 -0.6
v -0.7 3.4 -0.7
v -0.7 3.4 -0.8
v -0.7 3.5 0.7
v -0.7 3.5 0.6
v -0.7 3.5 0.4
v -0.7 3.5 0.3
v -0.7 3.5 0.2
v -0.7 3.5 -0.2
v -0.7 3.5 -0.3
v -0.7 3.5 -0.4
v -0.7 3.5 -0.6
v -0.7 3.5 -0.7
v -0.7 3.6 0.6
v -0.7 3.6 0.5
v -0.7 3.6 0.4
v -0.7 3.6 0.3
v -0.7 3.6 0.2
v -0.7 3.6 -0.2
v -0.7 3.6 -0.3
v -0.7 3.6 -0.4
v -0.7 3.6 -0.5
v -0.7 3.6 -0.6
v -0.7 3.7 0.5
v -0.7 3.7 0.4
v -0.7 3.7 0.3
v -0.7 3.7 0.2
v -0.7 3.7 -0.2
v -0.7 3.7 -0.3
v -0.7 3.7 -0.4
v -0.7 3.7 -0.5
v -0.7 3.8 0.4
v -0.7 3.8 0.3
v -0.7 3.8 0.2
v -0.7 3.8 0.1
v -0.7 3.8 -0.1
v -0.7 3.8 -0.2
v -0.7 3.8 -0.3
v -0.7 3.8 -0.4
v -0.7 3.9 0.3
v -0.7 3.9 0.2
v -0.7 3.9 -0.2
v -0.7 3.9 -0.3
v -0.7 4 0.2
v -0.7 4 0.1
v -0.7 4 -0.1
v -0.7 4 -0.2
v -0.6 3.4 0.6
v -0.6 3.4 0.5
v -0.6 3.5 0.6
v -0.6 3.5 0.5
v -0.5 1.4 1.3
v -0.5 1.4 1.1
v -0.5 1.4 -1.1
v -0.5 1.4 -1.3
v -0.5 1.5 1.3
v -0.5 1.5 1.1
v -0.5 1.5 -1.1
v -0.5 1.5 -1.3
v -0.5 2.2 1.1
v -0.5 2.2 0.9
v -0.5 2.2 -0.9
v -0.5 2.2 -1.1
v -0.5 2.3 1.1
v -0.5 2.3 0.9
v -0.5 2.3 -0.9
v -0.5 2.3 -1.1
v -0.5 3 0.9
v -0.5 3 0.7
v -0.5 3 -0.7
v -0.5 3 -0.9
v -0.5 3.1 0.9
v -0.5 3.1 0.7
v -0.5 3.1 -0.7
v -0.5 3.1 -0.9
v -0.5 3.4 0.5
v -0.5 3.4 0.4
v -0.5 3.4 -0.4
v -0.5 3.4 -0.5
v -0.5 3.5 0.5
v -0.5 3.5 0.4
v -0.5 3.5 0.3
v -0.5 3.5 -0.3
v -0.5 3.5 -0.4
v -0.5 3.5 -0.5
v -0.5 3.6 0.4
v -0.5 3.6 0.3
v -0.5 3.6 0.2
v -0.5 3.6 -0.2
v -0.5 3.6 -0.3
v -0.5 3.6 -0.4
v -0.5 3.7 0.3
v -0.5 3.7 0.2
v -0.5 3.7 0.1
v -0.5 3.7 -0.1
v -0.5 3.7 -0.2
v -0.5 3.7 -0.3
v -0.5 3.8 0.2
v -0.5 3.8 0.1
v -0.5 3.8 -0.1
v -0.5 3.8 -0.2
v -0.4 1.9 0.9
v -0.4 1.9 0.8
v -0.4 1.9 -0.8
v -0.4 1.9 -0.9
v -0.4 2.1 0.9
v -0.4 2.1 0.8
v -0.4 2.1 -0.8
v -0.4 2.1 -0.9
v -0.3 1.4 1.3
v -0.3 1.4 1.1
v -0.3 1.4 -1.1
v -0.3 1.4 -1.3
v -0.3 1.5 1.3
v -0.3 1.5 1.1
v -0.3 1.5 -1.1
v -0.3 1.5 -1.3
v -0.3 2.2 1.1
v -0.3 2.2 0.9
v -0.3 2.2 -0.9
v -0.3 2.2 -1.1
v -0.3 2.3 1.1
v -0.3 2.3 0.9
v -0.3 2.3 -0.9
v -0.3 2.3 -1.1
v -0.3 2.7 0.7
v -0.3 2.7 0.6
v -0.3 2.7 -0.6
v -0.3 2.7 -0.7
v -0.3 2.9 0.7
v -0.3 2.9 0.6
v -0.3 2.9 -0.6
v -0.3 2.9 -0.7
v -0.3 3 0.9
v -0.3 3 0.7
v -0.3 3 -0.7
v -0.3 3 -0.9
v -0.3 3.1 0.9
v -0.3 3.1 0.7
v -0.3 3.1 -0.7
v -0.3 3.1 -0.9
v -0.2 1.1 1.1
v -0.2 1.1 1
v -0.2 1.1 -1
v -0.2 1.1 -1.1
v -0.2 1.3 1.1
v -0.2 1.3 1
v -0.2 1.3 -1
v -0.2 1.3 -1.1
v -0.1 1.4 1.3
v -0.1 1.4 1.1
v -0.1 1.4 -1.1
v -0.1 1.4 -1.3
v -0.1 1.5 1.3
v -0.1 1.5 1.1
v -0.1 1.5 -1.1
v -0.1 1.5 -1.3
v -0.1 2.2 1.1
v -0.1 2.2 0.9
v -0.1 2.2 -0.9
v -0.1 2.2 -1.1
v -0.1 2.3 1.1
v -0.1 2.3 0.9
v -0.1 2.3 -0.9
v -0.1 2.3 -1.1
v -0.1 3 0.9
v -0.1 3 0.7
v -0.1 3 -0.7
v -0.1 3 -0.9
v -0.1 3.1 0.9
v -0.1 3.1 0.7
v -0.1 3.1 -0.7
v -0.1 3.1 -0.9
v 0.0999999 1.9 0.9
v 0.0999999 1.9 0.8
v 0.0999999 1.9 -0.8
v 0.0999999 1.9 -0.9
v 0.0999999 2.1 0.9
v 0.0999999 2.1 0.8
v 0.0999999 2.1 -0.8
v 0.0999999 2.1 -0.9
v 0.0999999 2.7 0.7
v 0.0999999 2.7 0.6
v 0.0999999 2.7 -0.6
v 0.0999999 2.7 -0.7
v 0.0999999 2.9 0.7
v 0.0999999 2.9 0.6
v 0.0999999 2.9 -0.6
v 0.0999999 2.9 -0.7
v 0.2 1.4 1.3
v 0.2 1.4 1.1
v 0.2 1.4 -1.1
v 0.2 1.4 -1.3
v 0.2 1.5 1.3
v 0.2 1.5 1.1
v 0.2 1.5 -1.1
v 0.2 1.5 -1.3
v 0.2 2.2 1.1
v 0.2 2.2 0.9
v 0.2 2.2 -0.9
v 0.2 2.2 -1.1
v 0.2 2.3 1.1
v 0.2 2.3 0.9
v 0.2 2.3 -0.9
v 0.2 2.3 -1.1
v 0.2 3 0.9
v 0.2 3 0.7
v 0.2 3 -0.7
v 0.2 3 -0.9
v 0.2 3.1 0.9
v 0.2 3.1 0.7
v 0.2 3.1 -0.7
v 0.2 3.1 -0.9
v 0.3 0.2 0.5
v 0.3 0.2 0.3
v 0.3 0.2 -0.3
v 0.3 0.2 -0.5
v 0.3 1 0.5
v 0.3 1 0.3
v 0.3 1 -0.3
v 0.3 1 -0.5
v 0.4 0.2 0.3
v 0.4 0.2 -0.3
v 0.4 0.9 0.3
v 0.4 0.9 -0.3
v 0.4 1.1 1.1
v 0.4 1.1 1
v 0.4 1.1 -1
v 0.4 1.1 -1.1
v 0.4 1.3 1.1
v 0.4 1.3 1
v 0.4 1.3 -1
v 0.4 1.3 -1.1
v 0.4 1.4 1.3
v 0.4 1.4 1.1
v 0.4 1.4 -1.1
v 0.4 1.4 -1.3
v 0.4 1.5 1.3
v 0.4 1.5 1.1
v 0.4 1.5 -1.1
v 0.4 1.5 -1.3
v 0.4 2.2 1.1
v 0.4 2.2 0.9
v 0.4 2.2 -0.9
v 0.4 2.2 -1.1
v 0.4 2.3 1.1
v 0.4 2.3 0.9
v 0.4 2.3 -0.9
v 0.4 2.3 -1.1
v 0.4 3 0.9
v 0.4 3 0.7
v 0.4 3 -0.7
v 0.4 3 -0.9
v 0.4 3.1 0.9
v 0.4 3.1 0.7
v 0.4 3.1 -0.7
v 0.4 3.1 -0.9
v 0.5 2.7 0.7
v 0.5 2.7 0.6
v 0.5 2.7 -0.6
v 0.5 2.7 -0.7
v 0.5 2.9 0.7
v 0.5 2.9 0.6
v 0.5 2.9 -0.6
v 0.5 2.9 -0.7
v 0.5 3.3 0.8
v 0.5 3.3 0.7
v 0.5 3.3 -0.7
v 0.5 3.3 -0.8
v 0.5 3.4 0.8
v 0.5 3.4 0.7
v 0.5 3.4 0.5
v 0.5 3.4 -0.5
v 0.5 3.4 -0.7
v 0.5 3.4 -0.8
v 0.5 3.5 0.7
v 0.5 3.5 0.6
v 0.5 3.5 0.5
v 0.5 3.5 0.4
v 0.5 3.5 -0.4
v 0.5 3.5 -0.5
v 0.5 3.5 -0.6
v 0.5 3.5 -0.7
v 0.5 3.6 0.6
v 0.5 3.6 0.5
v 0.5 3.6 0.4
v 0.5 3.6 0.3
v 0.5 3.6 -0.3
v 0.5 3.6 -0.4
v 0.5 3.6 -0.5
v 0.5 3.6 -0.6
v 0.5 3.7 0.5
v 0.5 3.7 0.4
v 0.5 3.7 0.3
v 0.5 3.7 0.2
v 0.5 3.7 -0.2
v 0.5 3.7 -0.3
v 0.5 3.7 -0.4
v 0.5 3.7 -0.5
v 0.5 3.8 0.4
v 0.5 3.8 0.3
v 0.5 3.8 0.2
v 0.5 3.8 0.1
v 0.5 3.8 -0.1
v 0.5 3.8 -0.2
v 0.5 3.8 -0.3
v 0.5 3.8 -0.4
v 0.5 3.9 0.3
v 0.5 3.9 0.2
v 0.5 3.9 -0.2
v 0.5 3.9 -0.3
v 0.5 4 0.2
v 0.5 4 0.1
v 0.5 4 -0.1
v 0.5 4 -0.2
v 0.6 1.4 1.3
v 0.6 1.4 1.1
v 0.6 1.4 -1.1
v 0.6 1.4 -1.3
v 0.6 1.5 1.3
v 0.6 1.5 1.1
v 0.6 1.5 -1.1
v 0.6 1.5 -1.3
v 0.6 1.9 0.9
v 0.6 1.9 0.8
v 0.6 1.9 -0.8
v 0.6 1.9 -0.9
v 0.6 2.1 0.9
v 0.6 2.1 0.8
v 0.6 2.1 -0.8
v 0.6 2.1 -0.9
v 0.6 2.2 1.1
v 0.6 2.2 0.9
v 0.6 2.2 -0.9
v 0.6 2.2 -1.1
v 0.6 2.3 1.1
v 0.6 2.3 0.9
v 0.6 2.3 -0.9
v 0.6 2.3 -1.1
v 0.6 3 0.9
v 0.6 3 0.7
v 0.6 3 -0.7
v 0.6 3 -0.9
v 0.6 3.1 0.9
v 0.6 3.1 0.7
v 0.6 3.1 -0.7
v 0.6 3.1 -0.9
v 0.6 3.4 0.3
v 0.6 3.4 -0.3
v 0.6 3.5 0.3
v 0.6 3.5 0.2
v 0.6 3.5 -0.2
v 0.6 3.5 -0.3
v 0.6 3.6 0.2
v 0.6 3.6 -0.2
v 0.7 2.4 0.5
v 0.7 2.4 -0.5
v 0.7 2.6 0.5
v 0.7 2.6 -0.5
v 0.7 3.2 0.5
v 0.7 3.2 -0.5
v 0.7 3.4 0.6
v 0.7 3.4 0.5
v 0.7 3.4 0.3
v 0.7 3.4 -0.3
v 0.7 3.5 0.6
v 0.7 3.5 0.4
v 0.7 3.5 0.3
v 0.7 3.5 0.2
v 0.7 3.5 -0.2
v 0.7 3.5 -0.3
v 0.7 3.5 -0.4
v 0.7 3.5 -0.5
v 0.7 3.6 0.4
v 0.7 3.6 0.3
v 0.7 3.6 0.2
v 0.7 3.6 -0.2
v 0.7 3.6 -0.3
v 0.7 3.6 -0.4
v 0.7 3.7 0.3
v 0.7 3.7 0.2
v 0.7 3.7 -0.2
v 0.7 3.7 -0.3
v 0.7 3.8 0.2
v 0.7 3.8 -0.2
v 0.7 4 0.1
v 0.7 4 -0.1
v 0.7 4.1 0.1
v 0.7 4.1 -0.1
v 0.7 4.3 0.1
v 0.7 4.3 -0.1
v 0.7 4.4 0.1
v 0.7 4.4 -0.1
v 0.8 1.4 1.3
v 0.8 1.4 1.1
v 0.8 1.4 -1.1
v 0.8 1.4 -1.3
v 0.8 1.5 1.3
v 0.8 1.5 1.1
v 0.8 1.5 -1.1
v 0.8 1.5 -1.3
v 0.8 2.2 1.1
v 0.8 2.2 0.9
v 0.8 2.2 -0.9
v 0.8 2.2 -1.1
v 0.8 2.3 1.1
v 0.8 2.3 0.9
v 0.8 2.3 -0.6
v 0.8 2.3 -0.7
v 0.8 2.3 -0.9
v 0.8 2.3 -1.1
v 0.8 2.4 -0.6
v 0.8 2.4 -0.7
v 0.8 3 0.9
v 0.8 3 0.7
v 0.8 3 -0.7
v 0.8 3 -0.9
v 0.8 3.1 0.9
v 0.8 3.1 0.7
v 0.8 3.1 -0.7
v 0.8 3.1 -0.9
v 0.8 3.2 1
v 0.8 3.2 0.9
v 0.8 3.2 -0.9
v 0.8 3.2 -1
v 0.8 3.3 1
v 0.8 3.3 0.9
v 0.8 3.3 0.8
v 0.8 3.3 0.7
v 0.8 3.3 -0.7
v 0.8 3.3 -0.8
v 0.8 3.3 -0.9
v 0.8 3.3 -1
v 0.8 3.4 0.8
v 0.8 3.4 0.7
v 0.8 3.4 0.6
v 0.8 3.4 -0.6
v 0.8 3.4 -0.7
v 0.8 3.4 -0.8
v 0.8 3.5 0.7
v 0.8 3.5 0.6
v 0.8 3.5 -0.6
v 0.8 3.5 -0.7
v 0.8 4.1 0.1
v 0.8 4.1 -0.1
v 0.8 4.3 0.1
v 0.8 4.3 -0.1
v 0.9 1.6 0.7
v 0.9 1.6 -0.7
v 0.9 1.8 0.7
v 0.9 1.8 -0.7
v 0.9 2.3 -0.6
v 0.9 2.3 -0.7
v 0.9 2.4 0.7
v 0.9 2.4 -0.6
v 0.9 2.6 0.8
v 0.9 2.6 0.7
v 0.9 2.6 -0.7
v 0.9 2.6 -0.8
v 0.9 2.7 0.8
v 0.9 2.7 0.7
v 0.9 2.7 -0.7
v 0.9 2.7 -0.8
v 0.9 3.2 1.1
v 0.9 3.2 1
v 0.9 3.2 -1
v 0.9 3.2 -1.1
v 0.9 3.3 1.1
v 0.9 3.3 1
v 0.9 3.3 0.9
v 0.9 3.3 0.8
v 0.9 3.3 -0.8
v 0.9 3.3 -0.9
v 0.9 3.3 -1
v 0.9 3.3 -1.1
v 0.9 3.4 0.9
v 0.9 3.4 0.8
v 0.9 3.4 0.7
v 0.9 3.4 -0.7
v 0.9 3.4 -0.8
v 0.9 3.4 -0.9
v 0.9 3.5 0.8
v 0.9 3.5 0.7
v 0.9 3.5 -0.7
v 0.9 3.5 -0.8
v 1 1.1 1.1
v 1 1.1 1
v 1 1.1 -1
v 1 1.1 -1.1
v 1 1.3 1.1
v 1 1.3 1
v 1 1.3 -1
v 1 1.3 -1.1
v 1 1.4 1.3
v 1 1.4 1.1
v 1 1.4 -1.1
v 1 1.4 -1.3
v 1 1.5 1.3
v 1 1.5 1.1
v 1 1.5 -0.8
v 1 1.5 -0.9
v 1 1.5 -1.1
v 1 1.5 -1.3
v 1 1.6 -0.8
v 1 1.6 -0.9
v 1 2.2 1.1
v 1 2.2 0.9
v 1 2.2 -0.9
v 1 2.2 -1.1
v 1 2.3 1.1
v 1 2.3 0.9
v 1 2.3 -0.9
v 1 2.3 -1.1
v 1 2.4 1.2
v 1 2.4 1.1
v 1 2.4 -1.1
v 1 2.4 -1.2
v 1 2.5 1.2
v 1 2.5 1.1
v 1 2.5 1
v 1 2.5 0.9
v 1 2.5 -0.9
v 1 2.5 -1
v 1 2.5 -1.1
v 1 2.5 -1.2
v 1 2.6 1
v 1 2.6 0.9
v 1 2.6 0.8
v 1 2.6 -0.8
v 1 2.6 -0.9
v 1 2.6 -1
v 1 2.7 0.9
v 1 2.7 0.8
v 1 2.7 -0.8
v 1 2.7 -0.9
v 1 3.3 1
v 1 3.3 0.9
v 1 3.3 -0.9
v 1 3.3 -1
v 1 3.4 1
v 1 3.4 0.9
v 1 3.4 -0.9
v 1 3.4 -1
v 1.1 0.2 0.9
v 1.1 0.2 0.5
v 1.1 0.2 -0.5
v 1.1 0.2 -0.9
v 1.1 0.9 0.9
v 1.1 0.9 0.5
v 1.1 0.9 0.3
v 1.1 0.9 -0.3
v 1.1 0.9 -0.5
v 1.1 0.9 -0.9
v 1.1 1 0.9
v 1.1 1 0.3
v 1.1 1 -0.3
v 1.1 1 -0.9
v 1.1 1.5 -0.8
v 1.1 1.5 -0.9
v 1.1 1.6 0.9
v 1.1 1.6 -0.8
v 1.1 1.8 1
v 1.1 1.8 0.9
v 1.1 1.8 -0.9
v 1.1 1.8 -1
v 1.1 1.9 1
v 1.1 1.9 0.9
v 1.1 1.9 -0.9
v 1.1 1.9 -1
v 1.1 2.4 1.3
v 1.1 2.4 1.2
v 1.1 2.4 -1.2
v 1.1 2.4 -1.3
v 1.1 2.5 1.3
v 1.1 2.5 1.2
v 1.1 2.5 1.1
v 1.1 2.5 1
v 1.1 2.5 -1
v 1.1 2.5 -1.1
v 1.1 2.5 -1.2
v 1.1 2.5 -1.3
v 1.1 2.6 1.1
v 1.1 2.6 1
v 1.1 2.6 0.9
v 1.1 2.6 -0.9
v 1.1 2.6 -1
v 1.1 2.6 -1.1
v 1.1 2.7 1
v 1.1 2.7 0.9
v 1.1 2.7 -0.9
v 1.1 2.7 -1
v 1.1 3.3 1.1
v 1.1 3.3 1
v 1.1 3.3 -1
v 1.1 3.3 -1.1
v 1.1 3.4 1.1
v 1.1 3.4 1
v 1.1 3.4 -1
v 1.1 3.4 -1.1
v 1.2 1.4 1.3
v 1.2 1.4 1.1
v 1.2 1.4 -1.1
v 1.2 1.4 -1.3
v 1.2 1.5 1.3
v 1.2 1.5 1.1
v 1.2 1.5 -1.1
v 1.2 1.5 -1.3
v 1.2 1.6 1.4
v 1.2 1.6 1.3
v 1.2 1.6 -1.3
v 1.2 1.6 -1.4
v 1.2 1.7 1.4
v 1.2 1.7 1.3
v 1.2 1.7 1.2
v 1.2 1.7 1.1
v 1.2 1.7 -1.1
v 1.2 1.7 -1.2
v 1.2 1.7 -1.3
v 1.2 1.7 -1.4
v 1.2 1.8 1.2
v 1.2 1.8 1.1
v 1.2 1.8 1
v 1.2 1.8 -1
v 1.2 1.8 -1.1
v 1.2 1.8 -1.2
v 1.2 1.9 1.1
v 1.2 1.9 1
v 1.2 1.9 -1
v 1.2 1.9 -1.1
v 1.2 2.5 1.2
v 1.2 2.5 1.1
v 1.2 2.5 -1.1
v 1.2 2.5 -1.2
v 1.2 2.6 1.2
v 1.2 2.6 1.1
v 1.2 2.6 -1.1
v 1.2 2.6 -1.2
v 1.2 3.4 1.1
v 1.2 3.4 1
v 1.2 3.4 -1
v 1.2 3.4 -1.1
v 1.2 3.5 1.1
v 1.2 3.5 1
v 1.2 3.5 -1
v 1.2 3.5 -1.1
v 1.3 1.6 1.5
v 1.3 1.6 1.4
v 1.3 1.6 -1.4
v 1.3 1.6 -1.5
v 1.3 1.7 1.5
v 1.3 1.7 1.4
v 1.3 1.7 1.3
v 1.3 1.7 1.2
v 1.3 1.7 -1.2
v 1.3 1.7 -1.3
v 1.3 1.7 -1.4
v 1.3 1.7 -1.5
v 1.3 1.8 1.3
v 1.3 1.8 1.2
v 1.3 1.8 1.1
v 1.3 1.8 -1.1
v 1.3 1.8 -1.2
v 1.3 1.8 -1.3
v 1.3 1.9 1.2
v 1.3 1.9 1.1
v 1.3 1.9 -1.1
v 1.3 1.9 -1.2
v 1.3 2.5 1.3
v 1.3 2.5 1.2
v 1.3 2.5 -1.2
v 1.3 2.5 -1.3
v 1.3 2.6 1.3
v 1.3 2.6 1.2
v 1.3 2.6 -1.2
v 1.3 2.6 -1.3
v 1.4 1.7 1.4
v 1.4 1.7 1.3
v 1.4 1.7 -1.3
v 1.4 1.7 -1.4
v 1.4 1.8 1.4
v 1.4 1.8 1.3
v 1.4 1.8 -1.3
v 1.4 1.8 -1.4
v 1.4 2.6 1.3
v 1.4 2.6 1.2
v 1.4 2.6 -1.2
v 1.4 2.6 -1.3
v 1.4 2.7 1.3
v 1.4 2.7 1.2
v 1.4 2.7 -1.2
v 1.4 2.7 -1.3
v 1.5 1.7 1.5
v 1.5 1.7 1.4
v 1.5 1.7 -1.4
v 1.5 1.7 -1.5
v 1.5 1.8 1.5
v 1.5 1.8 1.4
v 1.5 1.8 -1.4
v 1.5 1.8 -1.5
v 1.6 1.8 1.5
v 1.6 1.8 1.4
v 1.6 1.8 -1.4
v 1.6 1.8 -1.5
v 1.6 1.9 1.5
v 1.6 1.9 1.4
v 1.6 1.9 -1.4
v 1.6 1.9 -1.5
v -1.6 1.8 1.5
v -1.6 1.8 1.4
v -1.6 1.8 -1.4
v -1.6 1.8 -1.5
v -1.6 1.9 1.5
v -1.6 1.9 1.4
v -1.6 1.9 -1.4
v -1.6 1.9 -1.5
v -1.5 1.7 1.5
v -1.5 1.7 1.4
v -1.5 1.7 -1.4
v -1.5 1.7 -1.5
v -1.5 1.8 1.5
v -1.5 1.8 1.4
v -1.5 1.8 -1.4
v -1.5 1.8 -1.5
v -1.4 1.7 1.4
v -1.4 1.7 1.3
v -1.4 1.7 -1.3
v -1.4 1.7 -1.4
v -1.4 1.8 1.4
v -1.4 1.8 1.3
v -1.4 1.8 -1.3
v -1.4 1.8 -1.4
v -1.4 2.6 1.3
v -1.4 2.6 1.2
v -1.4 2.6 -1.2
v -1.4 2.6 -1.3
v -1.4 2.7 1.3
v -1.4 2.7 1.2
v -1.4 2.7 -1.2
v -1.4 2.7 -1.3
v -1.3 1.6 1.5
v -1.3 1.6 1.4
v -1.3 1.6 -1.4
v -1.3 1.6 -1.5
v -1.3 1.7 1.5
v -1.3 1.7 1.4
v -1.3 1.7 1.3
v -1.3 1.7 1.2
v -1.3 1.7 -1.2
v -1.3 1.7 -1.3
v -1.3 1.7 -1.4
v -1.3 1.7 -1.5
v -1.3 1.8 1.3
v -1.3 1.8 1.2
v -1.3 1.8 1.1
v -1.3 1.8 -1.1
v -1.3 1.8 -1.2
v -1.3 1.8 -1.3
v -1.3 1.9 1.2
v -1.3 1.9 1.1
v -1.3 1.9 -1.1
v -1.3 1.9 -1.2
v -1.3 2.5 1.3
v -1.3 2.5 1.2
v -1.3 2.5 -1.2
v -1.3 2.5 -1.3
v -1.3 2.6 1.3
v -1.3 2.6 1.2
v -1.3 2.6 -1.2
v -1.3 2.6 -1.3
v -1.2 1.4 1.3
v -1.2 1.4 1.1
v -1.2 1.4 -1.1
v -1.2 1.4 -1.3
v -1.2 1.5 1.3
v -1.2 1.5 1.1
v -1.2 1.5 -1.1
v -1.2 1.5 -1.3
v -1.2 1.6 1.4
v -1.2 1.6 1.3
v -1.2 1.6 -1.3
v -1.2 1.6 -1.4
v -1.2 1.7 1.4
v -1.2 1.7 1.3
v -1.2 1.7 1.2
v -1.2 1.7 1.1
v -1.2 1.7 -1.1
v -1.2 1.7 -1.2
v -1.2 1.7 -1.3
v -1.2 1.7 -1.4
v -1.2 1.8 1.2
v -1.2 1.8 1.1
v -1.2 1.8 1
v -1.2 1.8 -1
v -1.2 1.8 -1.1
v -1.2 1.8 -1.2
v -1.2 1.9 1.1
v -1.2 1.9 1
v -1.2 1.9 -1
v -1.2 1.9 -1.1
v -1.2 2.5 1.2
v -1.2 2.5 1.1
v -1.2 2.5 -1.1
v -1.2 2.5 -1.2
v -1.2 2.6 1.2
v -1.2 2.6 1.1
v -1.2 2.6 -1.1
v -1.2 2.6 -1.2
v -1.2 3.4 1.1
v -1.2 3.4 1
v -1.2 3.4 -1
v -1.2 3.4 -1.1
v -1.2 3.5 1.1
v -1.2 3.5 1
v -1.2 3.5 -1
v -1.2 3.5 -1.1
v -1.1 0.2 0.9
v -1.1 0.2 -0.9
v -1.1 0.8 -0.7
v -1.1 0.8 -0.9
v -1.1 0.9 0.9
v -1.1 0.9 -0.7
v -1.1 1 0.9
v -1.1 1 -0.9
v -1.1 1.5 0.9
v -1.1 1.5 0.8
v -1.1 1.6 0.8
v -1.1 1.6 -0.9
v -1.1 1.8 1
v -1.1 1.8 0.9
v -1.1 1.8 -0.9
v -1.1 1.8 -1
v -1.1 1.9 1
v -1.1 1.9 0.9
v -1.1 1.9 -0.9
v -1.1 1.9 -1
v -1.1 2.4 1.3
v -1.1 2.4 1.2
v -1.1 2.4 -1.2
v -1.1 2.4 -1.3
v -1.1 2.5 1.3
v -1.1 2.5 1.2
v -1.1 2.5 1.1
v -1.1 2.5 1
v -1.1 2.5 -1
v -1.1 2.5 -1.1
v -1.1 2.5 -1.2
v -1.1 2.5 -1.3
v -1.1 2.6 1.1
v -1.1 2.6 1
v -1.1 2.6 0.9
v -1.1 2.6 -0.9
v -1.1 2.6 -1
v -1.1 2.6 -1.1
v -1.1 2.7 1
v -1.1 2.7 0.9
v -1.1 2.7 -0.9
v -1.1 2.7 -1
v -1.1 3.3 1.1
v -1.1 3.3 1
v -1.1 3.3 -1
v -1.1 3.3 -1.1
v -1.1 3.4 1.1
v -1.1 3.4 1
v -1.1 3.4 -1
v -1.1 3.4 -1.1
v -1 1.1 1.1
v -1 1.1 1
v -1 1.1 -1
v -1 1.1 -1.1
v -1 1.3 1.1
v -1 1.3 1
v -1 1.3 -1
v -1 1.3 -1.1
v -1 1.4 1.3
v -1 1.4 1.1
v -1 1.4 -1.1
v -1 1.4 -1.3
v -1 1.5 1.3
v -1 1.5 1.1
v -1 1.5 0.9
v -1 1.5 0.8
v -1 1.5 -1.1
v -1 1.5 -1.3
v -1 1.6 0.9
v -1 1.6 0.8
v -1 2.2 1.1
v -1 2.2 0.9
v -1 2.2 -0.9
v -1 2.2 -1.1
v -1 2.3 1.1
v -1 2.3 0.9
v -1 2.3 -0.9
v -1 2.3 -1.1
v -1 2.4 1.2
v -1 2.4 1.1
v -1 2.4 -1.1
v -1 2.4 -1.2
v -1 2.5 1.2
v -1 2.5 1.1
v -1 2.5 1
v -1 2.5 0.9
v -1 2.5 -0.9
v -1 2.5 -1
v -1 2.5 -1.1
v -1 2.5 -1.2
v -1 2.6 1
v -1 2.6 0.9
v -1 2.6 0.8
v -1 2.6 -0.8
v -1 2.6 -0.9
v -1 2.6 -1
v -1 2.7 0.9
v -1 2.7 0.8
v -1 2.7 -0.8
v -1 2.7 -0.9
v -1 3.3 1
v -1 3.3 0.9
v -1 3.3 -0.9
v -1 3.3 -1
v -1 3.4 1
v -1 3.4 0.9
v -1 3.4 -0.9
v -1 3.4 -1
v -0.9 1.6 0.7
v -0.9 1.6 -0.7
v -0.9 1.8 0.7
v -0.9 1.8 -0.7
v -0.9 2.3 0.7
v -0.9 2.3 0.6
v -0.9 2.4 0.6
v -0.9 2.4 -0.7
v -0.9 2.6 0.8
v -0.9 2.6 0.7
v -0.9 2.6 -0.7
v -0.9 2.6 -0.8
v -0.9 2.7 0.8
v -0.9 2.7 0.7
v -0.9 2.7 -0.7
v -0.9 2.7 -0.8
v -0.9 3.2 1.1
v -0.9 3.2 1
v -0.9 3.2 -1
v -0.9 3.2 -1.1
v -0.9 3.3 1.1
v -0.9 3.3 1
v -0.9 3.3 0.9
v -0.9 3.3 0.8
v -0.9 3.3 -0.8
v -0.9 3.3 -0.9
v -0.9 3.3 -1
v -0.9 3.3 -1.1
v -0.9 3.4 0.9
v -0.9 3.4 0.8
v -0.9 3.4 0.7
v -0.9 3.4 -0.7
v -0.9 3.4 -0.8
v -0.9 3.4 -0.9
v -0.9 3.5 0.8
v -0.9 3.5 0.7
v -0.9 3.5 -0.7
v -0.9 3.5 -0.8
v -0.8 1.4 1.3
v -0.8 1.4 1.1
v -0.8 1.4 -1.1
v -0.8 1.4 -1.3
v -0.8 1.5 1.3
v -0.8 1.5 1.1
v -0.8 1.5 -1.1
v -0.8 1.5 -1.3
v -0.8 2.2 1.1
v -0.8 2.2 0.9
v -0.8 2.2 -0.9
v -0.8 2.2 -1.1
v -0.8 2.3 1.1
v -0.8 2.3 0.9
v -0.8 2.3 0.7
v -0.8 2.3 0.6
v -0.8 2.3 -0.9
v -0.8 2.3 -1.1
v -0.8 2.4 0.7
v -0.8 2.4 0.6
v -0.8 3 0.9
v -0.8 3 0.7
v -0.8 3 -0.7
v -0.8 3 -0.9
v -0.8 3.1 0.9
v -0.8 3.1 0.7
v -0.8 3.1 -0.7
v -0.8 3.1 -0.9
v -0.8 3.2 1
v -0.8 3.2 0.9
v -0.8 3.2 -0.9
v -0.8 3.2 -1
v -0.8 3.3 1
v -0.8 3.3 0.9
v -0.8 3.3 0.8
v -0.8 3.3 0.7
v -0.8 3.3 -0.7
v -0.8 3.3 -0.8
v -0.8 3.3 -0.9
v -0.8 3.3 -1
v -0.8 3.4 0.8
v -0.8 3.4 0.7
v -0.8 3.4 0.6
v -0.8 3.4 -0.6
v -0.8 3.4 -0.7
v -0.8 3.4 -0.8
v -0.8 3.5 0.7
v -0.8 3.5 0.6
v -0.8 3.5 -0.6
v -0.8 3.5 -0.7
v -0.8 4.1 0.1
v -0.8 4.1 -0.1
v -0.8 4.3 0.1
v -0.8 4.3 -0.1
v -0.7 0.2 0.5
v -0.7 0.2 -0.5
v -0.7 1 0.5
v -0.7 1 -0.5
v -0.7 2.4 0.5
v -0.7 2.4 -0.5
v -0.7 2.6 0.5
v -0.7 2.6 -0.5
v -0.7 3.2 0.5
v -0.7 3.2 -0.5
v -0.7 3.4 0.6
v -0.7 3.4 0.5
v -0.7 3.4 0.3
v -0.7 3.4 -0.3
v -0.7 3.5 0.6
v -0.7 3.5 0.4
v -0.7 3.5 0.3
v -0.7 3.5 0.2
v -0.7 3.5 -0.2
v -0.7 3.5 -0.3
v -0.7 3.5 -0.4
v -0.7 3.5 -0.5
v -0.7 3.6 0.4
v -0.7 3.6 0.3
v -0.7 3.6 0.2
v -0.7 3.6 -0.2
v -0.7 3.6 -0.3
v -0.7 3.6 -0.4
v -0.7 3.7 0.3
v -0.7 3.7 0.2
v -0.7 3.7 -0.2
v -0.7 3.7 -0.3
v -0.7 3.8 0.2
v -0.7 3.8 -0.2
v -0.7 4 0.1
v -0.7 4 -0.1
v -0.7 4.1 0.1
v -0.7 4.1 -0.1
v -0.7 4.3 0.1
v -0.7 4.3 -0.1
v -0.7 4.4 0.1
v -0.7 4.4 -0.1
v -0.6 1.4 1.3
v -0.6 1.4 1.1
v -0.6 1.4 -1.1
v -0.6 1.4 -1.3
v -0.6 1.5 1.3
v -0.6 1.5 1.1
v -0.6 1.5 -1.1
v -0.6 1.5 -1.3
v -0.6 1.9 0.9
v -0.6 1.9 0.8
v -0.6 1.9 -0.8
v -0.6 1.9 -0.9
v -0.6 2.1 0.9
v -0.6 2.1 0.8
v -0.6 2.1 -0.8
v -0.6 2.1 -0.9
v -0.6 2.2 1.1
v -0.6 2.2 0.9
v -0.6 2.2 -0.9
v -0.6 2.2 -1.1
v -0.6 2.3 1.1
v -0.6 2.3 0.9
v -0.6 2.3 -0.9
v -0.6 2.3 -1.1
v -0.6 3 0.9
v -0.6 3 0.7
v -0.6 3 -0.7
v -0.6 3 -0.9
v -0.6 3.1 0.9
v -0.6 3.1 0.7
v -0.6 3.1 -0.7
v -0.6 3.1 -0.9
v -0.6 3.4 0.3
v -0.6 3.4 -0.3
v -0.6 3.5 0.3
v -0.6 3.5 0.2
v -0.6 3.5 -0.2
v -0.6 3.5 -0.3
v -0.6 3.6 0.2
v -0.6 3.6 -0.2
v -0.5 2.7 0.7
v -0.5 2.7 0.6
v -0.5 2.7 -0.6
v -0.5 2.7 -0.7
v -0.5 2.9 0.7
v -0.5 2.9 0.6
v -0.5 2.9 -0.6
v -0.5 2.9 -0.7
v -0.5 3.3 0.8
v -0.5 3.3 0.7
v -0.5 3.3 -0.7
v -0.5 3.3 -0.8
v -0.5 3.4 0.8
v -0.5 3.4 0.7
v -0.5 3.4 0.5
v -0.5 3.4 -0.5
v -0.5 3.4 -0.7
v -0.5 3.4 -0.8
v -0.5 3.5 0.7
v -0.5 3.5 0.6
v -0.5 3.5 0.5
v -0.5 3.5 0.4
v -0.5 3.5 -0.4
v -0.5 3.5 -0.5
v -0.5 3.5 -0.6
v -0.5 3.5 -0.7
v -0.5 3.6 0.6
v -0.5 3.6 0.5
v -0.5 3.6 0.4
v -0.5 3.6 0.3
v -0.5 3.6 -0.3
v -0.5 3.6 -0.4
v -0.5 3.6 -0.5
v -0.5 3.6 -0.6
v -0.5 3.7 0.5
v -0.5 3.7 0.4
v -0.5 3.7 0.3
v -0.5 3.7 0.2
v -0.5 3.7 -0.2
v -0.5 3.7 -0.3
v -0.5 3.7 -0.4
v -0.5 3.7 -0.5
v -0.5 3.8 0.4
v -0.5 3.8 0.3
v -0.5 3.8 0.2
v -0.5 3.8 0.1
v -0.5 3.8 -0.1
v -0.5 3.8 -0.2
v -0.5 3.8 -0.3
v -0.5 3.8 -0.4
v -0.5 3.9 0.3
v -0.5 3.9 0.2
v -0.5 3.9 -0.2
v -0.5 3.9 -0.3
v -0.5 4 0.2
v -0.5 4 0.1
v -0.5 4 -0.1
v -0.5 4 -0.2
v -0.4 1.1 1.1
v -0.4 1.1 1
v -0.4 1.1 -1
v -0.4 1.1 -1.1
v -0.4 1.3 1.1
v -0.4 1.3 1
v -0.4 1.3 -1
v -0.4 1.3 -1.1
v -0.4 1.4 1.3
v -0.4 1.4 1.1
v -0.4 1.4 -1.1
v -0.4 1.4 -1.3
v -0.4 1.5 1.3
v -0.4 1.5 1.1
v -0.4 1.5 -1.1
v -0.4 1.5 -1.3
v -0.4 2.2 1.1
v -0.4 2.2 0.9
v -0.4 2.2 -0.9
v -0.4 2.2 -1.1
v -0.4 2.3 1.1
v -0.4 2.3 0.9
v -0.4 2.3 -0.9
v -0.4 2.3 -1.1
v -0.4 3 0.9
v -0.4 3 0.7
v -0.4 3 -0.7
v -0.4 3 -0.9
v -0.4 3.1 0.9
v -0.4 3.1 0.7
v -0.4 3.1 -0.7
v -0.4 3.1 -0.9
v -0.2 1.4 1.3
v -0.2 1.4 1.1
v -0.2 1.4 -1.1
v -0.2 1.4 -1.3
v -0.2 1.5 1.3
v -0.2 1.5 1.1
v -0.2 1.5 -1.1
v -0.2 1.5 -1.3
v -0.2 2.2 1.1
v -0.2 2.2 0.9
v -0.2 2.2 -0.9
v -0.2 2.2 -1.1
v -0.2 2.3 1.1
v -0.2 2.3 0.9
v -0.2 2.3 -0.9
v -0.2 2.3 -1.1
v -0.2 3 0.9
v -0.2 3 0.7
v -0.2 3 -0.7
v -0.2 3 -0.9
v -0.2 3.1 0.9
v -0.2 3.1 0.7
v -0.2 3.1 -0.7
v -0.2 3.1 -0.9
v -0.1 1.9 0.9
v -0.1 1.9 0.8
v -0.1 1.9 -0.8
v -0.1 1.9 -0.9
v -0.1 2.1 0.9
v -0.1 2.1 0.8
v -0.1 2.1 -0.8
v -0.1 2.1 -0.9
v -0.1 2.7 0.7
v -0.1 2.7 0.6
v -0.1 2.7 -0.6
v -0.1 2.7 -0.7
v -0.1 2.9 0.7
v -0.1 2.9 0.6
v -0.1 2.9 -0.6
v -0.1 2.9 -0.7
v 0.0999999 1.4 1.3
v 0.0999999 1.4 1.1
v 0.0999999 1.4 -1.1
v 0.0999999 1.4 -1.3
v 0.0999999 1.5 1.3
v 0.0999999 1.5 1.1
v 0.0999999 1.5 -1.1
v 0.0999999 1.5 -1.3
v 0.0999999 2.2 1.1
v 0.0999999 2.2 0.9
v 0.0999999 2.2 -0.9
v 0.0999999 2.2 -1.1
v 0.0999999 2.3 1.1
v 0.0999999 2.3 0.9
v 0.0999999 2.3 -0.9
v 0.0999999 2.3 -1.1
v 0.0999999 3 0.9
v 0.0999999 3 0.7
v 0.0999999 3 -0.7
v 0.0999999 3 -0.9
v 0.0999999 3.1 0.9
v 0.0999999 3.1 0.7
v 0.0999999 3.1 -0.7
v 0.0999999 3.1 -0.9
v 0.2 1.1 1.1
v 0.2 1.1 1
v 0.2 1.1 -1
v 0.2 1.1 -1.1
v 0.2 1.3 1.1
v 0.2 1.3 1
v 0.2 1.3 -1
v 0.2 1.3 -1.1
v 0.3 0.2 0.7
v 0.3 0.2 0.5
v 0.3 0.2 -0.5
v 0.3 0.2 -0.7
v 0.3 0.8 -0.7
v 0.3 0.8 -0.9
v 0.3 0.9 0.7
v 0.3 0.9 0.5
v 0.3 0.9 -0.5
v 0.3 0.9 -0.9
v 0.3 1.4 1.3
v 0.3 1.4 1.1
v 0.3 1.4 -1.1
v 0.3 1.4 -1.3
v 0.3 1.5 1.3
v 0.3 1.5 1.1
v 0.3 1.5 -1.1
v 0.3 1.5 -1.3
v 0.3 2.2 1.1
v 0.3 2.2 0.9
v 0.3 2.2 -0.9
v 0.3 2.2 -1.1
v 0.3 2.3 1.1
v 0.3 2.3 0.9
v 0.3 2.3 -0.9
v 0.3 2.3 -1.1
v 0.3 2.7 0.7
v 0.3 2.7 0.6
v 0.3 2.7 -0.6
v 0.3 2.7 -0.7
v 0.3 2.9 0.7
v 0.3 2.9 0.6
v 0.3 2.9 -0.6
v 0.3 2.9 -0.7
v 0.3 3 0.9
v 0.3 3 0.7
v 0.3 3 -0.7
v 0.3 3 -0.9
v 0.3 3.1 0.9
v 0.3 3.1 0.7
v 0.3 3.1 -0.7
v 0.3 3.1 -0.9
v 0.4 1.9 0.9
v 0.4 1.9 0.8
v 0.4 1.9 -0.8
v 0.4 1.9 -0.9
v 0.4 2.1 0.9
v 0.4 2.1 0.8
v 0.4 2.1 -0.8
v 0.4 2.1 -0.9
v 0.5 0.2 0.3
v 0.5 0.2 -0.3
v 0.5 0.8 0.3
v 0.5 0.8 -0.3
v 0.5 1.4 1.3
v 0.5 1.4 1.1
v 0.5 1.4 -1.1
v 0.5 1.4 -1.3
v 0.5 1.5 1.3
v 0.5 1.5 1.1
v 0.5 1.5 -1.1
v 0.5 1.5 -1.3
v 0.5 2.2 1.1
v 0.5 2.2 0.9
v 0.5 2.2 -0.9
v 0.5 2.2 -1.1
v 0.5 2.3 1.1
v 0.5 2.3 0.9
v 0.5 2.3 -0.9
v 0.5 2.3 -1.1
v 0.5 3 0.9
v 0.5 3 0.7
v 0.5 3 -0.7
v 0.5 3 -0.9
v 0.5 3.1 0.9
v 0.5 3.1 0.7
v 0.5 3.1 -0.7
v 0.5 3.1 -0.9
v 0.5 3.4 -0.4
v 0.5 3.4 -0.5
v 0.5 3.5 0.4
v 0.5 3.5 0.3
v 0.5 3.5 -0.3
v 0.5 3.5 -0.4
v 0.5 3.5 -0.5
v 0.5 3.6 0.4
v 0.5 3.6 0.3
v 0.5 3.6 0.2
v 0.5 3.6 -0.2
v 0.5 3.6 -0.3
v 0.5 3.6 -0.4
v 0.5 3.7 0.3
v 0.5 3.7 0.2
v 0.5 3.7 0.1
v 0.5 3.7 -0.1
v 0.5 3.7 -0.2
v 0.5 3.7 -0.3
v 0.5 3.8 0.2
v 0.5 3.8 0.1
v 0.5 3.8 -0.1
v 0.5 3.8 -0.2
v 0.6 3.4 0.6
v 0.6 3.4 0.5
v 0.6 3.4 0.4
v 0.6 3.5 0.6
v 0.6 3.5 0.4
v 0.7 1.4 1.3
v 0.7 1.4 1.1
v 0.7 1.4 -1.1
v 0.7 1.4 -1.3
v 0.7 1.5 1.3
v 0.7 1.5 1.1
v 0.7 1.5 -1.1
v 0.7 1.5 -1.3
v 0.7 2.2 1.1
v 0.7 2.2 0.9
v 0.7 2.2 -0.9
v 0.7 2.2 -1.1
v 0.7 2.3 1.1
v 0.7 2.3 0.9
v 0.7 2.3 -0.9
v 0.7 2.3 -1.1
v 0.7 3 0.9
v 0.7 3 0.7
v 0.7 3 -0.7
v 0.7 3 -0.9
v 0.7 3.1 0.9
v 0.7 3.1 0.7
v 0.7 3.1 -0.7
v 0.7 3.1 -0.9
v 0.7 3.3 0.8
v 0.7 3.3 0.7
v 0.7 3.3 -0.7
v 0.7 3.3 -0.8
v 0.7 3.4 0.8
v 0.7 3.4 0.7
v 0.7 3.4 0.6
v 0.7 3.4 0.3
v 0.7 3.4 -0.3
v 0.7 3.4 -0.6
v 0.7 3.4 -0.7
v 0.7 3.4 -0.8
v 0.7 3.5 0.7
v 0.7 3.5 0.6
v 0.7 3.5 0.4
v 0.7 3.5 0.3
v 0.7 3.5 0.2
v 0.7 3.5 -0.2
v 0.7 3.5 -0.3
v 0.7 3.5 -0.4
v 0.7 3.5 -0.6
v 0.7 3.5 -0.7
v 0.7 3.6 0.6
v 0.7 3.6 0.5
v 0.7 3.6 0.4
v 0.7 3.6 0.3
v 0.7 3.6 0.2
v 0.7 3.6 -0.2
v 0.7 3.6 -0.3
v 0.7 3.6 -0.4
v 0.7 3.6 -0.5
v 0.7 3.6 -0.6
v 0.7 3.7 0.5
v 0.7 3.7 0.4
v 0.7 3.7 0.3
v 0.7 3.7 0.2
v 0.7 3.7 -0.2
v 0.7 3.7 -0.3
v 0.7 3.7 -0.4
v 0.7 3.7 -0.5
v 0.7 3.8 0.4
v 0.7 3.8 0.3
v 0.7 3.8 0.2
v 0.7 3.8 0.1
v 0.7 3.8 -0.1
v 0.7 3.8 -0.2
v 0.7 3.8 -0.3
v 0.7 3.8 -0.4
v 0.7 3.9 0.3
v 0.7 3.9 0.2
v 0.7 3.9 -0.2
v 0.7 3.9 -0.3
v 0.7 4 0.2
v 0.7 4 0.1
v 0.7 4 -0.1
v 0.7 4 -0.2
v 0.8 1.1 1.1
v 0.8 1.1 1
v 0.8 1.1 -1
v 0.8 1.1 -1.1
v 0.8 1.3 1.1
v 0.8 1.3 1
v 0.8 1.3 -1
v 0.8 1.3 -1.1
v 0.8 2.7 0.5
v 0.8 2.7 0.3
v 0.8 2.7 0.1
v 0.8 2.7 -0.1
v 0.8 2.7 -0.3
v 0.8 2.7 -0.5
v 0.8 2.9 0.5
v 0.8 2.9 0.3
v 0.8 2.9 0.1
v 0.8 2.9 -0.1
v 0.8 2.9 -0.3
v 0.8 2.9 -0.5
v 0.8 3.4 0.6
v 0.8 3.4 0.5
v 0.8 3.4 -0.5
v 0.8 3.4 -0.6
v 0.8 3.5 0.6
v 0.8 3.5 0.5
v 0.8 3.5 -0.5
v 0.8 3.5 -0.6
v 0.8 3.6 0.1
v 0.8 3.6 -0.1
v 0.8 3.7 0.1
v 0.8 3.7 -0.1
v 0.8 3.9 0.1
v 0.8 3.9 -0.1
v 0.8 4 0.1
v 0.8 4 -0.1
v 0.8 4.3 0.1
v 0.8 4.3 -0.1
v 0.8 4.4 0.1
v 0.8 4.4 -0.1
v 0.9 1.4 1.3
v 0.9 1.4 1.1
v 0.9 1.4 -1.1
v 0.9 1.4 -1.3
v 0.9 1.5 1.3
v 0.9 1.5 1.1
v 0.9 1.5 -1.1
v 0.9 1.5 -1.3
v 0.9 2.2 1.1
v 0.9 2.2 0.9
v 0.9 2.2 -0.9
v 0.9 2.2 -1.1
v 0.9 2.3 1.1
v 0.9 2.3 0.9
v 0.9 2.3 -0.9
v 0.9 2.3 -1.1
v 0.9 2.6 0.7
v 0.9 2.6 -0.7
v 0.9 2.7 0.7
v 0.9 2.7 0.5
v 0.9 2.7 0.3
v 0.9 2.7 0.1
v 0.9 2.7 -0.1
v 0.9 2.7 -0.3
v 0.9 2.7 -0.5
v 0.9 2.7 -0.7
v 0.9 2.9 0.5
v 0.9 2.9 0.3
v 0.9 2.9 0.1
v 0.9 2.9 -0.1
v 0.9 2.9 -0.3
v 0.9 2.9 -0.5
v 0.9 3 0.9
v 0.9 3 0.7
v 0.9 3 0.6
v 0.9 3 0.5
v 0.9 3 0.4
v 0.9 3 0.3
v 0.9 3 0.2
v 0.9 3 0.1
v 0.9 3 -0.1
v 0.9 3 -0.2
v 0.9 3 -0.3
v 0.9 3 -0.4
v 0.9 3 -0.5
v 0.9 3 -0.6
v 0.9 3 -0.7
v 0.9 3 -0.9
v 0.9 3.1 1.1
v 0.9 3.1 0.9
v 0.9 3.1 0.7
v 0.9 3.1 0.6
v 0.9 3.1 0.5
v 0.9 3.1 0.4
v 0.9 3.1 0.3
v 0.9 3.1 0.2
v 0.9 3.1 0.1
v 0.9 3.1 -0.1
v 0.9 3.1 -0.2
v 0.9 3.1 -0.3
v 0.9 3.1 -0.4
v 0.9 3.1 -0.5
v 0.9 3.1 -0.6
v 0.9 3.1 -0.7
v 0.9 3.1 -0.9
v 0.9 3.1 -1.1
v 0.9 3.2 1.1
v 0.9 3.2 0.9
v 0.9 3.2 -0.9
v 0.9 3.2 -1.1
v 0.9 3.3 0.6
v 0.9 3.3 -0.6
v 0.9 3.4 0.7
v 0.9 3.4 0.6
v 0.9 3.4 0.5
v 0.9 3.4 0.3
v 0.9 3.4 -0.3
v 0.9 3.4 -0.5
v 0.9 3.4 -0.6
v 0.9 3.4 -0.7
v 0.9 3.5 0.7
v 0.9 3.5 0.6
v 0.9 3.5 0.5
v 0.9 3.5 0.4
v 0.9 3.5 0.3
v 0.9 3.5 0.2
v 0.9 3.5 -0.2
v 0.9 3.5 -0.3
v 0.9 3.5 -0.4
v 0.9 3.5 -0.5
v 0.9 3.5 -0.6
v 0.9 3.5 -0.7
v 0.9 3.6 0.4
v 0.9 3.6 0.3
v 0.9 3.6 0.2
v 0.9 3.6 0.1
v 0.9 3.6 -0.1
v 0.9 3.6 -0.2
v 0.9 3.6 -0.3
v 0.9 3.6 -0.4
v 0.9 3.7 0.3
v 0.9 3.7 0.2
v 0.9 3.7 0.1
v 0.9 3.7 -0.1
v 0.9 3.7 -0.2
v 0.9 3.7 -0.3
v 0.9 3.8 0.2
v 0.9 3.8 0.1
v 0.9 3.8 -0.1
v 0.9 3.8 -0.2
v 0.9 3.9 0.1
v 0.9 3.9 -0.1
v 0.9 4 0.1
v 0.9 4 -0.1
v 0.9 4.1 0.1
v 0.9 4.1 -0.1
v 0.9 4.2 0.1
v 0.9 4.2 -0.1
v 0.9 4.3 0.1
v 0.9 4.3 -0.1
v 1 1.9 0.6
v 1 1.9 0.4
v 1 1.9 0.1
v 1 1.9 -0.1
v 1 1.9 -0.4
v 1 1.9 -0.6
v 1 2.1 0.6
v 1 2.1 0.4
v 1 2.1 0.1
v 1 2.1 -0.1
v 1 2.1 -0.4
v 1 2.1 -0.6
v 1 2.6 0.8
v 1 2.6 0.7
v 1 2.6 -0.7
v 1 2.6 -0.8
v 1 2.7 0.8
v 1 2.7 0.7
v 1 2.7 -0.7
v 1 2.7 -0.8
v 1 3.3 0.7
v 1 3.3 0.6
v 1 3.3 -0.6
v 1 3.3 -0.7
v 1 3.4 0.8
v 1 3.4 0.7
v 1 3.4 0.6
v 1 3.4 -0.6
v 1 3.4 -0.7
v 1 3.4 -0.8
v 1 3.5 0.8
v 1 3.5 0.7
v 1 3.5 -0.7
v 1 3.5 -0.8
v 1 4.1 0.1
v 1 4.1 -0.1
v 1 4.2 0.1
v 1 4.2 -0.1
v 1.1 1.4 1.3
v 1.1 1.4 1.1
v 1.1 1.4 -1.1
v 1.1 1.4 -1.3
v 1.1 1.5 1.3
v 1.1 1.5 1.1
v 1.1 1.5 -1.1
v 1.1 1.5 -1.3
v 1.1 1.8 0.9
v 1.1 1.8 -0.9
v 1.1 1.9 0.9
v 1.1 1.9 0.6
v 1.1 1.9 0.4
v 1.1 1.9 0.1
v 1.1 1.9 -0.1
v 1.1 1.9 -0.4
v 1.1 1.9 -0.6
v 1.1 1.9 -0.9
v 1.1 2.1 0.6
v 1.1 2.1 0.4
v 1.1 2.1 0.1
v 1.1 2.1 -0.1
v 1.1 2.1 -0.4
v 1.1 2.1 -0.6
v 1.1 2.2 1.1
v 1.1 2.2 0.9
v 1.1 2.2 0.8
v 1.1 2.2 0.7
v 1.1 2.2 0.6
v 1.1 2.2 0.5
v 1.1 2.2 0.4
v 1.1 2.2 0.3
v 1.1 2.2 0.2
v 1.1 2.2 0.1
v 1.1 2.2 -0.1
v 1.1 2.2 -0.2
v 1.1 2.2 -0.3
v 1.1 2.2 -0.4
v 1.1 2.2 -0.5
v 1.1 2.2 -0.6
v 1.1 2.2 -0.7
v 1.1 2.2 -0.8
v 1.1 2.2 -0.9
v 1.1 2.2 -1.1
v 1.1 2.3 1.3
v 1.1 2.3 1.1
v 1.1 2.3 0.9
v 1.1 2.3 0.8
v 1.1 2.3 0.7
v 1.1 2.3 0.6
v 1.1 2.3 0.5
v 1.1 2.3 0.4
v 1.1 2.3 0.3
v 1.1 2.3 0.2
v 1.1 2.3 0.1
v 1.1 2.3 -0.1
v 1.1 2.3 -0.2
v 1.1 2.3 -0.3
v 1.1 2.3 -0.4
v 1.1 2.3 -0.5
v 1.1 2.3 -0.6
v 1.1 2.3 -0.7
v 1.1 2.3 -0.8
v 1.1 2.3 -0.9
v 1.1 2.3 -1.1
v 1.1 2.3 -1.3
v 1.1 2.4 1.3
v 1.1 2.4 1.1
v 1.1 2.4 -1.1
v 1.1 2.4 -1.3
v 1.1 2.5 0.8
v 1.1 2.5 -0.8
v 1.1 2.6 0.9
v 1.1 2.6 0.8
v 1.1 2.6 -0.8
v 1.1 2.6 -0.9
v 1.1 2.7 0.9
v 1.1 2.7 0.8
v 1.1 2.7 -0.8
v 1.1 2.7 -0.9
v 1.1 3 0.7
v 1.1 3 0.6
v 1.1 3 0.5
v 1.1 3 0.4
v 1.1 3 0.3
v 1.1 3 0.2
v 1.1 3 0.1
v 1.1 3 -0.1
v 1.1 3 -0.2
v 1.1 3 -0.3
v 1.1 3 -0.4
v 1.1 3 -0.5
v 1.1 3 -0.6
v 1.1 3 -0.7
v 1.1 3.1 0.9
v 1.1 3.1 0.7
v 1.1 3.1 0.6
v 1.1 3.1 0.5
v 1.1 3.1 0.4
v 1.1 3.1 0.3
v 1.1 3.1 0.2
v 1.1 3.1 0.1
v 1.1 3.1 -0.1
v 1.1 3.1 -0.2
v 1.1 3.1 -0.3
v 1.1 3.1 -0.4
v 1.1 3.1 -0.5
v 1.1 3.1 -0.6
v 1.1 3.1 -0.7
v 1.1 3.1 -0.9
v 1.1 3.2 1.1
v 1.1 3.2 0.9
v 1.1 3.2 0.7
v 1.1 3.2 0.6
v 1.1 3.2 -0.6
v 1.1 3.2 -0.7
v 1.1 3.2 -0.9
v 1.1 3.2 -1.1
v 1.1 3.3 1.1
v 1.1 3.3 0.9
v 1.1 3.3 0.8
v 1.1 3.3 0.7
v 1.1 3.3 0.6
v 1.1 3.3 -0.6
v 1.1 3.3 -0.7
v 1.1 3.3 -0.8
v 1.1 3.3 -0.9
v 1.1 3.3 -1.1
v 1.1 3.4 0.8
v 1.1 3.4 0.7
v 1.1 3.4 -0.7
v 1.1 3.4 -0.8
v 1.2 0.9 1
v 1.2 0.9 -1
v 1.2 1 1
v 1.2 1 -1
v 1.2 1.1 0.7
v 1.2 1.1 0.5
v 1.2 1.1 0.3
v 1.2 1.1 0.1
v 1.2 1.1 -0.1
v 1.2 1.1 -0.3
v 1.2 1.1 -0.5
v 1.2 1.1 -0.7
v 1.2 1.3 0.7
v 1.2 1.3 0.5
v 1.2 1.3 0.3
v 1.2 1.3 0.1
v 1.2 1.3 -0.1
v 1.2 1.3 -0.3
v 1.2 1.3 -0.5
v 1.2 1.3 -0.7
v 1.2 1.8 1
v 1.2 1.8 0.9
v 1.2 1.8 -0.9
v 1.2 1.8 -1
v 1.2 1.9 1
v 1.2 1.9 0.9
v 1.2 1.9 -0.9
v 1.2 1.9 -1
v 1.2 2.5 0.9
v 1.2 2.5 0.8
v 1.2 2.5 -0.8
v 1.2 2.5 -0.9
v 1.2 2.6 1
v 1.2 2.6 0.9
v 1.2 2.6 0.8
v 1.2 2.6 -0.8
v 1.2 2.6 -0.9
v 1.2 2.6 -1
v 1.2 2.7 1
v 1.2 2.7 0.9
v 1.2 2.7 -0.9
v 1.2 2.7 -1
v 1.2 3.2 0.7
v 1.2 3.2 0.6
v 1.2 3.2 -0.6
v 1.2 3.2 -0.7
v 1.2 3.3 0.9
v 1.2 3.3 0.8
v 1.2 3.3 0.7
v 1.2 3.3 0.6
v 1.2 3.3 -0.6
v 1.2 3.3 -0.7
v 1.2 3.3 -0.8
v 1.2 3.3 -0.9
v 1.2 3.4 0.9
v 1.2 3.4 0.8
v 1.2 3.4 -0.8
v 1.2 3.4 -0.9
v 1.3 0.2 1.1
v 1.3 0.2 0.3
v 1.3 0.2 -0.3
v 1.3 0.2 -1.1
v 1.3 0.8 0.3
v 1.3 0.8 -0.3
v 1.3 0.9 1.1
v 1.3 0.9 -1.1
v 1.3 1 1.1
v 1.3 1 -1.1
v 1.3 1.1 0.7
v 1.3 1.1 0.5
v 1.3 1.1 0.3
v 1.3 1.1 0.1
v 1.3 1.1 -0.1
v 1.3 1.1 -0.3
v 1.3 1.1 -0.5
v 1.3 1.1 -0.7
v 1.3 1.3 0.7
v 1.3 1.3 0.5
v 1.3 1.3 0.3
v 1.3 1.3 0.1
v 1.3 1.3 -0.1
v 1.3 1.3 -0.3
v 1.3 1.3 -0.5
v 1.3 1.3 -0.7
v 1.3 1.4 1.3
v 1.3 1.4 1.1
v 1.3 1.4 1
v 1.3 1.4 0.9
v 1.3 1.4 0.8
v 1.3 1.4 0.7
v 1.3 1.4 0.6
v 1.3 1.4 0.5
v 1.3 1.4 0.4
v 1.3 1.4 0.3
v 1.3 1.4 0.2
v 1.3 1.4 0.1
v 1.3 1.4 -0.1
v 1.3 1.4 -0.2
v 1.3 1.4 -0.3
v 1.3 1.4 -0.4
v 1.3 1.4 -0.5
v 1.3 1.4 -0.6
v 1.3 1.4 -0.7
v 1.3 1.4 -0.8
v 1.3 1.4 -0.9
v 1.3 1.4 -1
v 1.3 1.4 -1.1
v 1.3 1.4 -1.3
v 1.3 1.5 1.5
v 1.3 1.5 1.3
v 1.3 1.5 1.1
v 1.3 1.5 1
v 1.3 1.5 0.9
v 1.3 1.5 0.8
v 1.3 1.5 0.7
v 1.3 1.5 0.6
v 1.3 1.5 0.5
v 1.3 1.5 0.4
v 1.3 1.5 0.3
v 1.3 1.5 0.2
v 1.3 1.5 0.1
v 1.3 1.5 -0.1
v 1.3 1.5 -0.2
v 1.3 1.5 -0.3
v 1.3 1.5 -0.4
v 1.3 1.5 -0.5
v 1.3 1.5 -0.6
v 1.3 1.5 -0.7
v 1.3 1.5 -0.8
v 1.3 1.5 -0.9
v 1.3 1.5 -1
v 1.3 1.5 -1.1
v 1.3 1.5 -1.3
v 1.3 1.5 -1.5
v 1.3 1.6 1.5
v 1.3 1.6 1.3
v 1.3 1.6 -1.3
v 1.3 1.6 -1.5
v 1.3 1.7 1
v 1.3 1.7 -1
v 1.3 1.8 1.1
v 1.3 1.8 1
v 1.3 1.8 -1
v 1.3 1.8 -1.1
v 1.3 1.9 1.1
v 1.3 1.9 1
v 1.3 1.9 -1
v 1.3 1.9 -1.1
v 1.3 2.2 0.9
v 1.3 2.2 0.8
v 1.3 2.2 0.7
v 1.3 2.2 0.6
v 1.3 2.2 0.5
v 1.3 2.2 0.4
v 1.3 2.2 0.3
v 1.3 2.2 0.2
v 1.3 2.2 0.1
v 1.3 2.2 -0.1
v 1.3 2.2 -0.2
v 1.3 2.2 -0.3
v 1.3 2.2 -0.4
v 1.3 2.2 -0.5
v 1.3 2.2 -0.6
v 1.3 2.2 -0.7
v 1.3 2.2 -0.8
v 1.3 2.2 -0.9
v 1.3 2.3 1.1
v 1.3 2.3 0.9
v 1.3 2.3 0.8
v 1.3 2.3 0.7
v 1.3 2.3 0.6
v 1.3 2.3 0.5
v 1.3 2.3 0.4
v 1.3 2.3 0.3
v 1.3 2.3 0.2
v 1.3 2.3 0.1
v 1.3 2.3 -0.1
v 1.3 2.3 -0.2
v 1.3 2.3 -0.3
v 1.3 2.3 -0.4
v 1.3 2.3 -0.5
v 1.3 2.3 -0.6
v 1.3 2.3 -0.7
v 1.3 2.3 -0.8
v 1.3 2.3 -0.9
v 1.3 2.3 -1.1
v 1.3 2.4 1.3
v 1.3 2.4 1.1
v 1.3 2.4 0.9
v 1.3 2.4 0.8
v 1.3 2.4 -0.8
v 1.3 2.4 -0.9
v 1.3 2.4 -1.1
v 1.3 2.4 -1.3
v 1.3 2.5 1.3
v 1.3 2.5 1.1
v 1.3 2.5 1
v 1.3 2.5 0.9
v 1.3 2.5 0.8
v 1.3 2.5 -0.8
v 1.3 2.5 -0.9
v 1.3 2.5 -1
v 1.3 2.5 -1.1
v 1.3 2.5 -1.3
v 1.3 2.6 1
v 1.3 2.6 0.9
v 1.3 2.6 -0.9
v 1.3 2.6 -1
v 1.3 3.1 0.7
v 1.3 3.1 -0.7
v 1.3 3.2 0.9
v 1.3 3.2 0.7
v 1.3 3.2 -0.7
v 1.3 3.2 -0.9
v 1.3 3.3 1.1
v 1.3 3.3 0.9
v 1.3 3.3 0.7
v 1.3 3.3 -0.7
v 1.3 3.3 -0.9
v 1.3 3.3 -1.1
v 1.3 3.4 1
v 1.3 3.4 0.9
v 1.3 3.4 -0.9
v 1.3 3.4 -1
v 1.3 3.5 1.1
v 1.3 3.5 1
v 1.3 3.5 -1
v 1.3 3.5 -1.1
v 1.4 1.7 1.1
v 1.4 1.7 1
v 1.4 1.7 -1
v 1.4 1.7 -1.1
v 1.4 1.8 1.2
v 1.4 1.8 1.1
v 1.4 1.8 1
v 1.4 1.8 -1
v 1.4 1.8 -1.1
v 1.4 1.8 -1.2
v 1.4 1.9 1.2
v 1.4 1.9 1.1
v 1.4 1.9 -1.1
v 1.4 1.9 -1.2
v 1.4 2.4 0.9
v 1.4 2.4 0.8
v 1.4 2.4 -0.8
v 1.4 2.4 -0.9
v 1.4 2.5 1.1
v 1.4 2.5 1
v 1.4 2.5 0.9
v 1.4 2.5 0.8
v 1.4 2.5 -0.8
v 1.4 2.5 -0.9
v 1.4 2.5 -1
v 1.4 2.5 -1.1
v 1.4 2.6 1.1
v 1.4 2.6 1
v 1.4 2.6 -1
v 1.4 2.6 -1.1
v 1.5 1.4 1.1
v 1.5 1.4 1
v 1.5 1.4 0.9
v 1.5 1.4 0.8
v 1.5 1.4 0.7
v 1.5 1.4 0.6
v 1.5 1.4 0.5
v 1.5 1.4 0.4
v 1.5 1.4 0.3
v 1.5 1.4 0.2
v 1.5 1.4 0.1
v 1.5 1.4 -0.1
v 1.5 1.4 -0.2
v 1.5 1.4 -0.3
v 1.5 1.4 -0.4
v 1.5 1.4 -0.5
v 1.5 1.4 -0.6
v 1.5 1.4 -0.7
v 1.5 1.4 -0.8
v 1.5 1.4 -0.9
v 1.5 1.4 -1
v 1.5 1.4 -1.1
v 1.5 1.5 1.3
v 1.5 1.5 1.1
v 1.5 1.5 1
v 1.5 1.5 0.9
v 1.5 1.5 0.8
v 1.5 1.5 0.7
v 1.5 1.5 0.6
v 1.5 1.5 0.5
v 1.5 1.5 0.4
v 1.5 1.5 0.3
v 1.5 1.5 0.2
v 1.5 1.5 0.1
v 1.5 1.5 -0.1
v 1.5 1.5 -0.2
v 1.5 1.5 -0.3
v 1.5 1.5 -0.4
v 1.5 1.5 -0.5
v 1.5 1.5 -0.6
v 1.5 1.5 -0.7
v 1.5 1.5 -0.8
v 1.5 1.5 -0.9
v 1.5 1.5 -1
v 1.5 1.5 -1.1
v 1.5 1.5 -1.3
v 1.5 1.6 1.5
v 1.5 1.6 1.3
v 1.5 1.6 1.1
v 1.5 1.6 1
v 1.5 1.6 -1
v 1.5 1.6 -1.1
v 1.5 1.6 -1.3
v 1.5 1.6 -1.5
v 1.5 1.7 1.5
v 1.5 1.7 1.3
v 1.5 1.7 1.2
v 1.5 1.7 1.1
v 1.5 1.7 1
v 1.5 1.7 -1
v 1.5 1.7 -1.1
v 1.5 1.7 -1.2
v 1.5 1.7 -1.3
v 1.5 1.7 -1.5
v 1.5 1.8 1.2
v 1.5 1.8 1.1
v 1.5 1.8 -1.1
v 1.5 1.8 -1.2
v 1.5 2.3 0.9
v 1.5 2.3 -0.9
v 1.5 2.4 1.1
v 1.5 2.4 0.9
v 1.5 2.4 -0.9
v 1.5 2.4 -1.1
v 1.5 2.5 1.3
v 1.5 2.5 1.1
v 1.5 2.5 0.9
v 1.5 2.5 -0.9
v 1.5 2.5 -1.1
v 1.5 2.5 -1.3
v 1.5 2.6 1.2
v 1.5 2.6 1.1
v 1.5 2.6 -1.1
v 1.5 2.6 -1.2
v 1.5 2.7 1.3
v 1.5 2.7 1.2
v 1.5 2.7 -1.2
v 1.5 2.7 -1.3
v 1.6 1.6 1.1
v 1.6 1.6 1
v 1.6 1.6 -1
v 1.6 1.6 -1.1
v 1.6 1.7 1.3
v 1.6 1.7 1.2
v 1.6 1.7 1.1
v 1.6 1.7 1
v 1.6 1.7 -1
v 1.6 1.7 -1.1
v 1.6 1.7 -1.2
v 1.6 1.7 -1.3
v 1.6 1.8 1.3
v 1.6 1.8 1.2
v 1.6 1.8 -1.2
v 1.6 1.8 -1.3
v 1.7 0 1.5
v 1.7 0 0.1
v 1.7 0 -0.1
v 1.7 0 -1.5
v 1.7 0.2 1.5
v 1.7 0.2 0.1
v 1.7 0.2 -0.1
v 1.7 0.2 -1.5
v 1.7 1.5 1.1
v 1.7 1.5 -1.1
v 1.7 1.6 1.3
v 1.7 1.6 1.1
v 1.7 1.6 -1.1
v 1.7 1.6 -1.3
v 1.7 1.7 1.5
v 1.7 1.7 1.3
v 1.7 1.7 1.1
v 1.7 1.7 -1.1
v 1.7 1.7 -1.3
v 1.7 1.7 -1.5
v 1.7 1.8 1.4
v 1.7 1.8 1.3
v 1.7 1.8 -1.3
v 1.7 1.8 -1.4
v 1.7 1.9 1.5
v 1.7 1.9 1.4
v 1.7 1.9 -1.4
v 1.7 1.9 -1.5
v -1.7 0 1.5
v -1.7 0.2 1.5
v -1.7 1.7 1.5
v -1.7 1.9 1.5
v -1.6 1.8 1.5
v -1.6 1.9 1.5
v -1.5 1.6 1.5
v -1.5 1.7 1.5
v -1.5 1.8 1.5
v -1.3 1.5 1.5
v -1.3 1.6 1.5
v -1.3 1.7 1.5
v 1.3 1.5 1.5
v 1.3 1.6 1.5
v 1.3 1.7 1.5
v 1.5 1.6 1.5
v 1.5 1.7 1.5
v 1.5 1.8 1.5
v 1.6 1.8 1.5
v 1.6 1.9 1.5
v 1.7 0 1.5
v 1.7 0.2 1.5
v 1.7 1.7 1.5
v 1.7 1.9 1.5
v -1.5 1.7 1.4
v -1.5 1.8 1.4
v -1.4 1.7 1.4
v -1.4 1.8 1.4
v -1.3 1.6 1.4
v -1.3 1.7 1.4
v -1.2 1.6 1.4
v -1.2 1.7 1.4
v 1.2 1.6 1.4
v 1.2 1.7 1.4
v 1.3 1.6 1.4
v 1.3 1.7 1.4
v 1.4 1.7 1.4
v 1.4 1.8 1.4
v 1.5 1.7 1.4
v 1.5 1.8 1.4
v -1.7 1.6 1.3
v -1.7 1.7 1.3
v -1.5 1.5 1.3
v -1.5 1.6 1.3
v -1.5 1.7 1.3
v -1.5 2.5 1.3
v -1.5 2.7 1.3
v -1.4 1.7 1.3
v -1.4 1.8 1.3
v -1.4 2.6 1.3
v -1.4 2.7 1.3
v -1.3 1.4 1.3
v -1.3 1.5 1.3
v -1.3 1.6 1.3
v -1.3 1.7 1.3
v -1.3 1.8 1.3
v -1.3 2.4 1.3
v -1.3 2.5 1.3
v -1.3 2.6 1.3
v -1.2 1.4 1.3
v -1.2 1.5 1.3
v -1.2 1.6 1.3
v -1.2 1.7 1.3
v -1.1 1.4 1.3
v -1.1 1.5 1.3
v -1.1 2.3 1.3
v -1.1 2.4 1.3
v -1.1 2.5 1.3
v -1 1.4 1.3
v -1 1.5 1.3
v -0.9 1.4 1.3
v -0.9 1.5 1.3
v -0.8 1.4 1.3
v -0.8 1.5 1.3
v -0.7 1.4 1.3
v -0.7 1.5 1.3
v -0.6 1.4 1.3
v -0.6 1.5 1.3
v -0.5 1.4 1.3
v -0.5 1.5 1.3
v -0.4 1.4 1.3
v -0.4 1.5 1.3
v -0.3 1.4 1.3
v -0.3 1.5 1.3
v -0.2 1.4 1.3
v -0.2 1.5 1.3
v -0.1 1.4 1.3
v -0.1 1.5 1.3
v 0.0999999 1.4 1.3
v 0.0999999 1.5 1.3
v 0.2 1.4 1.3
v 0.2 1.5 1.3
v 0.3 1.4 1.3
v 0.3 1.5 1.3
v 0.4 1.4 1.3
v 0.4 1.5 1.3
v 0.5 1.4 1.3
v 0.5 1.5 1.3
v 0.6 1.4 1.3
v 0.6 1.5 1.3
v 0.7 1.4 1.3
v 0.7 1.5 1.3
v 0.8 1.4 1.3
v 0.8 1.5 1.3
v 0.9 1.4 1.3
v 0.9 1.5 1.3
v 1 1.4 1.3
v 1 1.5 1.3
v 1.1 1.4 1.3
v 1.1 1.5 1.3
v 1.1 2.3 1.3
v 1.1 2.4 1.3
v 1.1 2.5 1.3
v 1.2 1.4 1.3
v 1.2 1.5 1.3
v 1.2 1.6 1.3
v 1.2 1.7 1.3
v 1.3 1.4 1.3
v 1.3 1.5 1.3
v 1.3 1.6 1.3
v 1.3 1.7 1.3
v 1.3 1.8 1.3
v 1.3 2.4 1.3
v 1.3 2.5 1.3
v 1.3 2.6 1.3
v 1.4 1.7 1.3
v 1.4 1.8 1.3
v 1.4 2.6 1.3
v 1.4 2.7 1.3
v 1.5 1.5 1.3
v 1.5 1.6 1.3
v 1.5 1.7 1.3
v 1.5 2.5 1.3
v 1.5 2.7 1.3
v 1.7 1.6 1.3
v 1.7 1.7 1.3
v -1.4 1.8 1.2
v -1.4 1.9 1.2
v -1.3 1.7 1.2
v -1.3 1.8 1.2
v -1.3 1.9 1.2
v -1.3 2.5 1.2
v -1.3 2.6 1.2
v -1.2 1.7 1.2
v -1.2 1.8 1.2
v -1.2 2.5 1.2
v -1.2 2.6 1.2
v -1.1 2.4 1.2
v -1.1 2.5 1.2
v -1 2.4 1.2
v -1 2.5 1.2
v 1 2.4 1.2
v 1 2.5 1.2
v 1.1 2.4 1.2
v 1.1 2.5 1.2
v 1.2 1.7 1.2
v 1.2 1.8 1.2
v 1.2 2.5 1.2
v 1.2 2.6 1.2
v 1.3 1.7 1.2
v 1.3 1.8 1.2
v 1.3 1.9 1.2
v 1.3 2.5 1.2
v 1.3 2.6 1.2
v 1.4 1.8 1.2
v 1.4 1.9 1.2
v -1.7 1.5 1.1
v -1.7 1.6 1.1
v -1.5 1.4 1.1
v -1.5 1.5 1.1
v -1.5 1.6 1.1
v -1.5 2.4 1.1
v -1.5 2.5 1.1
v -1.3 0.2 1.1
v -1.3 0.9 1.1
v -1.3 1 1.1
v -1.3 1.4 1.1
v -1.3 1.5 1.1
v -1.3 1.8 1.1
v -1.3 1.9 1.1
v -1.3 2.3 1.1
v -1.3 2.4 1.1
v -1.3 2.5 1.1
v -1.3 3.3 1.1
v -1.3 3.5 1.1
v -1.2 1.4 1.1
v -1.2 1.5 1.1
v -1.2 1.7 1.1
v -1.2 1.8 1.1
v -1.2 1.9 1.1
v -1.2 2.5 1.1
v -1.2 2.6 1.1
v -1.2 3.4 1.1
v -1.2 3.5 1.1
v -1.1 1.4 1.1
v -1.1 1.5 1.1
v -1.1 2.2 1.1
v -1.1 2.3 1.1
v -1.1 2.4 1.1
v -1.1 2.5 1.1
v -1.1 2.6 1.1
v -1.1 3.2 1.1
v -1.1 3.3 1.1
v -1.1 3.4 1.1
v -1 1.1 1.1
v -1 1.3 1.1
v -1 1.4 1.1
v -1 1.5 1.1
v -1 2.2 1.1
v -1 2.3 1.1
v -1 2.4 1.1
v -1 2.5 1.1
v -0.9 1.4 1.1
v -0.9 1.5 1.1
v -0.9 2.2 1.1
v -0.9 2.3 1.1
v -0.9 3.1 1.1
v -0.9 3.2 1.1
v -0.9 3.3 1.1
v -0.8 1.1 1.1
v -0.8 1.3 1.1
v -0.8 1.4 1.1
v -0.8 1.5 1.1
v -0.8 2.2 1.1
v -0.8 2.3 1.1
v -0.7 1.4 1.1
v -0.7 1.5 1.1
v -0.7 2.2 1.1
v -0.7 2.3 1.1
v -0.6 1.4 1.1
v -0.6 1.5 1.1
v -0.6 2.2 1.1
v -0.6 2.3 1.1
v -0.5 1.4 1.1
v -0.5 1.5 1.1
v -0.5 2.2 1.1
v -0.5 2.3 1.1
v -0.4 1.1 1.1
v -0.4 1.3 1.1
v -0.4 1.4 1.1
v -0.4 1.5 1.1
v -0.4 2.2 1.1
v -0.4 2.3 1.1
v -0.3 1.4 1.1
v -0.3 1.5 1.1
v -0.3 2.2 1.1
v -0.3 2.3 1.1
v -0.2 1.1 1.1
v -0.2 1.3 1.1
v -0.2 1.4 1.1
v -0.2 1.5 1.1
v -0.2 2.2 1.1
v -0.2 2.3 1.1
v -0.1 1.4 1.1
v -0.1 1.5 1.1
v -0.1 2.2 1.1
v -0.1 2.3 1.1
v 0.0999999 1.4 1.1
v 0.0999999 1.5 1.1
v 0.0999999 2.2 1.1
v 0.0999999 2.3 1.1
v 0.2 1.1 1.1
v 0.2 1.3 1.1
v 0.2 1.4 1.1
v 0.2 1.5 1.1
v 0.2 2.2 1.1
v 0.2 2.3 1.1
v 0.3 1.4 1.1
v 0.3 1.5 1.1
v 0.3 2.2 1.1
v 0.3 2.3 1.1
v 0.4 1.1 1.1
v 0.4 1.3 1.1
v 0.4 1.4 1.1
v 0.4 1.5 1.1
v 0.4 2.2 1.1
v 0.4 2.3 1.1
v 0.5 1.4 1.1
v 0.5 1.5 1.1
v 0.5 2.2 1.1
v 0.5 2.3 1.1
v 0.6 1.4 1.1
v 0.6 1.5 1.1
v 0.6 2.2 1.1
v 0.6 2.3 1.1
v 0.7 1.4 1.1
v 0.7 1.5 1.1
v 0.7 2.2 1.1
v 0.7 2.3 1.1
v 0.8 1.1 1.1
v 0.8 1.3 1.1
v 0.8 1.4 1.1
v 0.8 1.5 1.1
v 0.8 2.2 1.1
v 0.8 2.3 1.1
v 0.9 1.4 1.1
v 0.9 1.5 1.1
v 0.9 2.2 1.1
v 0.9 2.3 1.1
v 0.9 3.1 1.1
v 0.9 3.2 1.1
v 0.9 3.3 1.1
v 1 1.1 1.1
v 1 1.3 1.1
v 1 1.4 1.1
v 1 1.5 1.1
v 1 2.2 1.1
v 1 2.3 1.1
v 1 2.4 1.1
v 1 2.5 1.1
v 1.1 1.4 1.1
v 1.1 1.5 1.1
v 1.1 2.2 1.1
v 1.1 2.3 1.1
v 1.1 2.4 1.1
v 1.1 2.5 1.1
v 1.1 2.6 1.1
v 1.1 3.2 1.1
v 1.1 3.3 1.1
v 1.1 3.4 1.1
v 1.2 1.4 1.1
v 1.2 1.5 1.1
v 1.2 1.7 1.1
v 1.2 1.8 1.1
v 1.2 1.9 1.1
v 1.2 2.5 1.1
v 1.2 2.6 1.1
v 1.2 3.4 1.1
v 1.2 3.5 1.1
v 1.3 0.2 1.1
v 1.3 0.9 1.1
v 1.3 1 1.1
v 1.3 1.4 1.1
v 1.3 1.5 1.1
v 1.3 1.8 1.1
v 1.3 1.9 1.1
v 1.3 2.3 1.1
v 1.3 2.4 1.1
v 1.3 2.5 1.1
v 1.3 3.3 1.1
v 1.3 3.5 1.1
v 1.5 1.4 1.1
v 1.5 1.5 1.1
v 1.5 1.6 1.1
v 1.5 2.4 1.1
v 1.5 2.5 1.1
v 1.7 1.5 1.1
v 1.7 1.6 1.1
v -1.2 0.9 1
v -1.2 1 1
v -1.2 1.8 1
v -1.2 1.9 1
v -1.2 2.6 1
v -1.2 2.7 1
v -1.1 1.8 1
v -1.1 1.9 1
v -1.1 2.5 1
v -1.1 2.6 1
v -1.1 2.7 1
v -1.1 3.3 1
v -1.1 3.4 1
v -1 1.1 1
v -1 1.3 1
v -1 2.5 1
v -1 2.6 1
v -1 3.3 1
v -1 3.4 1
v -0.9 3.2 1
v -0.9 3.3 1
v -0.8 1.1 1
v -0.8 1.3 1
v -0.8 3.2 1
v -0.8 3.3 1
v -0.4 1.1 1
v -0.4 1.3 1
v -0.2 1.1 1
v -0.2 1.3 1
v 0.2 1.1 1
v 0.2 1.3 1
v 0.4 1.1 1
v 0.4 1.3 1
v 0.8 1.1 1
v 0.8 1.3 1
v 0.8 3.2 1
v 0.8 3.3 1
v 0.9 3.2 1
v 0.9 3.3 1
v 1 1.1 1
v 1 1.3 1
v 1 2.5 1
v 1 2.6 1
v 1 3.3 1
v 1 3.4 1
v 1.1 1.8 1
v 1.1 1.9 1
v 1.1 2.5 1
v 1.1 2.6 1
v 1.1 2.7 1
v 1.1 3.3 1
v 1.1 3.4 1
v 1.2 0.9 1
v 1.2 1 1
v 1.2 1.8 1
v 1.2 1.9 1
v 1.2 2.6 1
v 1.2 2.7 1
v -1.5 1.4 0.9
v -1.5 1.5 0.9
v -1.5 2.3 0.9
v -1.5 2.4 0.9
v -1.3 1.4 0.9
v -1.3 1.5 0.9
v -1.3 2.2 0.9
v -1.3 2.3 0.9
v -1.3 2.4 0.9
v -1.3 3.2 0.9
v -1.3 3.3 0.9
v -1.1 1.8 0.9
v -1.1 1.9 0.9
v -1.1 2.2 0.9
v -1.1 2.3 0.9
v -1.1 2.6 0.9
v -1.1 2.7 0.9
v -1.1 3.1 0.9
v -1.1 3.2 0.9
v -1.1 3.3 0.9
v -1 2.2 0.9
v -1 2.3 0.9
v -1 2.5 0.9
v -1 2.6 0.9
v -1 2.7 0.9
v -1 3.3 0.9
v -1 3.4 0.9
v -0.9 2.2 0.9
v -0.9 2.3 0.9
v -0.9 3 0.9
v -0.9 3.1 0.9
v -0.9 3.2 0.9
v -0.9 3.3 0.9
v -0.9 3.4 0.9
v -0.8 2.2 0.9
v -0.8 2.3 0.9
v -0.8 3 0.9
v -0.8 3.1 0.9
v -0.8 3.2 0.9
v -0.8 3.3 0.9
v -0.7 2.2 0.9
v -0.7 2.3 0.9
v -0.7 3 0.9
v -0.7 3.1 0.9
v -0.6 1.9 0.9
v -0.6 2.1 0.9
v -0.6 2.2 0.9
v -0.6 2.3 0.9
v -0.6 3 0.9
v -0.6 3.1 0.9
v -0.5 2.2 0.9
v -0.5 2.3 0.9
v -0.5 3 0.9
v -0.5 3.1 0.9
v -0.4 1.9 0.9
v -0.4 2.1 0.9
v -0.4 2.2 0.9
v -0.4 2.3 0.9
v -0.4 3 0.9
v -0.4 3.1 0.9
v -0.3 2.2 0.9
v -0.3 2.3 0.9
v -0.3 3 0.9
v -0.3 3.1 0.9
v -0.2 2.2 0.9
v -0.2 2.3 0.9
v -0.2 3 0.9
v -0.2 3.1 0.9
v -0.1 1.9 0.9
v -0.1 2.1 0.9
v -0.1 2.2 0.9
v -0.1 2.3 0.9
v -0.1 3 0.9
v -0.1 3.1 0.9
v 0.0999999 1.9 0.9
v 0.0999999 2.1 0.9
v 0.0999999 2.2 0.9
v 0.0999999 2.3 0.9
v 0.0999999 3 0.9
v 0.0999999 3.1 0.9
v 0.2 2.2 0.9
v 0.2 2.3 0.9
v 0.2 3 0.9
v 0.2 3.1 0.9
v 0.3 2.2 0.9
v 0.3 2.3 0.9
v 0.3 3 0.9
v 0.3 3.1 0.9
v 0.4 1.9 0.9
v 0.4 2.1 0.9
v 0.4 2.2 0.9
v 0.4 2.3 0.9
v 0.4 3 0.9
v 0.4 3.1 0.9
v 0.5 2.2 0.9
v 0.5 2.3 0.9
v 0.5 3 0.9
v 0.5 3.1 0.9
v 0.6 1.9 0.9
v 0.6 2.1 0.9
v 0.6 2.2 0.9
v 0.6 2.3 0.9
v 0.6 3 0.9
v 0.6 3.1 0.9
v 0.7 2.2 0.9
v 0.7 2.3 0.9
v 0.7 3 0.9
v 0.7 3.1 0.9
v 0.8 2.2 0.9
v 0.8 2.3 0.9
v 0.8 3 0.9
v 0.8 3.1 0.9
v 0.8 3.2 0.9
v 0.8 3.3 0.9
v 0.9 2.2 0.9
v 0.9 2.3 0.9
v 0.9 3 0.9
v 0.9 3.1 0.9
v 0.9 3.2 0.9
v 0.9 3.3 0.9
v 0.9 3.4 0.9
v 1 2.2 0.9
v 1 2.3 0.9
v 1 2.5 0.9
v 1 2.6 0.9
v 1 2.7 0.9
v 1 3.3 0.9
v 1 3.4 0.9
v 1.1 1.8 0.9
v 1.1 1.9 0.9
v 1.1 2.2 0.9
v 1.1 2.3 0.9
v 1.1 2.6 0.9
v 1.1 2.7 0.9
v 1.1 3.1 0.9
v 1.1 3.2 0.9
v 1.1 3.3 0.9
v 1.3 1.4 0.9
v 1.3 1.5 0.9
v 1.3 2.2 0.9
v 1.3 2.3 0.9
v 1.3 2.4 0.9
v 1.3 3.2 0.9
v 1.3 3.3 0.9
v 1.5 1.4 0.9
v 1.5 1.5 0.9
v 1.5 2.3 0.9
v 1.5 2.4 0.9
v -1 2.6 0.8
v -1 2.7 0.8
v -1 3.4 0.8
v -1 3.5 0.8
v -0.9 2.6 0.8
v -0.9 2.7 0.8
v -0.9 3.3 0.8
v -0.9 3.4 0.8
v -0.9 3.5 0.8
v -0.8 3.3 0.8
v -0.8 3.4 0.8
v -0.7 3.3 0.8
v -0.7 3.4 0.8
v -0.6 1.9 0.8
v -0.6 2.1 0.8
v -0.5 3.3 0.8
v -0.5 3.4 0.8
v -0.4 1.9 0.8
v -0.4 2.1 0.8
v -0.1 1.9 0.8
v -0.1 2.1 0.8
v 0.0999999 1.9 0.8
v 0.0999999 2.1 0.8
v 0.4 1.9 0.8
v 0.4 2.1 0.8
v 0.5 3.3 0.8
v 0.5 3.4 0.8
v 0.6 1.9 0.8
v 0.6 2.1 0.8
v 0.7 3.3 0.8
v 0.7 3.4 0.8
v 0.8 3.3 0.8
v 0.8 3.4 0.8
v 0.9 2.6 0.8
v 0.9 2.7 0.8
v 0.9 3.3 0.8
v 0.9 3.4 0.8
v 0.9 3.5 0.8
v 1 2.6 0.8
v 1 2.7 0.8
v 1 3.4 0.8
v 1 3.5 0.8
v -1.5 1.4 0.7
v -1.5 1.5 0.7
v -1.3 1.4 0.7
v -1.3 1.5 0.7
v -1.3 2.2 0.7
v -1.3 2.3 0.7
v -1.3 3.1 0.7
v -1.3 3.2 0.7
v -1.1 2.2 0.7
v -1.1 2.3 0.7
v -1.1 3 0.7
v -1.1 3.1 0.7
v -1.1 3.2 0.7
v -0.9 2.6 0.7
v -0.9 2.7 0.7
v -0.9 3 0.7
v -0.9 3.1 0.7
v -0.9 3.4 0.7
v -0.9 3.5 0.7
v -0.8 3 0.7
v -0.8 3.1 0.7
v -0.8 3.3 0.7
v -0.8 3.4 0.7
v -0.8 3.5 0.7
v -0.7 0.2 0.7
v -0.7 0.9 0.7
v -0.7 3 0.7
v -0.7 3.1 0.7
v -0.7 3.3 0.7
v -0.7 3.4 0.7
v -0.7 3.5 0.7
v -0.6 3 0.7
v -0.6 3.1 0.7
v -0.5 2.7 0.7
v -0.5 2.9 0.7
v -0.5 3 0.7
v -0.5 3.1 0.7
v -0.5 3.3 0.7
v -0.5 3.4 0.7
v -0.5 3.5 0.7
v -0.4 3 0.7
v -0.4 3.1 0.7
v -0.3 2.7 0.7
v -0.3 2.9 0.7
v -0.3 3 0.7
v -0.3 3.1 0.7
v -0.2 3 0.7
v -0.2 3.1 0.7
v -0.1 2.7 0.7
v -0.1 2.9 0.7
v -0.1 3 0.7
v -0.1 3.1 0.7
v 0.0999999 2.7 0.7
v 0.0999999 2.9 0.7
v 0.0999999 3 0.7
v 0.0999999 3.1 0.7
v 0.2 3 0.7
v 0.2 3.1 0.7
v 0.3 0.2 0.7
v 0.3 0.9 0.7
v 0.3 2.7 0.7
v 0.3 2.9 0.7
v 0.3 3 0.7
v 0.3 3.1 0.7
v 0.4 3 0.7
v 0.4 3.1 0.7
v 0.5 2.7 0.7
v 0.5 2.9 0.7
v 0.5 3 0.7
v 0.5 3.1 0.7
v 0.5 3.3 0.7
v 0.5 3.4 0.7
v 0.5 3.5 0.7
v 0.6 3 0.7
v 0.6 3.1 0.7
v 0.7 3 0.7
v 0.7 3.1 0.7
v 0.7 3.3 0.7
v 0.7 3.4 0.7
v 0.7 3.5 0.7
v 0.8 3 0.7
v 0.8 3.1 0.7
v 0.8 3.3 0.7
v 0.8 3.4 0.7
v 0.8 3.5 0.7
v 0.9 2.6 0.7
v 0.9 2.7 0.7
v 0.9 3 0.7
v 0.9 3.1 0.7
v 0.9 3.4 0.7
v 0.9 3.5 0.7
v 1.1 2.2 0.7
v 1.1 2.3 0.7
v 1.1 3 0.7
v 1.1 3.1 0.7
v 1.1 3.2 0.7
v 1.3 1.4 0.7
v 1.3 1.5 0.7
v 1.3 2.2 0.7
v 1.3 2.3 0.7
v 1.3 3.1 0.7
v 1.3 3.2 0.7
v 1.5 1.4 0.7
v 1.5 1.5 0.7
v -0.8 3.4 0.6
v -0.8 3.5 0.6
v -0.7 3.4 0.6
v -0.7 3.5 0.6
v -0.7 3.6 0.6
v -0.5 2.7 0.6
v -0.5 2.9 0.6
v -0.5 3.5 0.6
v -0.5 3.6 0.6
v -0.3 2.7 0.6
v -0.3 2.9 0.6
v -0.1 2.7 0.6
v -0.1 2.9 0.6
v 0.0999999 2.7 0.6
v 0.0999999 2.9 0.6
v 0.3 2.7 0.6
v 0.3 2.9 0.6
v 0.5 2.7 0.6
v 0.5 2.9 0.6
v 0.5 3.5 0.6
v 0.5 3.6 0.6
v 0.7 3.4 0.6
v 0.7 3.5 0.6
v 0.7 3.6 0.6
v 0.8 3.4 0.6
v 0.8 3.5 0.6
v -1.5 1.4 0.5
v -1.5 1.5 0.5
v -1.3 1.1 0.5
v -1.3 1.3 0.5
v -1.3 1.4 0.5
v -1.3 1.5 0.5
v -1.3 2.2 0.5
v -1.3 2.3 0.5
v -1.2 1.1 0.5
v -1.2 1.3 0.5
v -1.1 2.2 0.5
v -1.1 2.3 0.5
v -1.1 3 0.5
v -1.1 3.1 0.5
v -0.9 0.2 0.5
v -0.9 0.9 0.5
v -0.9 3 0.5
v -0.9 3.1 0.5
v -0.9 3.4 0.5
v -0.9 3.5 0.5
v -0.8 3.4 0.5
v -0.8 3.5 0.5
v -0.7 0.2 0.5
v -0.7 0.9 0.5
v -0.7 3.6 0.5
v -0.7 3.7 0.5
v -0.5 3.4 0.5
v -0.5 3.5 0.5
v -0.5 3.6 0.5
v -0.5 3.7 0.5
v 0.3 0.2 0.5
v 0.3 0.9 0.5
v 0.5 3.4 0.5
v 0.5 3.5 0.5
v 0.5 3.6 0.5
v 0.5 3.7 0.5
v 0.7 3.6 0.5
v 0.7 3.7 0.5
v 0.8 3.4 0.5
v 0.8 3.5 0.5
v 0.9 3 0.5
v 0.9 3.1 0.5
v 0.9 3.4 0.5
v 0.9 3.5 0.5
v 1.1 0.2 0.5
v 1.1 0.9 0.5
v 1.1 2.2 0.5
v 1.1 2.3 0.5
v 1.1 3 0.5
v 1.1 3.1 0.5
v 1.2 1.1 0.5
v 1.2 1.3 0.5
v 1.3 1.1 0.5
v 1.3 1.3 0.5
v 1.3 1.4 0.5
v 1.3 1.5 0.5
v 1.3 2.2 0.5
v 1.3 2.3 0.5
v 1.5 1.4 0.5
v 1.5 1.5 0.5
v -1.1 1.9 0.4
v -1.1 2.1 0.4
v -1 1.9 0.4
v -1 2.1 0.4
v -0.9 3.5 0.4
v -0.9 3.6 0.4
v -0.7 3.5 0.4
v -0.7 3.6 0.4
v -0.7 3.7 0.4
v -0.7 3.8 0.4
v -0.5 3.5 0.4
v -0.5 3.6 0.4
v -0.5 3.7 0.4
v -0.5 3.8 0.4
v 0.5 3.5 0.4
v 0.5 3.6 0.4
v 0.5 3.7 0.4
v 0.5 3.8 0.4
v 0.7 3.5 0.4
v 0.7 3.6 0.4
v 0.7 3.7 0.4
v 0.7 3.8 0.4
v 0.9 3.5 0.4
v 0.9 3.6 0.4
v 1 1.9 0.4
v 1 2.1 0.4
v 1.1 1.9 0.4
v 1.1 2.1 0.4
v -1.5 1.4 0.3
v -1.5 1.5 0.3
v -1.3 1.4 0.3
v -1.3 1.5 0.3
v -1.3 2.2 0.3
v -1.3 2.3 0.3
v -1.1 2.2 0.3
v -1.1 2.3 0.3
v -1.1 3 0.3
v -1.1 3.1 0.3
v -0.9 2.7 0.3
v -0.9 2.9 0.3
v -0.9 3 0.3
v -0.9 3.1 0.3
v -0.9 3.6 0.3
v -0.9 3.7 0.3
v -0.8 2.7 0.3
v -0.8 2.9 0.3
v -0.7 3.4 0.3
v -0.7 3.5 0.3
v -0.7 3.6 0.3
v -0.7 3.7 0.3
v -0.7 3.8 0.3
v -0.7 3.9 0.3
v -0.6 3.4 0.3
v -0.6 3.5 0.3
v -0.5 3.6 0.3
v -0.5 3.7 0.3
v -0.5 3.8 0.3
v -0.5 3.9 0.3
v 0.5 3.6 0.3
v 0.5 3.7 0.3
v 0.5 3.8 0.3
v 0.5 3.9 0.3
v 0.6 3.4 0.3
v 0.6 3.5 0.3
v 0.7 3.4 0.3
v 0.7 3.5 0.3
v 0.7 3.6 0.3
v 0.7 3.7 0.3
v 0.7 3.8 0.3
v 0.7 3.9 0.3
v 0.8 2.7 0.3
v 0.8 2.9 0.3
v 0.9 2.7 0.3
v 0.9 2.9 0.3
v 0.9 3 0.3
v 0.9 3.1 0.3
v 0.9 3.6 0.3
v 0.9 3.7 0.3
v 1.1 2.2 0.3
v 1.1 2.3 0.3
v 1.1 3 0.3
v 1.1 3.1 0.3
v 1.3 1.4 0.3
v 1.3 1.5 0.3
v 1.3 2.2 0.3
v 1.3 2.3 0.3
v 1.5 1.4 0.3
v 1.5 1.5 0.3
v -0.9 3.7 0.2
v -0.9 3.8 0.2
v -0.7 3.5 0.2
v -0.7 3.6 0.2
v -0.7 3.7 0.2
v -0.7 3.8 0.2
v -0.7 3.9 0.2
v -0.7 4 0.2
v -0.6 3.5 0.2
v -0.6 3.6 0.2
v -0.5 3.7 0.2
v -0.5 3.8 0.2
v -0.5 3.9 0.2
v -0.5 4 0.2
v 0.5 3.7 0.2
v 0.5 3.8 0.2
v 0.5 3.9 0.2
v 0.5 4 0.2
v 0.6 3.5 0.2
v 0.6 3.6 0.2
v 0.7 3.5 0.2
v 0.7 3.6 0.2
v 0.7 3.7 0.2
v 0.7 3.8 0.2
v 0.7 3.9 0.2
v 0.7 4 0.2
v 0.9 3.7 0.2
v 0.9 3.8 0.2
v -1.5 1.4 0.1
v -1.5 1.5 0.1
v -1.3 1.1 0.1
v -1.3 1.3 0.1
v -1.3 1.4 0.1
v -1.3 1.5 0.1
v -1.3 2.2 0.1
v -1.3 2.3 0.1
v -1.2 1.1 0.1
v -1.2 1.3 0.1
v -1.1 2.2 0.1
v -1.1 2.3 0.1
v -1.1 3 0.1
v -1.1 3.1 0.1
v -1 4.1 0.1
v -1 4.2 0.1
v -0.9 3 0.1
v -0.9 3.1 0.1
v -0.9 3.8 0.1
v -0.9 3.9 0.1
v -0.9 4 0.1
v -0.9 4.1 0.1
v -0.9 4.2 0.1
v -0.9 4.3 0.1
v -0.8 3.9 0.1
v -0.8 4 0.1
v -0.8 4.1 0.1
v -0.8 4.3 0.1
v -0.8 4.4 0.1
v -0.7 3.8 0.1
v -0.7 4 0.1
v -0.7 4.1 0.1
v -0.7 4.3 0.1
v -0.7 4.4 0.1
v -0.5 3.8 0.1
v -0.5 4 0.1
v 0.5 3.8 0.1
v 0.5 4 0.1
v 0.7 3.8 0.1
v 0.7 4 0.1
v 0.7 4.1 0.1
v 0.7 4.3 0.1
v 0.7 4.4 0.1
v 0.8 3.9 0.1
v 0.8 4 0.1
v 0.8 4.1 0.1
v 0.8 4.3 0.1
v 0.8 4.4 0.1
v 0.9 3 0.1
v 0.9 3.1 0.1
v 0.9 3.8 0.1
v 0.9 3.9 0.1
v 0.9 4 0.1
v 0.9 4.1 0.1
v 0.9 4.2 0.1
v 0.9 4.3 0.1
v 1 4.1 0.1
v 1 4.2 0.1
v 1.1 2.2 0.1
v 1.1 2.3 0.1
v 1.1 3 0.1
v 1.1 3.1 0.1
v 1.2 1.1 0.1
v 1.2 1.3 0.1
v 1.3 1.1 0.1
v 1.3 1.3 0.1
v 1.3 1.4 0.1
v 1.3 1.5 0.1
v 1.3 2.2 0.1
v 1.3 2.3 0.1
v 1.5 1.4 0.1
v 1.5 1.5 0.1
v -1.1 1.9 -0.1
v -1.1 2.1 -0.1
v -1 1.9 -0.1
v -1 2.1 -0.1
v -0.9 2.7 -0.1
v -0.9 2.9 -0.1
v -0.9 3.6 -0.1
v -0.9 3.7 -0.1
v -0.8 2.7 -0.1
v -0.8 2.9 -0.1
v -0.8 3.6 -0.1
v -0.8 3.7 -0.1
v -0.5 3.7 -0.1
v -0.5 3.8 -0.1
v 0.5 3.7 -0.1
v 0.5 3.8 -0.1
v 0.8 2.7 -0.1
v 0.8 2.9 -0.1
v 0.8 3.6 -0.1
v 0.8 3.7 -0.1
v 0.9 2.7 -0.1
v 0.9 2.9 -0.1
v 0.9 3.6 -0.1
v 0.9 3.7 -0.1
v 1 1.9 -0.1
v 1 2.1 -0.1
v 1.1 1.9 -0.1
v 1.1 2.1 -0.1
v -1.5 1.4 -0.2
v -1.5 1.5 -0.2
v -1.3 1.4 -0.2
v -1.3 1.5 -0.2
v -1.3 2.2 -0.2
v -1.3 2.3 -0.2
v -1.1 2.2 -0.2
v -1.1 2.3 -0.2
v -1.1 3 -0.2
v -1.1 3.1 -0.2
v -0.9 3 -0.2
v -0.9 3.1 -0.2
v -0.9 3.5 -0.2
v -0.9 3.6 -0.2
v -0.7 3.5 -0.2
v -0.7 3.6 -0.2
v -0.7 3.7 -0.2
v -0.7 3.8 -0.2
v -0.5 3.6 -0.2
v -0.5 3.7 -0.2
v -0.5 3.8 -0.2
v 0.5 3.6 -0.2
v 0.5 3.7 -0.2
v 0.5 3.8 -0.2
v 0.7 3.5 -0.2
v 0.7 3.6 -0.2
v 0.7 3.7 -0.2
v 0.7 3.8 -0.2
v 0.9 3 -0.2
v 0.9 3.1 -0.2
v 0.9 3.5 -0.2
v 0.9 3.6 -0.2
v 1.1 2.2 -0.2
v 1.1 2.3 -0.2
v 1.1 3 -0.2
v 1.1 3.1 -0.2
v 1.3 1.4 -0.2
v 1.3 1.5 -0.2
v 1.3 2.2 -0.2
v 1.3 2.3 -0.2
v 1.5 1.4 -0.2
v 1.5 1.5 -0.2
v -1.3 1.1 -0.3
v -1.3 1.3 -0.3
v -1.2 1.1 -0.3
v -1.2 1.3 -0.3
v -0.9 3.4 -0.3
v -0.9 3.5 -0.3
v -0.7 3.4 -0.3
v -0.7 3.5 -0.3
v -0.7 3.6 -0.3
v -0.7 3.7 -0.3
v -0.5 3.5 -0.3
v -0.5 3.6 -0.3
v -0.5 3.7 -0.3
v 0.3 0.2 -0.3
v 0.3 1 -0.3
v 0.4 0.2 -0.3
v 0.4 0.9 -0.3
v 0.5 0.2 -0.3
v 0.5 0.8 -0.3
v 0.5 3.5 -0.3
v 0.5 3.6 -0.3
v 0.5 3.7 -0.3
v 0.7 3.4 -0.3
v 0.7 3.5 -0.3
v 0.7 3.6 -0.3
v 0.7 3.7 -0.3
v 0.9 3.4 -0.3
v 0.9 3.5 -0.3
v 1.1 0.8 -0.3
v 1.1 0.9 -0.3
v 1.1 1 -0.3
v 1.2 1.1 -0.3
v 1.2 1.3 -0.3
v 1.3 0.2 -0.3
v 1.3 0.8 -0.3
v 1.3 1.1 -0.3
v 1.3 1.3 -0.3
v -1.5 1.4 -0.4
v -1.5 1.5 -0.4
v -1.3 1.4 -0.4
v -1.3 1.5 -0.4
v -1.3 2.2 -0.4
v -1.3 2.3 -0.4
v -1.1 2.2 -0.4
v -1.1 2.3 -0.4
v -1.1 3 -0.4
v -1.1 3.1 -0.4
v -0.9 3 -0.4
v -0.9 3.1 -0.4
v -0.7 3.5 -0.4
v -0.7 3.6 -0.4
v -0.5 3.4 -0.4
v -0.5 3.5 -0.4
v -0.5 3.6 -0.4
v 0.5 3.4 -0.4
v 0.5 3.5 -0.4
v 0.5 3.6 -0.4
v 0.7 3.5 -0.4
v 0.7 3.6 -0.4
v 0.9 3 -0.4
v 0.9 3.1 -0.4
v 1.1 2.2 -0.4
v 1.1 2.3 -0.4
v 1.1 3 -0.4
v 1.1 3.1 -0.4
v 1.3 1.4 -0.4
v 1.3 1.5 -0.4
v 1.3 2.2 -0.4
v 1.3 2.3 -0.4
v 1.5 1.4 -0.4
v 1.5 1.5 -0.4
v -0.9 2.7 -0.5
v -0.9 2.9 -0.5
v -0.8 2.7 -0.5
v -0.8 2.9 -0.5
v -0.7 0.2 -0.5
v -0.7 1 -0.5
v -0.7 2.4 -0.5
v -0.7 2.6 -0.5
v -0.7 3.2 -0.5
v -0.7 3.5 -0.5
v -0.5 3.4 -0.5
v -0.5 3.5 -0.5
v 0.3 0.2 -0.5
v 0.3 1 -0.5
v 0.5 3.4 -0.5
v 0.5 3.5 -0.5
v 0.7 2.4 -0.5
v 0.7 2.6 -0.5
v 0.7 3.2 -0.5
v 0.7 3.5 -0.5
v 0.8 2.7 -0.5
v 0.8 2.9 -0.5
v 0.9 2.7 -0.5
v 0.9 2.9 -0.5
v -1.5 1.4 -0.6
v -1.5 1.5 -0.6
v -1.3 1.4 -0.6
v -1.3 1.5 -0.6
v -1.3 2.2 -0.6
v -1.3 2.3 -0.6
v -1.2 3.2 -0.6
v -1.2 3.3 -0.6
v -1.1 1.9 -0.6
v -1.1 2.1 -0.6
v -1.1 2.2 -0.6
v -1.1 2.3 -0.6
v -1.1 3 -0.6
v -1.1 3.1 -0.6
v -1.1 3.2 -0.6
v -1.1 3.3 -0.6
v -1 1.9 -0.6
v -1 2.1 -0.6
v -1 3.3 -0.6
v -1 3.4 -0.6
v -0.9 3 -0.6
v -0.9 3.1 -0.6
v -0.9 3.3 -0.6
v -0.9 3.4 -0.6
v -0.9 3.5 -0.6
v -0.8 3.4 -0.6
v -0.8 3.5 -0.6
v 0.8 2.3 -0.6
v 0.8 2.4 -0.6
v 0.8 3.4 -0.6
v 0.8 3.5 -0.6
v 0.9 2.3 -0.6
v 0.9 2.4 -0.6
v 0.9 3 -0.6
v 0.9 3.1 -0.6
v 0.9 3.3 -0.6
v 0.9 3.4 -0.6
v 0.9 3.5 -0.6
v 1 1.9 -0.6
v 1 2.1 -0.6
v 1 3.3 -0.6
v 1 3.4 -0.6
v 1.1 1.9 -0.6
v 1.1 2.1 -0.6
v 1.1 2.2 -0.6
v 1.1 2.3 -0.6
v 1.1 3 -0.6
v 1.1 3.1 -0.6
v 1.1 3.2 -0.6
v 1.1 3.3 -0.6
v 1.2 3.2 -0.6
v 1.2 3.3 -0.6
v 1.3 1.4 -0.6
v 1.3 1.5 -0.6
v 1.3 2.2 -0.6
v 1.3 2.3 -0.6
v 1.5 1.4 -0.6
v 1.5 1.5 -0.6
v -1.3 1.1 -0.7
v -1.3 1.3 -0.7
v -1.3 3.2 -0.7
v -1.3 3.3 -0.7
v -1.2 1.1 -0.7
v -1.2 1.3 -0.7
v -1.2 3.2 -0.7
v -1.2 3.3 -0.7
v -1.1 0.8 -0.7
v -1.1 0.9 -0.7
v -1.1 3.3 -0.7
v -1.1 3.4 -0.7
v -1 2.6 -0.7
v -1 2.7 -0.7
v -1 3.3 -0.7
v -1 3.4 -0.7
v -1 3.5 -0.7
v -0.9 1.6 -0.7
v -0.9 1.8 -0.7
v -0.9 2.4 -0.7
v -0.9 2.6 -0.7
v -0.9 2.7 -0.7
v -0.9 3.4 -0.7
v -0.9 3.5 -0.7
v -0.7 0.8 -0.7
v -0.7 0.9 -0.7
v 0.8 2.3 -0.7
v 0.8 2.4 -0.7
v 0.9 1.6 -0.7
v 0.9 1.8 -0.7
v 0.9 2.3 -0.7
v 0.9 2.6 -0.7
v 0.9 2.7 -0.7
v 0.9 3.4 -0.7
v 0.9 3.5 -0.7
v 1 2.6 -0.7
v 1 2.7 -0.7
v 1 3.3 -0.7
v 1 3.4 -0.7
v 1 3.5 -0.7
v 1.1 3.3 -0.7
v 1.1 3.4 -0.7
v 1.2 1.1 -0.7
v 1.2 1.3 -0.7
v 1.2 3.2 -0.7
v 1.2 3.3 -0.7
v 1.3 1.1 -0.7
v 1.3 1.3 -0.7
v 1.3 3.2 -0.7
v 1.3 3.3 -0.7
v -1.5 1.4 -0.8
v -1.5 1.5 -0.8
v -1.4 2.4 -0.8
v -1.4 2.5 -0.8
v -1.3 1.4 -0.8
v -1.3 1.5 -0.8
v -1.3 2.2 -0.8
v -1.3 2.3 -0.8
v -1.3 2.4 -0.8
v -1.3 2.5 -0.8
v -1.2 2.5 -0.8
v -1.2 2.6 -0.8
v -1.2 3.3 -0.8
v -1.2 3.4 -0.8
v -1.1 2.2 -0.8
v -1.1 2.3 -0.8
v -1.1 2.5 -0.8
v -1.1 2.6 -0.8
v -1.1 2.7 -0.8
v -1.1 3.3 -0.8
v -1.1 3.4 -0.8
v -1 2.6 -0.8
v -1 2.7 -0.8
v 1 1.5 -0.8
v 1 1.6 -0.8
v 1 2.6 -0.8
v 1 2.7 -0.8
v 1.1 1.5 -0.8
v 1.1 1.6 -0.8
v 1.1 2.2 -0.8
v 1.1 2.3 -0.8
v 1.1 2.5 -0.8
v 1.1 2.6 -0.8
v 1.1 2.7 -0.8
v 1.1 3.3 -0.8
v 1.1 3.4 -0.8
v 1.2 2.5 -0.8
v 1.2 2.6 -0.8
v 1.2 3.3 -0.8
v 1.2 3.4 -0.8
v 1.3 1.4 -0.8
v 1.3 1.5 -0.8
v 1.3 2.2 -0.8
v 1.3 2.3 -0.8
v 1.3 2.4 -0.8
v 1.3 2.5 -0.8
v 1.4 2.4 -0.8
v 1.4 2.5 -0.8
v 1.5 1.4 -0.8
v 1.5 1.5 -0.8
v -1.5 2.4 -0.9
v -1.5 2.5 -0.9
v -1.4 2.4 -0.9
v -1.4 2.5 -0.9
v -1.3 2.5 -0.9
v -1.3 2.6 -0.9
v -1.3 3.3 -0.9
v -1.3 3.4 -0.9
v -1.2 1.8 -0.9
v -1.2 1.9 -0.9
v -1.2 2.5 -0.9
v -1.2 2.6 -0.9
v -1.2 2.7 -0.9
v -1.2 3.3 -0.9
v -1.2 3.4 -0.9
v -1.1 0.2 -0.9
v -1.1 0.8 -0.9
v -1.1 1 -0.9
v -1.1 1.6 -0.9
v -1.1 1.8 -0.9
v -1.1 1.9 -0.9
v -1.1 2.6 -0.9
v -1.1 2.7 -0.9
v 0.3 0.8 -0.9
v 0.3 0.9 -0.9
v 1 1.5 -0.9
v 1 1.6 -0.9
v 1.1 0.2 -0.9
v 1.1 0.9 -0.9
v 1.1 1 -0.9
v 1.1 1.5 -0.9
v 1.1 1.8 -0.9
v 1.1 1.9 -0.9
v 1.1 2.6 -0.9
v 1.1 2.7 -0.9
v 1.2 1.8 -0.9
v 1.2 1.9 -0.9
v 1.2 2.5 -0.9
v 1.2 2.6 -0.9
v 1.2 2.7 -0.9
v 1.2 3.3 -0.9
v 1.2 3.4 -0.9
v 1.3 2.5 -0.9
v 1.3 2.6 -0.9
v 1.3 3.3 -0.9
v 1.3 3.4 -0.9
v 1.4 2.4 -0.9
v 1.4 2.5 -0.9
v 1.5 2.4 -0.9
v 1.5 2.5 -0.9
v -1.6 1.6 -1
v -1.6 1.7 -1
v -1.5 1.4 -1
v -1.5 1.5 -1
v -1.5 1.6 -1
v -1.5 1.7 -1
v -1.4 1.7 -1
v -1.4 1.8 -1
v -1.4 2.5 -1
v -1.4 2.6 -1
v -1.3 1.4 -1
v -1.3 1.5 -1
v -1.3 1.7 -1
v -1.3 1.8 -1
v -1.3 1.9 -1
v -1.3 2.5 -1
v -1.3 2.6 -1
v -1.3 3.4 -1
v -1.3 3.5 -1
v -1.2 1.8 -1
v -1.2 1.9 -1
v -1.2 3.4 -1
v -1.2 3.5 -1
v 1.2 1.8 -1
v 1.2 1.9 -1
v 1.2 3.4 -1
v 1.2 3.5 -1
v 1.3 1.4 -1
v 1.3 1.5 -1
v 1.3 1.7 -1
v 1.3 1.8 -1
v 1.3 1.9 -1
v 1.3 2.5 -1
v 1.3 2.6 -1
v 1.3 3.4 -1
v 1.3 3.5 -1
v 1.4 1.7 -1
v 1.4 1.8 -1
v 1.4 2.5 -1
v 1.4 2.6 -1
v 1.5 1.4 -1
v 1.5 1.5 -1
v 1.5 1.6 -1
v 1.5 1.7 -1
v 1.6 1.6 -1
v 1.6 1.7 -1
v -1.7 1.6 -1.1
v -1.7 1.7 -1.1
v -1.6 1.6 -1.1
v -1.6 1.7 -1.1
v -1.5 1.7 -1.1
v -1.5 1.8 -1.1
v -1.5 2.5 -1.1
v -1.5 2.6 -1.1
v -1.4 1.7 -1.1
v -1.4 1.8 -1.1
v -1.4 1.9 -1.1
v -1.4 2.5 -1.1
v -1.4 2.6 -1.1
v -1.3 1.8 -1.1
v -1.3 1.9 -1.1
v 1.3 1.8 -1.1
v 1.3 1.9 -1.1
v 1.4 1.7 -1.1
v 1.4 1.8 -1.1
v 1.4 1.9 -1.1
v 1.4 2.5 -1.1
v 1.4 2.6 -1.1
v 1.5 1.7 -1.1
v 1.5 1.8 -1.1
v 1.5 2.5 -1.1
v 1.5 2.6 -1.1
v 1.6 1.6 -1.1
v 1.6 1.7 -1.1
v 1.7 1.6 -1.1
v 1.7 1.7 -1.1
v -1.6 1.7 -1.2
v -1.6 1.8 -1.2
v -1.5 1.7 -1.2
v -1.5 1.8 -1.2
v -1.5 2.6 -1.2
v -1.5 2.7 -1.2
v -1.4 2.6 -1.2
v -1.4 2.7 -1.2
v 1.4 2.6 -1.2
v 1.4 2.7 -1.2
v 1.5 1.7 -1.2
v 1.5 1.8 -1.2
v 1.5 2.6 -1.2
v 1.5 2.7 -1.2
v 1.6 1.7 -1.2
v 1.6 1.8 -1.2
v -1.7 1.7 -1.3
v -1.7 1.8 -1.3
v -1.6 1.7 -1.3
v -1.6 1.8 -1.3
v 1.6 1.7 -1.3
v 1.6 1.8 -1.3
v 1.7 1.7 -1.3
v 1.7 1.8 -1.3
v -1.7 1.8 -1.4
v -1.7 1.9 -1.4
v -1.6 1.8 -1.4
v -1.6 1.9 -1.4
v 1.6 1.8 -1.4
v 1.6 1.9 -1.4
v 1.7 1.8 -1.4
v 1.7 1.9 -1.4
v -1.7 1.8 1.4
v -1.7 1.9 1.4
v -1.6 1.8 1.4
v -1.6 1.9 1.4
v 1.6 1.8 1.4
v 1.6 1.9 1.4
v 1.7 1.8 1.4
v 1.7 1.9 1.4
v -1.7 1.7 1.3
v -1.7 1.8 1.3
v -1.6 1.7 1.3
v -1.6 1.8 1.3
v 1.6 1.7 1.3
v 1.6 1.8 1.3
v 1.7 1.7 1.3
v 1.7 1.8 1.3
v -1.6 1.7 1.2
v -1.6 1.8 1.2
v -1.5 1.7 1.2
v -1.5 1.8 1.2
v -1.5 2.6 1.2
v -1.5 2.7 1.2
v -1.4 2.6 1.2
v -1.4 2.7 1.2
v 1.4 2.6 1.2
v 1.4 2.7 1.2
v 1.5 1.7 1.2
v 1.5 1.8 1.2
v 1.5 2.6 1.2
v 1.5 2.7 1.2
v 1.6 1.7 1.2
v 1.6 1.8 1.2
v -1.7 1.6 1.1
v -1.7 1.7 1.1
v -1.6 1.6 1.1
v -1.6 1.7 1.1
v -1.5 1.7 1.1
v -1.5 1.8 1.1
v -1.5 2.5 1.1
v -1.5 2.6 1.1
v -1.4 1.7 1.1
v -1.4 1.8 1.1
v -1.4 1.9 1.1
v -1.4 2.5 1.1
v -1.4 2.6 1.1
v -1.3 1.8 1.1
v -1.3 1.9 1.1
v 1.3 1.8 1.1
v 1.3 1.9 1.1
v 1.4 1.7 1.1
v 1.4 1.8 1.1
v 1.4 1.9 1.1
v 1.4 2.5 1.1
v 1.4 2.6 1.1
v 1.5 1.7 1.1
v 1.5 1.8 1.1
v 1.5 2.5 1.1
v 1.5 2.6 1.1
v 1.6 1.6 1.1
v 1.6 1.7 1.1
v 1.7 1.6 1.1
v 1.7 1.7 1.1
v -1.6 1.6 1
v -1.6 1.7 1
v -1.5 1.4 1
v -1.5 1.5 1
v -1.5 1.6 1
v -1.5 1.7 1
v -1.4 1.7 1
v -1.4 1.8 1
v -1.4 2.5 1
v -1.4 2.6 1
v -1.3 1.4 1
v -1.3 1.5 1
v -1.3 1.7 1
v -1.3 1.8 1
v -1.3 1.9 1
v -1.3 2.5 1
v -1.3 2.6 1
v -1.3 3.4 1
v -1.3 3.5 1
v -1.2 1.8 1
v -1.2 1.9 1
v -1.2 3.4 1
v -1.2 3.5 1
v 1.2 1.8 1
v 1.2 1.9 1
v 1.2 3.4 1
v 1.2 3.5 1
v 1.3 1.4 1
v 1.3 1.5 1
v 1.3 1.7 1
v 1.3 1.8 1
v 1.3 1.9 1
v 1.3 2.5 1
v 1.3 2.6 1
v 1.3 3.4 1
v 1.3 3.5 1
v 1.4 1.7 1
v 1.4 1.8 1
v 1.4 2.5 1
v 1.4 2.6 1
v 1.5 1.4 1
v 1.5 1.5 1
v 1.5 1.6 1
v 1.5 1.7 1
v 1.6 1.6 1
v 1.6 1.7 1
v -1.5 2.4 0.9
v -1.5 2.5 0.9
v -1.4 2.4 0.9
v -1.4 2.5 0.9
v -1.3 2.5 0.9
v -1.3 2.6 0.9
v -1.3 3.3 0.9
v -1.3 3.4 0.9
v -1.2 1.8 0.9
v -1.2 1.9 0.9
v -1.2 2.5 0.9
v -1.2 2.6 0.9
v -1.2 2.7 0.9
v -1.2 3.3 0.9
v -1.2 3.4 0.9
v -1.1 0.2 0.9
v -1.1 0.9 0.9
v -1.1 1 0.9
v -1.1 1.5 0.9
v -1.1 1.8 0.9
v -1.1 1.9 0.9
v -1.1 2.6 0.9
v -1.1 2.7 0.9
v -1 1.5 0.9
v -1 1.6 0.9
v 1.1 0.2 0.9
v 1.1 0.9 0.9
v 1.1 1 0.9
v 1.1 1.6 0.9
v 1.1 1.8 0.9
v 1.1 1.9 0.9
v 1.1 2.6 0.9
v 1.1 2.7 0.9
v 1.2 1.8 0.9
v 1.2 1.9 0.9
v 1.2 2.5 0.9
v 1.2 2.6 0.9
v 1.2 2.7 0.9
v 1.2 3.3 0.9
v 1.2 3.4 0.9
v 1.3 2.5 0.9
v 1.3 2.6 0.9
v 1.3 3.3 0.9
v 1.3 3.4 0.9
v 1.4 2.4 0.9
v 1.4 2.5 0.9
v 1.5 2.4 0.9
v 1.5 2.5 0.9
v -1.5 1.4 0.8
v -1.5 1.5 0.8
v -1.4 2.4 0.8
v -1.4 2.5 0.8
v -1.3 1.4 0.8
v -1.3 1.5 0.8
v -1.3 2.2 0.8
v -1.3 2.3 0.8
v -1.3 2.4 0.8
v -1.3 2.5 0.8
v -1.2 2.5 0.8
v -1.2 2.6 0.8
v -1.2 3.3 0.8
v -1.2 3.4 0.8
v -1.1 1.5 0.8
v -1.1 1.6 0.8
v -1.1 2.2 0.8
v -1.1 2.3 0.8
v -1.1 2.5 0.8
v -1.1 2.6 0.8
v -1.1 2.7 0.8
v -1.1 3.3 0.8
v -1.1 3.4 0.8
v -1 1.5 0.8
v -1 1.6 0.8
v -1 2.6 0.8
v -1 2.7 0.8
v 1 2.6 0.8
v 1 2.7 0.8
v 1.1 2.2 0.8
v 1.1 2.3 0.8
v 1.1 2.5 0.8
v 1.1 2.6 0.8
v 1.1 2.7 0.8
v 1.1 3.3 0.8
v 1.1 3.4 0.8
v 1.2 2.5 0.8
v 1.2 2.6 0.8
v 1.2 3.3 0.8
v 1.2 3.4 0.8
v 1.3 1.4 0.8
v 1.3 1.5 0.8
v 1.3 2.2 0.8
v 1.3 2.3 0.8
v 1.3 2.4 0.8
v 1.3 2.5 0.8
v 1.4 2.4 0.8
v 1.4 2.5 0.8
v 1.5 1.4 0.8
v 1.5 1.5 0.8
v -1.3 1.1 0.7
v -1.3 1.3 0.7
v -1.3 3.2 0.7
v -1.3 3.3 0.7
v -1.2 1.1 0.7
v -1.2 1.3 0.7
v -1.2 3.2 0.7
v -1.2 3.3 0.7
v -1.1 3.3 0.7
v -1.1 3.4 0.7
v -1 2.6 0.7
v -1 2.7 0.7
v -1 3.3 0.7
v -1 3.4 0.7
v -1 3.5 0.7
v -0.9 1.6 0.7
v -0.9 1.8 0.7
v -0.9 2.3 0.7
v -0.9 2.6 0.7
v -0.9 2.7 0.7
v -0.9 3.4 0.7
v -0.9 3.5 0.7
v -0.8 2.3 0.7
v -0.8 2.4 0.7
v 0.9 1.6 0.7
v 0.9 1.8 0.7
v 0.9 2.4 0.7
v 0.9 2.6 0.7
v 0.9 2.7 0.7
v 0.9 3.4 0.7
v 0.9 3.5 0.7
v 1 2.6 0.7
v 1 2.7 0.7
v 1 3.3 0.7
v 1 3.4 0.7
v 1 3.5 0.7
v 1.1 3.3 0.7
v 1.1 3.4 0.7
v 1.2 1.1 0.7
v 1.2 1.3 0.7
v 1.2 3.2 0.7
v 1.2 3.3 0.7
v 1.3 1.1 0.7
v 1.3 1.3 0.7
v 1.3 3.2 0.7
v 1.3 3.3 0.7
v -1.5 1.4 0.6
v -1.5 1.5 0.6
v -1.3 1.4 0.6
v -1.3 1.5 0.6
v -1.3 2.2 0.6
v -1.3 2.3 0.6
v -1.2 3.2 0.6
v -1.2 3.3 0.6
v -1.1 1.9 0.6
v -1.1 2.1 0.6
v -1.1 2.2 0.6
v -1.1 2.3 0.6
v -1.1 3 0.6
v -1.1 3.1 0.6
v -1.1 3.2 0.6
v -1.1 3.3 0.6
v -1 1.9 0.6
v -1 2.1 0.6
v -1 3.3 0.6
v -1 3.4 0.6
v -0.9 2.3 0.6
v -0.9 2.4 0.6
v -0.9 3 0.6
v -0.9 3.1 0.6
v -0.9 3.3 0.6
v -0.9 3.4 0.6
v -0.9 3.5 0.6
v -0.8 2.3 0.6
v -0.8 2.4 0.6
v -0.8 3.4 0.6
v -0.8 3.5 0.6
v -0.7 3.4 0.6
v -0.7 3.5 0.6
v -0.6 3.4 0.6
v -0.6 3.5 0.6
v 0.6 3.4 0.6
v 0.6 3.5 0.6
v 0.7 3.4 0.6
v 0.7 3.5 0.6
v 0.8 3.4 0.6
v 0.8 3.5 0.6
v 0.9 3 0.6
v 0.9 3.1 0.6
v 0.9 3.3 0.6
v 0.9 3.4 0.6
v 0.9 3.5 0.6
v 1 1.9 0.6
v 1 2.1 0.6
v 1 3.3 0.6
v 1 3.4 0.6
v 1.1 1.9 0.6
v 1.1 2.1 0.6
v 1.1 2.2 0.6
v 1.1 2.3 0.6
v 1.1 3 0.6
v 1.1 3.1 0.6
v 1.1 3.2 0.6
v 1.1 3.3 0.6
v 1.2 3.2 0.6
v 1.2 3.3 0.6
v 1.3 1.4 0.6
v 1.3 1.5 0.6
v 1.3 2.2 0.6
v 1.3 2.3 0.6
v 1.5 1.4 0.6
v 1.5 1.5 0.6
v -0.9 2.7 0.5
v -0.9 2.9 0.5
v -0.8 2.7 0.5
v -0.8 2.9 0.5
v -0.7 0.2 0.5
v -0.7 1 0.5
v -0.7 2.4 0.5
v -0.7 2.6 0.5
v -0.7 3.2 0.5
v -0.7 3.4 0.5
v -0.6 3.4 0.5
v -0.6 3.5 0.5
v -0.5 3.4 0.5
v -0.5 3.5 0.5
v 0.3 0.2 0.5
v 0.3 1 0.5
v 0.6 3.4 0.5
v 0.7 2.4 0.5
v 0.7 2.6 0.5
v 0.7 3.2 0.5
v 0.7 3.4 0.5
v 0.8 2.7 0.5
v 0.8 2.9 0.5
v 0.9 2.7 0.5
v 0.9 2.9 0.5
v -1.5 1.4 0.4
v -1.5 1.5 0.4
v -1.3 1.4 0.4
v -1.3 1.5 0.4
v -1.3 2.2 0.4
v -1.3 2.3 0.4
v -1.1 2.2 0.4
v -1.1 2.3 0.4
v -1.1 3 0.4
v -1.1 3.1 0.4
v -0.9 3 0.4
v -0.9 3.1 0.4
v -0.7 3.5 0.4
v -0.7 3.6 0.4
v -0.5 3.4 0.4
v -0.5 3.5 0.4
v -0.5 3.6 0.4
v 0.5 3.5 0.4
v 0.5 3.6 0.4
v 0.6 3.4 0.4
v 0.6 3.5 0.4
v 0.7 3.5 0.4
v 0.7 3.6 0.4
v 0.9 3 0.4
v 0.9 3.1 0.4
v 1.1 2.2 0.4
v 1.1 2.3 0.4
v 1.1 3 0.4
v 1.1 3.1 0.4
v 1.3 1.4 0.4
v 1.3 1.5 0.4
v 1.3 2.2 0.4
v 1.3 2.3 0.4
v 1.5 1.4 0.4
v 1.5 1.5 0.4
v -1.3 1.1 0.3
v -1.3 1.3 0.3
v -1.2 1.1 0.3
v -1.2 1.3 0.3
v -0.9 3.4 0.3
v -0.9 3.5 0.3
v -0.7 3.4 0.3
v -0.7 3.5 0.3
v -0.7 3.6 0.3
v -0.7 3.7 0.3
v -0.5 3.5 0.3
v -0.5 3.6 0.3
v -0.5 3.7 0.3
v 0.3 0.2 0.3
v 0.3 1 0.3
v 0.4 0.2 0.3
v 0.4 0.9 0.3
v 0.5 0.2 0.3
v 0.5 0.8 0.3
v 0.5 3.5 0.3
v 0.5 3.6 0.3
v 0.5 3.7 0.3
v 0.7 3.4 0.3
v 0.7 3.5 0.3
v 0.7 3.6 0.3
v 0.7 3.7 0.3
v 0.9 3.4 0.3
v 0.9 3.5 0.3
v 1.1 0.8 0.3
v 1.1 0.9 0.3
v 1.1 1 0.3
v 1.2 1.1 0.3
v 1.2 1.3 0.3
v 1.3 0.2 0.3
v 1.3 0.8 0.3
v 1.3 1.1 0.3
v 1.3 1.3 0.3
v -1.5 1.4 0.2
v -1.5 1.5 0.2
v -1.3 1.4 0.2
v -1.3 1.5 0.2
v -1.3 2.2 0.2
v -1.3 2.3 0.2
v -1.1 2.2 0.2
v -1.1 2.3 0.2
v -1.1 3 0.2
v -1.1 3.1 0.2
v -0.9 3 0.2
v -0.9 3.1 0.2
v -0.9 3.5 0.2
v -0.9 3.6 0.2
v -0.7 3.5 0.2
v -0.7 3.6 0.2
v -0.7 3.7 0.2
v -0.7 3.8 0.2
v -0.5 3.6 0.2
v -0.5 3.7 0.2
v -0.5 3.8 0.2
v 0.5 3.6 0.2
v 0.5 3.7 0.2
v 0.5 3.8 0.2
v 0.7 3.5 0.2
v 0.7 3.6 0.2
v 0.7 3.7 0.2
v 0.7 3.8 0.2
v 0.9 3 0.2
v 0.9 3.1 0.2
v 0.9 3.5 0.2
v 0.9 3.6 0.2
v 1.1 2.2 0.2
v 1.1 2.3 0.2
v 1.1 3 0.2
v 1.1 3.1 0.2
v 1.3 1.4 0.2
v 1.3 1.5 0.2
v 1.3 2.2 0.2
v 1.3 2.3 0.2
v 1.5 1.4 0.2
v 1.5 1.5 0.2
v -1.1 1.9 0.1
v -1.1 2.1 0.1
v -1 1.9 0.1
v -1 2.1 0.1
v -0.9 2.7 0.1
v -0.9 2.9 0.1
v -0.9 3.6 0.1
v -0.9 3.7 0.1
v -0.8 2.7 0.1
v -0.8 2.9 0.1
v -0.8 3.6 0.1
v -0.8 3.7 0.1
v -0.5 3.7 0.1
v -0.5 3.8 0.1
v 0.5 3.7 0.1
v 0.5 3.8 0.1
v 0.8 2.7 0.1
v 0.8 2.9 0.1
v 0.8 3.6 0.1
v 0.8 3.7 0.1
v 0.9 2.7 0.1
v 0.9 2.9 0.1
v 0.9 3.6 0.1
v 0.9 3.7 0.1
v 1 1.9 0.1
v 1 2.1 0.1
v 1.1 1.9 0.1
v 1.1 2.1 0.1
v -1.5 1.4 -0.1
v -1.5 1.5 -0.1
v -1.3 1.1 -0.1
v -1.3 1.3 -0.1
v -1.3 1.4 -0.1
v -1.3 1.5 -0.1
v -1.3 2.2 -0.1
v -1.3 2.3 -0.1
v -1.2 1.1 -0.1
v -1.2 1.3 -0.1
v -1.1 2.2 -0.1
v -1.1 2.3 -0.1
v -1.1 3 -0.1
v -1.1 3.1 -0.1
v -1 4.1 -0.1
v -1 4.2 -0.1
v -0.9 3 -0.1
v -0.9 3.1 -0.1
v -0.9 3.8 -0.1
v -0.9 3.9 -0.1
v -0.9 4 -0.1
v -0.9 4.1 -0.1
v -0.9 4.2 -0.1
v -0.9 4.3 -0.1
v -0.8 3.9 -0.1
v -0.8 4 -0.1
v -0.8 4.1 -0.1
v -0.8 4.3 -0.1
v -0.8 4.4 -0.1
v -0.7 3.8 -0.1
v -0.7 4 -0.1
v -0.7 4.1 -0.1
v -0.7 4.3 -0.1
v -0.7 4.4 -0.1
v -0.5 3.8 -0.1
v -0.5 4 -0.1
v 0.5 3.8 -0.1
v 0.5 4 -0.1
v 0.7 3.8 -0.1
v 0.7 4 -0.1
v 0.7 4.1 -0.1
v 0.7 4.3 -0.1
v 0.7 4.4 -0.1
v 0.8 3.9 -0.1
v 0.8 4 -0.1
v 0.8 4.1 -0.1
v 0.8 4.3 -0.1
v 0.8 4.4 -0.1
v 0.9 3 -0.1
v 0.9 3.1 -0.1
v 0.9 3.8 -0.1
v 0.9 3.9 -0.1
v 0.9 4 -0.1
v 0.9 4.1 -0.1
v 0.9 4.2 -0.1
v 0.9 4.3 -0.1
v 1 4.1 -0.1
v 1 4.2 -0.1
v 1.1 2.2 -0.1
v 1.1 2.3 -0.1
v 1.1 3 -0.1
v 1.1 3.1 -0.1
v 1.2 1.1 -0.1
v 1.2 1.3 -0.1
v 1.3 1.1 -0.1
v 1.3 1.3 -0.1
v 1.3 1.4 -0.1
v 1.3 1.5 -0.1
v 1.3 2.2 -0.1
v 1.3 2.3 -0.1
v 1.5 1.4 -0.1
v 1.5 1.5 -0.1
v -0.9 3.7 -0.2
v -0.9 3.8 -0.2
v -0.7 3.5 -0.2
v -0.7 3.6 -0.2
v -0.7 3.7 -0.2
v -0.7 3.8 -0.2
v -0.7 3.9 -0.2
v -0.7 4 -0.2
v -0.6 3.5 -0.2
v -0.6 3.6 -0.2
v -0.5 3.7 -0.2
v -0.5 3.8 -0.2
v -0.5 3.9 -0.2
v -0.5 4 -0.2
v 0.5 3.7 -0.2
v 0.5 3.8 -0.2
v 0.5 3.9 -0.2
v 0.5 4 -0.2
v 0.6 3.5 -0.2
v 0.6 3.6 -0.2
v 0.7 3.5 -0.2
v 0.7 3.6 -0.2
v 0.7 3.7 -0.2
v 0.7 3.8 -0.2
v 0.7 3.9 -0.2
v 0.7 4 -0.2
v 0.9 3.7 -0.2
v 0.9 3.8 -0.2
v -1.5 1.4 -0.3
v -1.5 1.5 -0.3
v -1.3 1.4 -0.3
v -1.3 1.5 -0.3
v -1.3 2.2 -0.3
v -1.3 2.3 -0.3
v -1.1 2.2 -0.3
v -1.1 2.3 -0.3
v -1.1 3 -0.3
v -1.1 3.1 -0.3
v -0.9 2.7 -0.3
v -0.9 2.9 -0.3
v -0.9 3 -0.3
v -0.9 3.1 -0.3
v -0.9 3.6 -0.3
v -0.9 3.7 -0.3
v -0.8 2.7 -0.3
v -0.8 2.9 -0.3
v -0.7 3.4 -0.3
v -0.7 3.5 -0.3
v -0.7 3.6 -0.3
v -0.7 3.7 -0.3
v -0.7 3.8 -0.3
v -0.7 3.9 -0.3
v -0.6 3.4 -0.3
v -0.6 3.5 -0.3
v -0.5 3.6 -0.3
v -0.5 3.7 -0.3
v -0.5 3.8 -0.3
v -0.5 3.9 -0.3
v 0.5 3.6 -0.3
v 0.5 3.7 -0.3
v 0.5 3.8 -0.3
v 0.5 3.9 -0.3
v 0.6 3.4 -0.3
v 0.6 3.5 -0.3
v 0.7 3.4 -0.3
v 0.7 3.5 -0.3
v 0.7 3.6 -0.3
v 0.7 3.7 -0.3
v 0.7 3.8 -0.3
v 0.7 3.9 -0.3
v 0.8 2.7 -0.3
v 0.8 2.9 -0.3
v 0.9 2.7 -0.3
v 0.9 2.9 -0.3
v 0.9 3 -0.3
v 0.9 3.1 -0.3
v 0.9 3.6 -0.3
v 0.9 3.7 -0.3
v 1.1 2.2 -0.3
v 1.1 2.3 -0.3
v 1.1 3 -0.3
v 1.1 3.1 -0.3
v 1.3 1.4 -0.3
v 1.3 1.5 -0.3
v 1.3 2.2 -0.3
v 1.3 2.3 -0.3
v 1.5 1.4 -0.3
v 1.5 1.5 -0.3
v -1.1 1.9 -0.4
v -1.1 2.1 -0.4
v -1 1.9 -0.4
v -1 2.1 -0.4
v -0.9 3.5 -0.4
v -0.9 3.6 -0.4
v -0.7 3.5 -0.4
v -0.7 3.6 -0.4
v -0.7 3.7 -0.4
v -0.7 3.8 -0.4
v -0.5 3.5 -0.4
v -0.5 3.6 -0.4
v -0.5 3.7 -0.4
v -0.5 3.8 -0.4
v 0.5 3.5 -0.4
v 0.5 3.6 -0.4
v 0.5 3.7 -0.4
v 0.5 3.8 -0.4
v 0.7 3.5 -0.4
v 0.7 3.6 -0.4
v 0.7 3.7 -0.4
v 0.7 3.8 -0.4
v 0.9 3.5 -0.4
v 0.9 3.6 -0.4
v 1 1.9 -0.4
v 1 2.1 -0.4
v 1.1 1.9 -0.4
v 1.1 2.1 -0.4
v -1.5 1.4 -0.5
v -1.5 1.5 -0.5
v -1.3 1.1 -0.5
v -1.3 1.3 -0.5
v -1.3 1.4 -0.5
v -1.3 1.5 -0.5
v -1.3 2.2 -0.5
v -1.3 2.3 -0.5
v -1.2 1.1 -0.5
v -1.2 1.3 -0.5
v -1.1 2.2 -0.5
v -1.1 2.3 -0.5
v -1.1 3 -0.5
v -1.1 3.1 -0.5
v -0.9 0.2 -0.5
v -0.9 0.9 -0.5
v -0.9 3 -0.5
v -0.9 3.1 -0.5
v -0.9 3.4 -0.5
v -0.9 3.5 -0.5
v -0.8 3.4 -0.5
v -0.8 3.5 -0.5
v -0.7 0.2 -0.5
v -0.7 0.9 -0.5
v -0.7 3.6 -0.5
v -0.7 3.7 -0.5
v -0.5 3.4 -0.5
v -0.5 3.5 -0.5
v -0.5 3.6 -0.5
v -0.5 3.7 -0.5
v 0.3 0.2 -0.5
v 0.3 0.9 -0.5
v 0.5 3.4 -0.5
v 0.5 3.5 -0.5
v 0.5 3.6 -0.5
v 0.5 3.7 -0.5
v 0.7 3.6 -0.5
v 0.7 3.7 -0.5
v 0.8 3.4 -0.5
v 0.8 3.5 -0.5
v 0.9 3 -0.5
v 0.9 3.1 -0.5
v 0.9 3.4 -0.5
v 0.9 3.5 -0.5
v 1.1 0.2 -0.5
v 1.1 0.9 -0.5
v 1.1 2.2 -0.5
v 1.1 2.3 -0.5
v 1.1 3 -0.5
v 1.1 3.1 -0.5
v 1.2 1.1 -0.5
v 1.2 1.3 -0.5
v 1.3 1.1 -0.5
v 1.3 1.3 -0.5
v 1.3 1.4 -0.5
v 1.3 1.5 -0.5
v 1.3 2.2 -0.5
v 1.3 2.3 -0.5
v 1.5 1.4 -0.5
v 1.5 1.5 -0.5
v -0.8 3.4 -0.6
v -0.8 3.5 -0.6
v -0.7 3.4 -0.6
v -0.7 3.5 -0.6
v -0.7 3.6 -0.6
v -0.5 2.7 -0.6
v -0.5 2.9 -0.6
v -0.5 3.5 -0.6
v -0.5 3.6 -0.6
v -0.3 2.7 -0.6
v -0.3 2.9 -0.6
v -0.1 2.7 -0.6
v -0.1 2.9 -0.6
v 0.0999999 2.7 -0.6
v 0.0999999 2.9 -0.6
v 0.3 2.7 -0.6
v 0.3 2.9 -0.6
v 0.5 2.7 -0.6
v 0.5 2.9 -0.6
v 0.5 3.5 -0.6
v 0.5 3.6 -0.6
v 0.7 3.4 -0.6
v 0.7 3.5 -0.6
v 0.7 3.6 -0.6
v 0.8 3.4 -0.6
v 0.8 3.5 -0.6
v -1.5 1.4 -0.7
v -1.5 1.5 -0.7
v -1.3 1.4 -0.7
v -1.3 1.5 -0.7
v -1.3 2.2 -0.7
v -1.3 2.3 -0.7
v -1.3 3.1 -0.7
v -1.3 3.2 -0.7
v -1.1 2.2 -0.7
v -1.1 2.3 -0.7
v -1.1 3 -0.7
v -1.1 3.1 -0.7
v -1.1 3.2 -0.7
v -0.9 2.6 -0.7
v -0.9 2.7 -0.7
v -0.9 3 -0.7
v -0.9 3.1 -0.7
v -0.9 3.4 -0.7
v -0.9 3.5 -0.7
v -0.8 3 -0.7
v -0.8 3.1 -0.7
v -0.8 3.3 -0.7
v -0.8 3.4 -0.7
v -0.8 3.5 -0.7
v -0.7 0.2 -0.7
v -0.7 0.8 -0.7
v -0.7 3 -0.7
v -0.7 3.1 -0.7
v -0.7 3.3 -0.7
v -0.7 3.4 -0.7
v -0.7 3.5 -0.7
v -0.6 3 -0.7
v -0.6 3.1 -0.7
v -0.5 2.7 -0.7
v -0.5 2.9 -0.7
v -0.5 3 -0.7
v -0.5 3.1 -0.7
v -0.5 3.3 -0.7
v -0.5 3.4 -0.7
v -0.5 3.5 -0.7
v -0.4 3 -0.7
v -0.4 3.1 -0.7
v -0.3 2.7 -0.7
v -0.3 2.9 -0.7
v -0.3 3 -0.7
v -0.3 3.1 -0.7
v -0.2 3 -0.7
v -0.2 3.1 -0.7
v -0.1 2.7 -0.7
v -0.1 2.9 -0.7
v -0.1 3 -0.7
v -0.1 3.1 -0.7
v 0.0999999 2.7 -0.7
v 0.0999999 2.9 -0.7
v 0.0999999 3 -0.7
v 0.0999999 3.1 -0.7
v 0.2 3 -0.7
v 0.2 3.1 -0.7
v 0.3 0.2 -0.7
v 0.3 0.8 -0.7
v 0.3 2.7 -0.7
v 0.3 2.9 -0.7
v 0.3 3 -0.7
v 0.3 3.1 -0.7
v 0.4 3 -0.7
v 0.4 3.1 -0.7
v 0.5 2.7 -0.7
v 0.5 2.9 -0.7
v 0.5 3 -0.7
v 0.5 3.1 -0.7
v 0.5 3.3 -0.7
v 0.5 3.4 -0.7
v 0.5 3.5 -0.7
v 0.6 3 -0.7
v 0.6 3.1 -0.7
v 0.7 3 -0.7
v 0.7 3.1 -0.7
v 0.7 3.3 -0.7
v 0.7 3.4 -0.7
v 0.7 3.5 -0.7
v 0.8 3 -0.7
v 0.8 3.1 -0.7
v 0.8 3.3 -0.7
v 0.8 3.4 -0.7
v 0.8 3.5 -0.7
v 0.9 2.6 -0.7
v 0.9 2.7 -0.7
v 0.9 3 -0.7
v 0.9 3.1 -0.7
v 0.9 3.4 -0.7
v 0.9 3.5 -0.7
v 1.1 2.2 -0.7
v 1.1 2.3 -0.7
v 1.1 3 -0.7
v 1.1 3.1 -0.7
v 1.1 3.2 -0.7
v 1.3 1.4 -0.7
v 1.3 1.5 -0.7
v 1.3 2.2 -0.7
v 1.3 2.3 -0.7
v 1.3 3.1 -0.7
v 1.3 3.2 -0.7
v 1.5 1.4 -0.7
v 1.5 1.5 -0.7
v -1 2.6 -0.8
v -1 2.7 -0.8
v -1 3.4 -0.8
v -1 3.5 -0.8
v -0.9 2.6 -0.8
v -0.9 2.7 -0.8
v -0.9 3.3 -0.8
v -0.9 3.4 -0.8
v -0.9 3.5 -0.8
v -0.8 3.3 -0.8
v -0.8 3.4 -0.8
v -0.7 3.3 -0.8
v -0.7 3.4 -0.8
v -0.6 1.9 -0.8
v -0.6 2.1 -0.8
v -0.5 3.3 -0.8
v -0.5 3.4 -0.8
v -0.4 1.9 -0.8
v -0.4 2.1 -0.8
v -0.1 1.9 -0.8
v -0.1 2.1 -0.8
v 0.0999999 1.9 -0.8
v 0.0999999 2.1 -0.8
v 0.4 1.9 -0.8
v 0.4 2.1 -0.8
v 0.5 3.3 -0.8
v 0.5 3.4 -0.8
v 0.6 1.9 -0.8
v 0.6 2.1 -0.8
v 0.7 3.3 -0.8
v 0.7 3.4 -0.8
v 0.8 3.3 -0.8
v 0.8 3.4 -0.8
v 0.9 2.6 -0.8
v 0.9 2.7 -0.8
v 0.9 3.3 -0.8
v 0.9 3.4 -0.8
v 0.9 3.5 -0.8
v 1 2.6 -0.8
v 1 2.7 -0.8
v 1 3.4 -0.8
v 1 3.5 -0.8
v -1.5 1.4 -0.9
v -1.5 1.5 -0.9
v -1.5 2.3 -0.9
v -1.5 2.4 -0.9
v -1.3 1.4 -0.9
v -1.3 1.5 -0.9
v -1.3 2.2 -0.9
v -1.3 2.3 -0.9
v -1.3 2.4 -0.9
v -1.3 3.2 -0.9
v -1.3 3.3 -0.9
v -1.1 1.8 -0.9
v -1.1 1.9 -0.9
v -1.1 2.2 -0.9
v -1.1 2.3 -0.9
v -1.1 2.6 -0.9
v -1.1 2.7 -0.9
v -1.1 3.1 -0.9
v -1.1 3.2 -0.9
v -1.1 3.3 -0.9
v -1 2.2 -0.9
v -1 2.3 -0.9
v -1 2.5 -0.9
v -1 2.6 -0.9
v -1 2.7 -0.9
v -1 3.3 -0.9
v -1 3.4 -0.9
v -0.9 2.2 -0.9
v -0.9 2.3 -0.9
v -0.9 3 -0.9
v -0.9 3.1 -0.9
v -0.9 3.2 -0.9
v -0.9 3.3 -0.9
v -0.9 3.4 -0.9
v -0.8 2.2 -0.9
v -0.8 2.3 -0.9
v -0.8 3 -0.9
v -0.8 3.1 -0.9
v -0.8 3.2 -0.9
v -0.8 3.3 -0.9
v -0.7 2.2 -0.9
v -0.7 2.3 -0.9
v -0.7 3 -0.9
v -0.7 3.1 -0.9
v -0.6 1.9 -0.9
v -0.6 2.1 -0.9
v -0.6 2.2 -0.9
v -0.6 2.3 -0.9
v -0.6 3 -0.9
v -0.6 3.1 -0.9
v -0.5 2.2 -0.9
v -0.5 2.3 -0.9
v -0.5 3 -0.9
v -0.5 3.1 -0.9
v -0.4 1.9 -0.9
v -0.4 2.1 -0.9
v -0.4 2.2 -0.9
v -0.4 2.3 -0.9
v -0.4 3 -0.9
v -0.4 3.1 -0.9
v -0.3 2.2 -0.9
v -0.3 2.3 -0.9
v -0.3 3 -0.9
v -0.3 3.1 -0.9
v -0.2 2.2 -0.9
v -0.2 2.3 -0.9
v -0.2 3 -0.9
v -0.2 3.1 -0.9
v -0.1 1.9 -0.9
v -0.1 2.1 -0.9
v -0.1 2.2 -0.9
v -0.1 2.3 -0.9
v -0.1 3 -0.9
v -0.1 3.1 -0.9
v 0.0999999 1.9 -0.9
v 0.0999999 2.1 -0.9
v 0.0999999 2.2 -0.9
v 0.0999999 2.3 -0.9
v 0.0999999 3 -0.9
v 0.0999999 3.1 -0.9
v 0.2 2.2 -0.9
v 0.2 2.3 -0.9
v 0.2 3 -0.9
v 0.2 3.1 -0.9
v 0.3 2.2 -0.9
v 0.3 2.3 -0.9
v 0.3 3 -0.9
v 0.3 3.1 -0.9
v 0.4 1.9 -0.9
v 0.4 2.1 -0.9
v 0.4 2.2 -0.9
v 0.4 2.3 -0.9
v 0.4 3 -0.9
v 0.4 3.1 -0.9
v 0.5 2.2 -0.9
v 0.5 2.3 -0.9
v 0.5 3 -0.9
v 0.5 3.1 -0.9
v 0.6 1.9 -0.9
v 0.6 2.1 -0.9
v 0.6 2.2 -0.9
v 0.6 2.3 -0.9
v 0.6 3 -0.9
v 0.6 3.1 -0.9
v 0.7 2.2 -0.9
v 0.7 2.3 -0.9
v 0.7 3 -0.9
v 0.7 3.1 -0.9
v 0.8 2.2 -0.9
v 0.8 2.3 -0.9
v 0.8 3 -0.9
v 0.8 3.1 -0.9
v 0.8 3.2 -0.9
v 0.8 3.3 -0.9
v 0.9 2.2 -0.9
v 0.9 2.3 -0.9
v 0.9 3 -0.9
v 0.9 3.1 -0.9
v 0.9 3.2 -0.9
v 0.9 3.3 -0.9
v 0.9 3.4 -0.9
v 1 2.2 -0.9
v 1 2.3 -0.9
v 1 2.5 -0.9
v 1 2.6 -0.9
v 1 2.7 -0.9
v 1 3.3 -0.9
v 1 3.4 -0.9
v 1.1 1.8 -0.9
v 1.1 1.9 -0.9
v 1.1 2.2 -0.9
v 1.1 2.3 -0.9
v 1.1 2.6 -0.9
v 1.1 2.7 -0.9
v 1.1 3.1 -0.9
v 1.1 3.2 -0.9
v 1.1 3.3 -0.9
v 1.3 1.4 -0.9
v 1.3 1.5 -0.9
v 1.3 2.2 -0.9
v 1.3 2.3 -0.9
v 1.3 2.4 -0.9
v 1.3 3.2 -0.9
v 1.3 3.3 -0.9
v 1.5 1.4 -0.9
v 1.5 1.5 -0.9
v 1.5 2.3 -0.9
v 1.5 2.4 -0.9
v -1.2 0.9 -1
v -1.2 1 -1
v -1.2 1.8 -1
v -1.2 1.9 -1
v -1.2 2.6 -1
v -1.2 2.7 -1
v -1.1 1.8 -1
v -1.1 1.9 -1
v -1.1 2.5 -1
v -1.1 2.6 -1
v -1.1 2.7 -1
v -1.1 3.3 -1
v -1.1 3.4 -1
v -1 1.1 -1
v -1 1.3 -1
v -1 2.5 -1
v -1 2.6 -1
v -1 3.3 -1
v -1 3.4 -1
v -0.9 3.2 -1
v -0.9 3.3 -1
v -0.8 1.1 -1
v -0.8 1.3 -1
v -0.8 3.2 -1
v -0.8 3.3 -1
v -0.4 1.1 -1
v -0.4 1.3 -1
v -0.2 1.1 -1
v -0.2 1.3 -1
v 0.2 1.1 -1
v 0.2 1.3 -1
v 0.4 1.1 -1
v 0.4 1.3 -1
v 0.8 1.1 -1
v 0.8 1.3 -1
v 0.8 3.2 -1
v 0.8 3.3 -1
v 0.9 3.2 -1
v 0.9 3.3 -1
v 1 1.1 -1
v 1 1.3 -1
v 1 2.5 -1
v 1 2.6 -1
v 1 3.3 -1
v 1 3.4 -1
v 1.1 1.8 -1
v 1.1 1.9 -1
v 1.1 2.5 -1
v 1.1 2.6 -1
v 1.1 2.7 -1
v 1.1 3.3 -1
v 1.1 3.4 -1
v 1.2 0.9 -1
v 1.2 1 -1
v 1.2 1.8 -1
v 1.2 1.9 -1
v 1.2 2.6 -1
v 1.2 2.7 -1
v -1.7 1.5 -1.1
v -1.7 1.6 -1.1
v -1.5 1.4 -1.1
v -1.5 1.5 -1.1
v -1.5 1.6 -1.1
v -1.5 2.4 -1.1
v -1.5 2.5 -1.1
v -1.3 0.2 -1.1
v -1.3 0.9 -1.1
v -1.3 1 -1.1
v -1.3 1.4 -1.1
v -1.3 1.5 -1.1
v -1.3 1.8 -1.1
v -1.3 1.9 -1.1
v -1.3 2.3 -1.1
v -1.3 2.4 -1.1
v -1.3 2.5 -1.1
v -1.3 3.3 -1.1
v -1.3 3.5 -1.1
v -1.2 1.4 -1.1
v -1.2 1.5 -1.1
v -1.2 1.7 -1.1
v -1.2 1.8 -1.1
v -1.2 1.9 -1.1
v -1.2 2.5 -1.1
v -1.2 2.6 -1.1
v -1.2 3.4 -1.1
v -1.2 3.5 -1.1
v -1.1 1.4 -1.1
v -1.1 1.5 -1.1
v -1.1 2.2 -1.1
v -1.1 2.3 -1.1
v -1.1 2.4 -1.1
v -1.1 2.5 -1.1
v -1.1 2.6 -1.1
v -1.1 3.2 -1.1
v -1.1 3.3 -1.1
v -1.1 3.4 -1.1
v -1 1.1 -1.1
v -1 1.3 -1.1
v -1 1.4 -1.1
v -1 1.5 -1.1
v -1 2.2 -1.1
v -1 2.3 -1.1
v -1 2.4 -1.1
v -1 2.5 -1.1
v -0.9 1.4 -1.1
v -0.9 1.5 -1.1
v -0.9 2.2 -1.1
v -0.9 2.3 -1.1
v -0.9 3.1 -1.1
v -0.9 3.2 -1.1
v -0.9 3.3 -1.1
v -0.8 1.1 -1.1
v -0.8 1.3 -1.1
v -0.8 1.4 -1.1
v -0.8 1.5 -1.1
v -0.8 2.2 -1.1
v -0.8 2.3 -1.1
v -0.7 1.4 -1.1
v -0.7 1.5 -1.1
v -0.7 2.2 -1.1
v -0.7 2.3 -1.1
v -0.6 1.4 -1.1
v -0.6 1.5 -1.1
v -0.6 2.2 -1.1
v -0.6 2.3 -1.1
v -0.5 1.4 -1.1
v -0.5 1.5 -1.1
v -0.5 2.2 -1.1
v -0.5 2.3 -1.1
v -0.4 1.1 -1.1
v -0.4 1.3 -1.1
v -0.4 1.4 -1.1
v -0.4 1.5 -1.1
v -0.4 2.2 -1.1
v -0.4 2.3 -1.1
v -0.3 1.4 -1.1
v -0.3 1.5 -1.1
v -0.3 2.2 -1.1
v -0.3 2.3 -1.1
v -0.2 1.1 -1.1
v -0.2 1.3 -1.1
v -0.2 1.4 -1.1
v -0.2 1.5 -1.1
v -0.2 2.2 -1.1
v -0.2 2.3 -1.1
v -0.1 1.4 -1.1
v -0.1 1.5 -1.1
v -0.1 2.2 -1.1
v -0.1 2.3 -1.1
v 0.0999999 1.4 -1.1
v 0.0999999 1.5 -1.1
v 0.0999999 2.2 -1.1
v 0.0999999 2.3 -1.1
v 0.2 1.1 -1.1
v 0.2 1.3 -1.1
v 0.2 1.4 -1.1
v 0.2 1.5 -1.1
v 0.2 2.2 -1.1
v 0.2 2.3 -1.1
v 0.3 1.4 -1.1
v 0.3 1.5 -1.1
v 0.3 2.2 -1.1
v 0.3 2.3 -1.1
v 0.4 1.1 -1.1
v 0.4 1.3 -1.1
v 0.4 1.4 -1.1
v 0.4 1.5 -1.1
v 0.4 2.2 -1.1
v 0.4 2.3 -1.1
v 0.5 1.4 -1.1
v 0.5 1.5 -1.1
v 0.5 2.2 -1.1
v 0.5 2.3 -1.1
v 0.6 1.4 -1.1
v 0.6 1.5 -1.1
v 0.6 2.2 -1.1
v 0.6 2.3 -1.1
v 0.7 1.4 -1.1
v 0.7 1.5 -1.1
v 0.7 2.2 -1.1
v 0.7 2.3 -1.1
v 0.8 1.1 -1.1
v 0.8 1.3 -1.1
v 0.8 1.4 -1.1
v 0.8 1.5 -1.1
v 0.8 2.2 -1.1
v 0.8 2.3 -1.1
v 0.9 1.4 -1.1
v 0.9 1.5 -1.1
v 0.9 2.2 -1.1
v 0.9 2.3 -1.1
v 0.9 3.1 -1.1
v 0.9 3.2 -1.1
v 0.9 3.3 -1.1
v 1 1.1 -1.1
v 1 1.3 -1.1
v 1 1.4 -1.1
v 1 1.5 -1.1
v 1 2.2 -1.1
v 1 2.3 -1.1
v 1 2.4 -1.1
v 1 2.5 -1.1
v 1.1 1.4 -1.1
v 1.1 1.5 -1.1
v 1.1 2.2 -1.1
v 1.1 2.3 -1.1
v 1.1 2.4 -1.1
v 1.1 2.5 -1.1
v 1.1 2.6 -1.1
v 1.1 3.2 -1.1
v 1.1 3.3 -1.1
v 1.1 3.4 -1.1
v 1.2 1.4 -1.1
v 1.2 1.5 -1.1
v 1.2 1.7 -1.1
v 1.2 1.8 -1.1
v 1.2 1.9 -1.1
v 1.2 2.5 -1.1
v 1.2 2.6 -1.1
v 1.2 3.4 -1.1
v 1.2 3.5 -1.1
v 1.3 0.2 -1.1
v 1.3 0.9 -1.1
v 1.3 1 -1.1
v 1.3 1.4 -1.1
v 1.3 1.5 -1.1
v 1.3 1.8 -1.1
v 1.3 1.9 -1.1
v 1.3 2.3 -1.1
v 1.3 2.4 -1.1
v 1.3 2.5 -1.1
v 1.3 3.3 -1.1
v 1.3 3.5 -1.1
v 1.5 1.4 -1.1
v 1.5 1.5 -1.1
v 1.5 1.6 -1.1
v 1.5 2.4 -1.1
v 1.5 2.5 -1.1
v 1.7 1.5 -1.1
v 1.7 1.6 -1.1
v -1.4 1.8 -1.2
v -1.4 1.9 -1.2
v -1.3 1.7 -1.2
v -1.3 1.8 -1.2
v -1.3 1.9 -1.2
v -1.3 2.5 -1.2
v -1.3 2.6 -1.2
v -1.2 1.7 -1.2
v -1.2 1.8 -1.2
v -1.2 2.5 -1.2
v -1.2 2.6 -1.2
v -1.1 2.4 -1.2
v -1.1 2.5 -1.2
v -1 2.4 -1.2
v -1 2.5 -1.2
v 1 2.4 -1.2
v 1 2.5 -1.2
v 1.1 2.4 -1.2
v 1.1 2.5 -1.2
v 1.2 1.7 -1.2
v 1.2 1.8 -1.2
v 1.2 2.5 -1.2
v 1.2 2.6 -1.2
v 1.3 1.7 -1.2
v 1.3 1.8 -1.2
v 1.3 1.9 -1.2
v 1.3 2.5 -1.2
v 1.3 2.6 -1.2
v 1.4 1.8 -1.2
v 1.4 1.9 -1.2
v -1.7 1.6 -1.3
v -1.7 1.7 -1.3
v -1.5 1.5 -1.3
v -1.5 1.6 -1.3
v -1.5 1.7 -1.3
v -1.5 2.5 -1.3
v -1.5 2.7 -1.3
v -1.4 1.7 -1.3
v -1.4 1.8 -1.3
v -1.4 2.6 -1.3
v -1.4 2.7 -1.3
v -1.3 1.4 -1.3
v -1.3 1.5 -1.3
v -1.3 1.6 -1.3
v -1.3 1.7 -1.3
v -1.3 1.8 -1.3
v -1.3 2.4 -1.3
v -1.3 2.5 -1.3
v -1.3 2.6 -1.3
v -1.2 1.4 -1.3
v -1.2 1.5 -1.3
v -1.2 1.6 -1.3
v -1.2 1.7 -1.3
v -1.1 1.4 -1.3
v -1.1 1.5 -1.3
v -1.1 2.3 -1.3
v -1.1 2.4 -1.3
v -1.1 2.5 -1.3
v -1 1.4 -1.3
v -1 1.5 -1.3
v -0.9 1.4 -1.3
v -0.9 1.5 -1.3
v -0.8 1.4 -1.3
v -0.8 1.5 -1.3
v -0.7 1.4 -1.3
v -0.7 1.5 -1.3
v -0.6 1.4 -1.3
v -0.6 1.5 -1.3
v -0.5 1.4 -1.3
v -0.5 1.5 -1.3
v -0.4 1.4 -1.3
v -0.4 1.5 -1.3
v -0.3 1.4 -1.3
v -0.3 1.5 -1.3
v -0.2 1.4 -1.3
v -0.2 1.5 -1.3
v -0.1 1.4 -1.3
v -0.1 1.5 -1.3
v 0.0999999 1.4 -1.3
v 0.0999999 1.5 -1.3
v 0.2 1.4 -1.3
v 0.2 1.5 -1.3
v 0.3 1.4 -1.3
v 0.3 1.5 -1.3
v 0.4 1.4 -1.3
v 0.4 1.5 -1.3
v 0.5 1.4 -1.3
v 0.5 1.5 -1.3
v 0.6 1.4 -1.3
v 0.6 1.5 -1.3
v 0.7 1.4 -1.3
v 0.7 1.5 -1.3
v 0.8 1.4 -1.3
v 0.8 1.5 -1.3
v 0.9 1.4 -1.3
v 0.9 1.5 -1.3
v 1 1.4 -1.3
v 1 1.5 -1.3
v 1.1 1.4 -1.3
v 1.1 1.5 -1.3
v 1.1 2.3 -1.3
v 1.1 2.4 -1.3
v 1.1 2.5 -1.3
v 1.2 1.4 -1.3
v 1.2 1.5 -1.3
v 1.2 1.6 -1.3
v 1.2 1.7 -1.3
v 1.3 1.4 -1.3
v 1.3 1.5 -1.3
v 1.3 1.6 -1.3
v 1.3 1.7 -1.3
v 1.3 1.8 -1.3
v 1.3 2.4 -1.3
v 1.3 2.5 -1.3
v 1.3 2.6 -1.3
v 1.4 1.7 -1.3
v 1.4 1.8 -1.3
v 1.4 2.6 -1.3
v 1.4 2.7 -1.3
v 1.5 1.5 -1.3
v 1.5 1.6 -1.3
v 1.5 1.7 -1.3
v 1.5 2.5 -1.3
v 1.5 2.7 -1.3
v 1.7 1.6 -1.3
v 1.7 1.7 -1.3
v -1.5 1.7 -1.4
v -1.5 1.8 -1.4
v -1.4 1.7 -1.4
v -1.4 1.8 -1.4
v -1.3 1.6 -1.4
v -1.3 1.7 -1.4
v -1.2 1.6 -1.4
v -1.2 1.7 -1.4
v 1.2 1.6 -1.4
v 1.2 1.7 -1.4
v 1.3 1.6 -1.4
v 1.3 1.7 -1.4
v 1.4 1.7 -1.4
v 1.4 1.8 -1.4
v 1.5 1.7 -1.4
v 1.5 1.8 -1.4
v -1.7 0 -1.5
v -1.7 0.2 -1.5
v -1.7 1.7 -1.5
v -1.7 1.9 -1.5
v -1.6 1.8 -1.5
v -1.6 1.9 -1.5
v -1.5 1.6 -1.5
v -1.5 1.7 -1.5
v -1.5 1.8 -1.5
v -1.3 1.5 -1.5
v -1.3 1.6 -1.5
v -1.3 1.7 -1.5
v 1.3 1.5 -1.5
v 1.3 1.6 -1.5
v 1.3 1.7 -1.5
v 1.5 1.6 -1.5
v 1.5 1.7 -1.5
v 1.5 1.8 -1.5
v 1.6 1.8 -1.5
v 1.6 1.9 -1.5
v 1.7 0 -1.5
v 1.7 0.2 -1.5
v 1.7 1.7 -1.5
v 1.7 1.9 -1.5
v -1.7 0 1.5
v 1.7 0 1.5
v -1.5 0 1.3
v 1.5 0 1.3
v -0.7 0 0.5
v 0.5 0 0.5
v 0.5 0 0.3
v 1.3 0 0.3
v 1.5 0 0.1
v 1.7 0 0.1
v 1.5 0 -0.1
v 1.7 0 -0.1
v 0.5 0 -0.3
v 1.3 0 -0.3
v -0.7 0 -0.5
v 0.5 0 -0.5
v -1.5 0 -1.3
v 1.5 0 -1.3
v -1.7 0 -1.5
v 1.7 0 -1.5
v 0.5 0.8 0.3
v 1.1 0.8 0.3
v 1.3 0.8 0.3
v 0.5 0.8 -0.3
v 1.1 0.8 -0.3
v 1.3 0.8 -0.3
v -1.1 0.8 -0.7
v -0.7 0.8 -0.7
v 0.3 0.8 -0.7
v -1.1 0.8 -0.9
v 0.3 0.8 -0.9
v -1.1 0.9 0.9
v 1.1 0.9 0.9
v -0.7 0.9 0.7
v 0.3 0.9 0.7
v -0.9 0.9 0.5
v -0.7 0.9 0.5
v 0.3 0.9 0.5
v 1.1 0.9 0.5
v -0.9 0.9 -0.5
v -0.7 0.9 -0.5
v 0.3 0.9 -0.5
v 1.1 0.9 -0.5
v -1.1 0.9 -0.7
v -0.7 0.9 -0.7
v 0.3 0.9 -0.9
v 1.1 0.9 -0.9
v -1.3 1 1.1
v 1.3 1 1.1
v -1.2 1 1
v 1.2 1 1
v -1.2 1 -1
v 1.2 1 -1
v -1.3 1 -1.1
v 1.3 1 -1.1
v -1 1.3 1.1
v -0.8 1.3 1.1
v -0.4 1.3 1.1
v -0.2 1.3 1.1
v 0.2 1.3 1.1
v 0.4 1.3 1.1
v 0.8 1.3 1.1
v 1 1.3 1.1
v -1 1.3 1
v -0.8 1.3 1
v -0.4 1.3 1
v -0.2 1.3 1
v 0.2 1.3 1
v 0.4 1.3 1
v 0.8 1.3 1
v 1 1.3 1
v -1.3 1.3 0.7
v -1.2 1.3 0.7
v 1.2 1.3 0.7
v 1.3 1.3 0.7
v -1.3 1.3 0.5
v -1.2 1.3 0.5
v 1.2 1.3 0.5
v 1.3 1.3 0.5
v -1.3 1.3 0.3
v -1.2 1.3 0.3
v 1.2 1.3 0.3
v 1.3 1.3 0.3
v -1.3 1.3 0.1
v -1.2 1.3 0.1
v 1.2 1.3 0.1
v 1.3 1.3 0.1
v -1.3 1.3 -0.1
v -1.2 1.3 -0.1
v 1.2 1.3 -0.1
v 1.3 1.3 -0.1
v -1.3 1.3 -0.3
v -1.2 1.3 -0.3
v 1.2 1.3 -0.3
v 1.3 1.3 -0.3
v -1.3 1.3 -0.5
v -1.2 1.3 -0.5
v 1.2 1.3 -0.5
v 1.3 1.3 -0.5
v -1.3 1.3 -0.7
v -1.2 1.3 -0.7
v 1.2 1.3 -0.7
v 1.3 1.3 -0.7
v -1 1.3 -1
v -0.8 1.3 -1
v -0.4 1.3 -1
v -0.2 1.3 -1
v 0.2 1.3 -1
v 0.4 1.3 -1
v 0.8 1.3 -1
v 1 1.3 -1
v -1 1.3 -1.1
v -0.8 1.3 -1.1
v -0.4 1.3 -1.1
v -0.2 1.3 -1.1
v 0.2 1.3 -1.1
v 0.4 1.3 -1.1
v 0.8 1.3 -1.1
v 1 1.3 -1.1
v -1.3 1.4 1.3
v -1.2 1.4 1.3
v -1.1 1.4 1.3
v -1 1.4 1.3
v -0.9 1.4 1.3
v -0.8 1.4 1.3
v -0.7 1.4 1.3
v -0.6 1.4 1.3
v -0.5 1.4 1.3
v -0.4 1.4 1.3
v -0.3 1.4 1.3
v -0.2 1.4 1.3
v -0.1 1.4 1.3
v 0.0999999 1.4 1.3
v 0.2 1.4 1.3
v 0.3 1.4 1.3
v 0.4 1.4 1.3
v 0.5 1.4 1.3
v 0.6 1.4 1.3
v 0.7 1.4 1.3
v 0.8 1.4 1.3
v 0.9 1.4 1.3
v 1 1.4 1.3
v 1.1 1.4 1.3
v 1.2 1.4 1.3
v 1.3 1.4 1.3
v -1.5 1.4 1.1
v -1.3 1.4 1.1
v -1.2 1.4 1.1
v -1.1 1.4 1.1
v -1 1.4 1.1
v -0.9 1.4 1.1
v -0.8 1.4 1.1
v -0.7 1.4 1.1
v -0.6 1.4 1.1
v -0.5 1.4 1.1
v -0.4 1.4 1.1
v -0.3 1.4 1.1
v -0.2 1.4 1.1
v -0.1 1.4 1.1
v 0.0999999 1.4 1.1
v 0.2 1.4 1.1
v 0.3 1.4 1.1
v 0.4 1.4 1.1
v 0.5 1.4 1.1
v 0.6 1.4 1.1
v 0.7 1.4 1.1
v 0.8 1.4 1.1
v 0.9 1.4 1.1
v 1 1.4 1.1
v 1.1 1.4 1.1
v 1.2 1.4 1.1
v 1.3 1.4 1.1
v 1.5 1.4 1.1
v -1.5 1.4 1
v -1.3 1.4 1
v 1.3 1.4 1
v 1.5 1.4 1
v -1.5 1.4 0.9
v -1.3 1.4 0.9
v 1.3 1.4 0.9
v 1.5 1.4 0.9
v -1.5 1.4 0.8
v -1.3 1.4 0.8
v 1.3 1.4 0.8
v 1.5 1.4 0.8
v -1.5 1.4 0.7
v -1.3 1.4 0.7
v 1.3 1.4 0.7
v 1.5 1.4 0.7
v -1.5 1.4 0.6
v -1.3 1.4 0.6
v 1.3 1.4 0.6
v 1.5 1.4 0.6
v -1.5 1.4 0.5
v -1.3 1.4 0.5
v 1.3 1.4 0.5
v 1.5 1.4 0.5
v -1.5 1.4 0.4
v -1.3 1.4 0.4
v 1.3 1.4 0.4
v 1.5 1.4 0.4
v -1.5 1.4 0.3
v -1.3 1.4 0.3
v 1.3 1.4 0.3
v 1.5 1.4 0.3
v -1.5 1.4 0.2
v -1.3 1.4 0.2
v 1.3 1.4 0.2
v 1.5 1.4 0.2
v -1.5 1.4 0.1
v -1.3 1.4 0.1
v 1.3 1.4 0.1
v 1.5 1.4 0.1
v -1.5 1.4 -0.1
v -1.3 1.4 -0.1
v 1.3 1.4 -0.1
v 1.5 1.4 -0.1
v -1.5 1.4 -0.2
v -1.3 1.4 -0.2
v 1.3 1.4 -0.2
v 1.5 1.4 -0.2
v -1.5 1.4 -0.3
v -1.3 1.4 -0.3
v 1.3 1.4 -0.3
v 1.5 1.4 -0.3
v -1.5 1.4 -0.4
v -1.3 1.4 -0.4
v 1.3 1.4 -0.4
v 1.5 1.4 -0.4
v -1.5 1.4 -0.5
v -1.3 1.4 -0.5
v 1.3 1.4 -0.5
v 1.5 1.4 -0.5
v -1.5 1.4 -0.6
v -1.3 1.4 -0.6
v 1.3 1.4 -0.6
v 1.5 1.4 -0.6
v -1.5 1.4 -0.7
v -1.3 1.4 -0.7
v 1.3 1.4 -0.7
v 1.5 1.4 -0.7
v -1.5 1.4 -0.8
v -1.3 1.4 -0.8
v 1.3 1.4 -0.8
v 1.5 1.4 -0.8
v -1.5 1.4 -0.9
v -1.3 1.4 -0.9
v 1.3 1.4 -0.9
v 1.5 1.4 -0.9
v -1.5 1.4 -1
v -1.3 1.4 -1
v 1.3 1.4 -1
v 1.5 1.4 -1
v -1.5 1.4 -1.1
v -1.3 1.4 -1.1
v -1.2 1.4 -1.1
v -1.1 1.4 -1.1
v -1 1.4 -1.1
v -0.9 1.4 -1.1
v -0.8 1.4 -1.1
v -0.7 1.4 -1.1
v -0.6 1.4 -1.1
v -0.5 1.4 -1.1
v -0.4 1.4 -1.1
v -0.3 1.4 -1.1
v -0.2 1.4 -1.1
v -0.1 1.4 -1.1
v 0.0999999 1.4 -1.1
v 0.2 1.4 -1.1
v 0.3 1.4 -1.1
v 0.4 1.4 -1.1
v 0.5 1.4 -1.1
v 0.6 1.4 -1.1
v 0.7 1.4 -1.1
v 0.8 1.4 -1.1
v 0.9 1.4 -1.1
v 1 1.4 -1.1
v 1.1 1.4 -1.1
v 1.2 1.4 -1.1
v 1.3 1.4 -1.1
v 1.5 1.4 -1.1
v -1.3 1.4 -1.3
v -1.2 1.4 -1.3
v -1.1 1.4 -1.3
v -1 1.4 -1.3
v -0.9 1.4 -1.3
v -0.8 1.4 -1.3
v -0.7 1.4 -1.3
v -0.6 1.4 -1.3
v -0.5 1.4 -1.3
v -0.4 1.4 -1.3
v -0.3 1.4 -1.3
v -0.2 1.4 -1.3
v -0.1 1.4 -1.3
v 0.0999999 1.4 -1.3
v 0.2 1.4 -1.3
v 0.3 1.4 -1.3
v 0.4 1.4 -1.3
v 0.5 1.4 -1.3
v 0.6 1.4 -1.3
v 0.7 1.4 -1.3
v 0.8 1.4 -1.3
v 0.9 1.4 -1.3
v 1 1.4 -1.3
v 1.1 1.4 -1.3
v 1.2 1.4 -1.3
v 1.3 1.4 -1.3
v -1.3 1.5 1.5
v 1.3 1.5 1.5
v -1.5 1.5 1.3
v -1.3 1.5 1.3
v -1.2 1.5 1.3
v -1.1 1.5 1.3
v -1 1.5 1.3
v -0.9 1.5 1.3
v -0.8 1.5 1.3
v -0.7 1.5 1.3
v -0.6 1.5 1.3
v -0.5 1.5 1.3
v -0.4 1.5 1.3
v -0.3 1.5 1.3
v -0.2 1.5 1.3
v -0.1 1.5 1.3
v 0.0999999 1.5 1.3
v 0.2 1.5 1.3
v 0.3 1.5 1.3
v 0.4 1.5 1.3
v 0.5 1.5 1.3
v 0.6 1.5 1.3
v 0.7 1.5 1.3
v 0.8 1.5 1.3
v 0.9 1.5 1.3
v 1 1.5 1.3
v 1.1 1.5 1.3
v 1.2 1.5 1.3
v 1.3 1.5 1.3
v 1.5 1.5 1.3
v -1.7 1.5 1.1
v -1.5 1.5 1.1
v -1.3 1.5 1.1
v -1.2 1.5 1.1
v -1.1 1.5 1.1
v -1 1.5 1.1
v -0.9 1.5 1.1
v -0.8 1.5 1.1
v -0.7 1.5 1.1
v -0.6 1.5 1.1
v -0.5 1.5 1.1
v -0.4 1.5 1.1
v -0.3 1.5 1.1
v -0.2 1.5 1.1
v -0.1 1.5 1.1
v 0.0999999 1.5 1.1
v 0.2 1.5 1.1
v 0.3 1.5 1.1
v 0.4 1.5 1.1
v 0.5 1.5 1.1
v 0.6 1.5 1.1
v 0.7 1.5 1.1
v 0.8 1.5 1.1
v 0.9 1.5 1.1
v 1 1.5 1.1
v 1.1 1.5 1.1
v 1.2 1.5 1.1
v 1.3 1.5 1.1
v 1.5 1.5 1.1
v 1.7 1.5 1.1
v -1.5 1.5 1
v -1.3 1.5 1
v 1.3 1.5 1
v 1.5 1.5 1
v -1.5 1.5 0.9
v -1.3 1.5 0.9
v -1.1 1.5 0.9
v -1 1.5 0.9
v 1.3 1.5 0.9
v 1.5 1.5 0.9
v -1.5 1.5 0.8
v -1.3 1.5 0.8
v -1.1 1.5 0.8
v -1 1.5 0.8
v 1.3 1.5 0.8
v 1.5 1.5 0.8
v -1.5 1.5 0.7
v -1.3 1.5 0.7
v 1.3 1.5 0.7
v 1.5 1.5 0.7
v -1.5 1.5 0.6
v -1.3 1.5 0.6
v 1.3 1.5 0.6
v 1.5 1.5 0.6
v -1.5 1.5 0.5
v -1.3 1.5 0.5
v 1.3 1.5 0.5
v 1.5 1.5 0.5
v -1.5 1.5 0.4
v -1.3 1.5 0.4
v 1.3 1.5 0.4
v 1.5 1.5 0.4
v -1.5 1.5 0.3
v -1.3 1.5 0.3
v 1.3 1.5 0.3
v 1.5 1.5 0.3
v -1.5 1.5 0.2
v -1.3 1.5 0.2
v 1.3 1.5 0.2
v 1.5 1.5 0.2
v -1.5 1.5 0.1
v -1.3 1.5 0.1
v 1.3 1.5 0.1
v 1.5 1.5 0.1
v -1.5 1.5 -0.1
v -1.3 1.5 -0.1
v 1.3 1.5 -0.1
v 1.5 1.5 -0.1
v -1.5 1.5 -0.2
v -1.3 1.5 -0.2
v 1.3 1.5 -0.2
v 1.5 1.5 -0.2
v -1.5 1.5 -0.3
v -1.3 1.5 -0.3
v 1.3 1.5 -0.3
v 1.5 1.5 -0.3
v -1.5 1.5 -0.4
v -1.3 1.5 -0.4
v 1.3 1.5 -0.4
v 1.5 1.5 -0.4
v -1.5 1.5 -0.5
v -1.3 1.5 -0.5
v 1.3 1.5 -0.5
v 1.5 1.5 -0.5
v -1.5 1.5 -0.6
v -1.3 1.5 -0.6
v 1.3 1.5 -0.6
v 1.5 1.5 -0.6
v -1.5 1.5 -0.7
v -1.3 1.5 -0.7
v 1.3 1.5 -0.7
v 1.5 1.5 -0.7
v -1.5 1.5 -0.8
v -1.3 1.5 -0.8
v 1 1.5 -0.8
v 1.1 1.5 -0.8
v 1.3 1.5 -0.8
v 1.5 1.5 -0.8
v -1.5 1.5 -0.9
v -1.3 1.5 -0.9
v 1 1.5 -0.9
v 1.1 1.5 -0.9
v 1.3 1.5 -0.9
v 1.5 1.5 -0.9
v -1.5 1.5 -1
v -1.3 1.5 -1
v 1.3 1.5 -1
v 1.5 1.5 -1
v -1.7 1.5 -1.1
v -1.5 1.5 -1.1
v -1.3 1.5 -1.1
v -1.2 1.5 -1.1
v -1.1 1.5 -1.1
v -1 1.5 -1.1
v -0.9 1.5 -1.1
v -0.8 1.5 -1.1
v -0.7 1.5 -1.1
v -0.6 1.5 -1.1
v -0.5 1.5 -1.1
v -0.4 1.5 -1.1
v -0.3 1.5 -1.1
v -0.2 1.5 -1.1
v -0.1 1.5 -1.1
v 0.0999999 1.5 -1.1
v 0.2 1.5 -1.1
v 0.3 1.5 -1.1
v 0.4 1.5 -1.1
v 0.5 1.5 -1.1
v 0.6 1.5 -1.1
v 0.7 1.5 -1.1
v 0.8 1.5 -1.1
v 0.9 1.5 -1.1
v 1 1.5 -1.1
v 1.1 1.5 -1.1
v 1.2 1.5 -1.1
v 1.3 1.5 -1.1
v 1.5 1.5 -1.1
v 1.7 1.5 -1.1
v -1.5 1.5 -1.3
v -1.3 1.5 -1.3
v -1.2 1.5 -1.3
v -1.1 1.5 -1.3
v -1 1.5 -1.3
v -0.9 1.5 -1.3
v -0.8 1.5 -1.3
v -0.7 1.5 -1.3
v -0.6 1.5 -1.3
v -0.5 1.5 -1.3
v -0.4 1.5 -1.3
v -0.3 1.5 -1.3
v -0.2 1.5 -1.3
v -0.1 1.5 -1.3
v 0.0999999 1.5 -1.3
v 0.2 1.5 -1.3
v 0.3 1.5 -1.3
v 0.4 1.5 -1.3
v 0.5 1.5 -1.3
v 0.6 1.5 -1.3
v 0.7 1.5 -1.3
v 0.8 1.5 -1.3
v 0.9 1.5 -1.3
v 1 1.5 -1.3
v 1.1 1.5 -1.3
v 1.2 1.5 -1.3
v 1.3 1.5 -1.3
v 1.5 1.5 -1.3
v -1.3 1.5 -1.5
v 1.3 1.5 -1.5
v -1.5 1.6 1.5
v -1.3 1.6 1.5
v 1.3 1.6 1.5
v 1.5 1.6 1.5
v -1.7 1.6 1.3
v -1.5 1.6 1.3
v -1.3 1.6 1.3
v 1.3 1.6 1.3
v 1.5 1.6 1.3
v 1.7 1.6 1.3
v -1.7 1.6 1.1
v -1.5 1.6 1.1
v 1.5 1.6 1.1
v 1.7 1.6 1.1
v -1 1.6 0.9
v 1.1 1.6 0.9
v -1.1 1.6 0.8
v -1 1.6 0.8
v -0.9 1.6 0.7
v 0.9 1.6 0.7
v -0.9 1.6 -0.7
v 0.9 1.6 -0.7
v 1 1.6 -0.8
v 1.1 1.6 -0.8
v -1.1 1.6 -0.9
v 1 1.6 -0.9
v -1.7 1.6 -1.1
v -1.5 1.6 -1.1
v 1.5 1.6 -1.1
v 1.7 1.6 -1.1
v -1.7 1.6 -1.3
v -1.5 1.6 -1.3
v -1.3 1.6 -1.3
v 1.3 1.6 -1.3
v 1.5 1.6 -1.3
v 1.7 1.6 -1.3
v -1.5 1.6 -1.5
v -1.3 1.6 -1.5
v 1.3 1.6 -1.5
v 1.5 1.6 -1.5
v -1.7 1.7 1.5
v -1.5 1.7 1.5
v 1.5 1.7 1.5
v 1.7 1.7 1.5
v -1.7 1.7 1.3
v -1.5 1.7 1.3
v 1.5 1.7 1.3
v 1.7 1.7 1.3
v -1.7 1.7 -1.3
v -1.5 1.7 -1.3
v 1.5 1.7 -1.3
v 1.7 1.7 -1.3
v -1.7 1.7 -1.5
v -1.5 1.7 -1.5
v 1.5 1.7 -1.5
v 1.7 1.7 -1.5
v -0.6 2.1 0.9
v -0.4 2.1 0.9
v -0.1 2.1 0.9
v 0.0999999 2.1 0.9
v 0.4 2.1 0.9
v 0.6 2.1 0.9
v -0.6 2.1 0.8
v -0.4 2.1 0.8
v -0.1 2.1 0.8
v 0.0999999 2.1 0.8
v 0.4 2.1 0.8
v 0.6 2.1 0.8
v -1.1 2.1 0.6
v -1 2.1 0.6
v 1 2.1 0.6
v 1.1 2.1 0.6
v -1.1 2.1 0.4
v -1 2.1 0.4
v 1 2.1 0.4
v 1.1 2.1 0.4
v -1.1 2.1 0.1
v -1 2.1 0.1
v 1 2.1 0.1
v 1.1 2.1 0.1
v -1.1 2.1 -0.1
v -1 2.1 -0.1
v 1 2.1 -0.1
v 1.1 2.1 -0.1
v -1.1 2.1 -0.4
v -1 2.1 -0.4
v 1 2.1 -0.4
v 1.1 2.1 -0.4
v -1.1 2.1 -0.6
v -1 2.1 -0.6
v 1 2.1 -0.6
v 1.1 2.1 -0.6
v -0.6 2.1 -0.8
v -0.4 2.1 -0.8
v -0.1 2.1 -0.8
v 0.0999999 2.1 -0.8
v 0.4 2.1 -0.8
v 0.6 2.1 -0.8
v -0.6 2.1 -0.9
v -0.4 2.1 -0.9
v -0.1 2.1 -0.9
v 0.0999999 2.1 -0.9
v 0.4 2.1 -0.9
v 0.6 2.1 -0.9
v -1.1 2.2 1.1
v -1 2.2 1.1
v -0.9 2.2 1.1
v -0.8 2.2 1.1
v -0.7 2.2 1.1
v -0.6 2.2 1.1
v -0.5 2.2 1.1
v -0.4 2.2 1.1
v -0.3 2.2 1.1
v -0.2 2.2 1.1
v -0.1 2.2 1.1
v 0.0999999 2.2 1.1
v 0.2 2.2 1.1
v 0.3 2.2 1.1
v 0.4 2.2 1.1
v 0.5 2.2 1.1
v 0.6 2.2 1.1
v 0.7 2.2 1.1
v 0.8 2.2 1.1
v 0.9 2.2 1.1
v 1 2.2 1.1
v 1.1 2.2 1.1
v -1.3 2.2 0.9
v -1.1 2.2 0.9
v -1 2.2 0.9
v -0.9 2.2 0.9
v -0.8 2.2 0.9
v -0.7 2.2 0.9
v -0.6 2.2 0.9
v -0.5 2.2 0.9
v -0.4 2.2 0.9
v -0.3 2.2 0.9
v -0.2 2.2 0.9
v -0.1 2.2 0.9
v 0.0999999 2.2 0.9
v 0.2 2.2 0.9
v 0.3 2.2 0.9
v 0.4 2.2 0.9
v 0.5 2.2 0.9
v 0.6 2.2 0.9
v 0.7 2.2 0.9
v 0.8 2.2 0.9
v 0.9 2.2 0.9
v 1 2.2 0.9
v 1.1 2.2 0.9
v 1.3 2.2 0.9
v -1.3 2.2 0.8
v -1.1 2.2 0.8
v 1.1 2.2 0.8
v 1.3 2.2 0.8
v -1.3 2.2 0.7
v -1.1 2.2 0.7
v 1.1 2.2 0.7
v 1.3 2.2 0.7
v -1.3 2.2 0.6
v -1.1 2.2 0.6
v 1.1 2.2 0.6
v 1.3 2.2 0.6
v -1.3 2.2 0.5
v -1.1 2.2 0.5
v 1.1 2.2 0.5
v 1.3 2.2 0.5
v -1.3 2.2 0.4
v -1.1 2.2 0.4
v 1.1 2.2 0.4
v 1.3 2.2 0.4
v -1.3 2.2 0.3
v -1.1 2.2 0.3
v 1.1 2.2 0.3
v 1.3 2.2 0.3
v -1.3 2.2 0.2
v -1.1 2.2 0.2
v 1.1 2.2 0.2
v 1.3 2.2 0.2
v -1.3 2.2 0.1
v -1.1 2.2 0.1
v 1.1 2.2 0.1
v 1.3 2.2 0.1
v -1.3 2.2 -0.1
v -1.1 2.2 -0.1
v 1.1 2.2 -0.1
v 1.3 2.2 -0.1
v -1.3 2.2 -0.2
v -1.1 2.2 -0.2
v 1.1 2.2 -0.2
v 1.3 2.2 -0.2
v -1.3 2.2 -0.3
v -1.1 2.2 -0.3
v 1.1 2.2 -0.3
v 1.3 2.2 -0.3
v -1.3 2.2 -0.4
v -1.1 2.2 -0.4
v 1.1 2.2 -0.4
v 1.3 2.2 -0.4
v -1.3 2.2 -0.5
v -1.1 2.2 -0.5
v 1.1 2.2 -0.5
v 1.3 2.2 -0.5
v -1.3 2.2 -0.6
v -1.1 2.2 -0.6
v 1.1 2.2 -0.6
v 1.3 2.2 -0.6
v -1.3 2.2 -0.7
v -1.1 2.2 -0.7
v 1.1 2.2 -0.7
v 1.3 2.2 -0.7
v -1.3 2.2 -0.8
v -1.1 2.2 -0.8
v 1.1 2.2 -0.8
v 1.3 2.2 -0.8
v -1.3 2.2 -0.9
v -1.1 2.2 -0.9
v -1 2.2 -0.9
v -0.9 2.2 -0.9
v -0.8 2.2 -0.9
v -0.7 2.2 -0.9
v -0.6 2.2 -0.9
v -0.5 2.2 -0.9
v -0.4 2.2 -0.9
v -0.3 2.2 -0.9
v -0.2 2.2 -0.9
v -0.1 2.2 -0.9
v 0.0999999 2.2 -0.9
v 0.2 2.2 -0.9
v 0.3 2.2 -0.9
v 0.4 2.2 -0.9
v 0.5 2.2 -0.9
v 0.6 2.2 -0.9
v 0.7 2.2 -0.9
v 0.8 2.2 -0.9
v 0.9 2.2 -0.9
v 1 2.2 -0.9
v 1.1 2.2 -0.9
v 1.3 2.2 -0.9
v -1.1 2.2 -1.1
v -1 2.2 -1.1
v -0.9 2.2 -1.1
v -0.8 2.2 -1.1
v -0.7 2.2 -1.1
v -0.6 2.2 -1.1
v -0.5 2.2 -1.1
v -0.4 2.2 -1.1
v -0.3 2.2 -1.1
v -0.2 2.2 -1.1
v -0.1 2.2 -1.1
v 0.0999999 2.2 -1.1
v 0.2 2.2 -1.1
v 0.3 2.2 -1.1
v 0.4 2.2 -1.1
v 0.5 2.2 -1.1
v 0.6 2.2 -1.1
v 0.7 2.2 -1.1
v 0.8 2.2 -1.1
v 0.9 2.2 -1.1
v 1 2.2 -1.1
v 1.1 2.2 -1.1
v -1.1 2.3 1.3
v 1.1 2.3 1.3
v -1.3 2.3 1.1
v -1.1 2.3 1.1
v -1 2.3 1.1
v -0.9 2.3 1.1
v -0.8 2.3 1.1
v -0.7 2.3 1.1
v -0.6 2.3 1.1
v -0.5 2.3 1.1
v -0.4 2.3 1.1
v -0.3 2.3 1.1
v -0.2 2.3 1.1
v -0.1 2.3 1.1
v 0.0999999 2.3 1.1
v 0.2 2.3 1.1
v 0.3 2.3 1.1
v 0.4 2.3 1.1
v 0.5 2.3 1.1
v 0.6 2.3 1.1
v 0.7 2.3 1.1
v 0.8 2.3 1.1
v 0.9 2.3 1.1
v 1 2.3 1.1
v 1.1 2.3 1.1
v 1.3 2.3 1.1
v -1.5 2.3 0.9
v -1.3 2.3 0.9
v -1.1 2.3 0.9
v -1 2.3 0.9
v -0.9 2.3 0.9
v -0.8 2.3 0.9
v -0.7 2.3 0.9
v -0.6 2.3 0.9
v -0.5 2.3 0.9
v -0.4 2.3 0.9
v -0.3 2.3 0.9
v -0.2 2.3 0.9
v -0.1 2.3 0.9
v 0.0999999 2.3 0.9
v 0.2 2.3 0.9
v 0.3 2.3 0.9
v 0.4 2.3 0.9
v 0.5 2.3 0.9
v 0.6 2.3 0.9
v 0.7 2.3 0.9
v 0.8 2.3 0.9
v 0.9 2.3 0.9
v 1 2.3 0.9
v 1.1 2.3 0.9
v 1.3 2.3 0.9
v 1.5 2.3 0.9
v -1.3 2.3 0.8
v -1.1 2.3 0.8
v 1.1 2.3 0.8
v 1.3 2.3 0.8
v -1.3 2.3 0.7
v -1.1 2.3 0.7
v -0.9 2.3 0.7
v -0.8 2.3 0.7
v 1.1 2.3 0.7
v 1.3 2.3 0.7
v -1.3 2.3 0.6
v -1.1 2.3 0.6
v -0.9 2.3 0.6
v -0.8 2.3 0.6
v 1.1 2.3 0.6
v 1.3 2.3 0.6
v -1.3 2.3 0.5
v -1.1 2.3 0.5
v 1.1 2.3 0.5
v 1.3 2.3 0.5
v -1.3 2.3 0.4
v -1.1 2.3 0.4
v 1.1 2.3 0.4
v 1.3 2.3 0.4
v -1.3 2.3 0.3
v -1.1 2.3 0.3
v 1.1 2.3 0.3
v 1.3 2.3 0.3
v -1.3 2.3 0.2
v -1.1 2.3 0.2
v 1.1 2.3 0.2
v 1.3 2.3 0.2
v -1.3 2.3 0.1
v -1.1 2.3 0.1
v 1.1 2.3 0.1
v 1.3 2.3 0.1
v -1.3 2.3 -0.1
v -1.1 2.3 -0.1
v 1.1 2.3 -0.1
v 1.3 2.3 -0.1
v -1.3 2.3 -0.2
v -1.1 2.3 -0.2
v 1.1 2.3 -0.2
v 1.3 2.3 -0.2
v -1.3 2.3 -0.3
v -1.1 2.3 -0.3
v 1.1 2.3 -0.3
v 1.3 2.3 -0.3
v -1.3 2.3 -0.4
v -1.1 2.3 -0.4
v 1.1 2.3 -0.4
v 1.3 2.3 -0.4
v -1.3 2.3 -0.5
v -1.1 2.3 -0.5
v 1.1 2.3 -0.5
v 1.3 2.3 -0.5
v -1.3 2.3 -0.6
v -1.1 2.3 -0.6
v 0.8 2.3 -0.6
v 0.9 2.3 -0.6
v 1.1 2.3 -0.6
v 1.3 2.3 -0.6
v -1.3 2.3 -0.7
v -1.1 2.3 -0.7
v 0.8 2.3 -0.7
v 0.9 2.3 -0.7
v 1.1 2.3 -0.7
v 1.3 2.3 -0.7
v -1.3 2.3 -0.8
v -1.1 2.3 -0.8
v 1.1 2.3 -0.8
v 1.3 2.3 -0.8
v -1.5 2.3 -0.9
v -1.3 2.3 -0.9
v -1.1 2.3 -0.9
v -1 2.3 -0.9
v -0.9 2.3 -0.9
v -0.8 2.3 -0.9
v -0.7 2.3 -0.9
v -0.6 2.3 -0.9
v -0.5 2.3 -0.9
v -0.4 2.3 -0.9
v -0.3 2.3 -0.9
v -0.2 2.3 -0.9
v -0.1 2.3 -0.9
v 0.0999999 2.3 -0.9
v 0.2 2.3 -0.9
v 0.3 2.3 -0.9
v 0.4 2.3 -0.9
v 0.5 2.3 -0.9
v 0.6 2.3 -0.9
v 0.7 2.3 -0.9
v 0.8 2.3 -0.9
v 0.9 2.3 -0.9
v 1 2.3 -0.9
v 1.1 2.3 -0.9
v 1.3 2.3 -0.9
v 1.5 2.3 -0.9
v -1.3 2.3 -1.1
v -1.1 2.3 -1.1
v -1 2.3 -1.1
v -0.9 2.3 -1.1
v -0.8 2.3 -1.1
v -0.7 2.3 -1.1
v -0.6 2.3 -1.1
v -0.5 2.3 -1.1
v -0.4 2.3 -1.1
v -0.3 2.3 -1.1
v -0.2 2.3 -1.1
v -0.1 2.3 -1.1
v 0.0999999 2.3 -1.1
v 0.2 2.3 -1.1
v 0.3 2.3 -1.1
v 0.4 2.3 -1.1
v 0.5 2.3 -1.1
v 0.6 2.3 -1.1
v 0.7 2.3 -1.1
v 0.8 2.3 -1.1
v 0.9 2.3 -1.1
v 1 2.3 -1.1
v 1.1 2.3 -1.1
v 1.3 2.3 -1.1
v -1.1 2.3 -1.3
v 1.1 2.3 -1.3
v -1.3 2.4 1.3
v -1.1 2.4 1.3
v 1.1 2.4 1.3
v 1.3 2.4 1.3
v -1.5 2.4 1.1
v -1.3 2.4 1.1
v -1.1 2.4 1.1
v 1.1 2.4 1.1
v 1.3 2.4 1.1
v 1.5 2.4 1.1
v -1.5 2.4 0.9
v -1.3 2.4 0.9
v 1.3 2.4 0.9
v 1.5 2.4 0.9
v -0.8 2.4 0.7
v 0.9 2.4 0.7
v -0.9 2.4 0.6
v -0.8 2.4 0.6
v -0.7 2.4 0.5
v 0.7 2.4 0.5
v -0.7 2.4 -0.5
v 0.7 2.4 -0.5
v 0.8 2.4 -0.6
v 0.9 2.4 -0.6
v -0.9 2.4 -0.7
v 0.8 2.4 -0.7
v -1.5 2.4 -0.9
v -1.3 2.4 -0.9
v 1.3 2.4 -0.9
v 1.5 2.4 -0.9
v -1.5 2.4 -1.1
v -1.3 2.4 -1.1
v -1.1 2.4 -1.1
v 1.1 2.4 -1.1
v 1.3 2.4 -1.1
v 1.5 2.4 -1.1
v -1.3 2.4 -1.3
v -1.1 2.4 -1.3
v 1.1 2.4 -1.3
v 1.3 2.4 -1.3
v -1.5 2.5 1.3
v -1.3 2.5 1.3
v 1.3 2.5 1.3
v 1.5 2.5 1.3
v -1.5 2.5 1.1
v -1.3 2.5 1.1
v 1.3 2.5 1.1
v 1.5 2.5 1.1
v -1.5 2.5 -1.1
v -1.3 2.5 -1.1
v 1.3 2.5 -1.1
v 1.5 2.5 -1.1
v -1.5 2.5 -1.3
v -1.3 2.5 -1.3
v 1.3 2.5 -1.3
v 1.5 2.5 -1.3
v -0.5 2.9 0.7
v -0.3 2.9 0.7
v -0.1 2.9 0.7
v 0.0999999 2.9 0.7
v 0.3 2.9 0.7
v 0.5 2.9 0.7
v -0.5 2.9 0.6
v -0.3 2.9 0.6
v -0.1 2.9 0.6
v 0.0999999 2.9 0.6
v 0.3 2.9 0.6
v 0.5 2.9 0.6
v -0.9 2.9 0.5
v -0.8 2.9 0.5
v 0.8 2.9 0.5
v 0.9 2.9 0.5
v -0.9 2.9 0.3
v -0.8 2.9 0.3
v 0.8 2.9 0.3
v 0.9 2.9 0.3
v -0.9 2.9 0.1
v -0.8 2.9 0.1
v 0.8 2.9 0.1
v 0.9 2.9 0.1
v -0.9 2.9 -0.1
v -0.8 2.9 -0.1
v 0.8 2.9 -0.1
v 0.9 2.9 -0.1
v -0.9 2.9 -0.3
v -0.8 2.9 -0.3
v 0.8 2.9 -0.3
v 0.9 2.9 -0.3
v -0.9 2.9 -0.5
v -0.8 2.9 -0.5
v 0.8 2.9 -0.5
v 0.9 2.9 -0.5
v -0.5 2.9 -0.6
v -0.3 2.9 -0.6
v -0.1 2.9 -0.6
v 0.0999999 2.9 -0.6
v 0.3 2.9 -0.6
v 0.5 2.9 -0.6
v -0.5 2.9 -0.7
v -0.3 2.9 -0.7
v -0.1 2.9 -0.7
v 0.0999999 2.9 -0.7
v 0.3 2.9 -0.7
v 0.5 2.9 -0.7
v -0.9 3 0.9
v -0.8 3 0.9
v -0.7 3 0.9
v -0.6 3 0.9
v -0.5 3 0.9
v -0.4 3 0.9
v -0.3 3 0.9
v -0.2 3 0.9
v -0.1 3 0.9
v 0.0999999 3 0.9
v 0.2 3 0.9
v 0.3 3 0.9
v 0.4 3 0.9
v 0.5 3 0.9
v 0.6 3 0.9
v 0.7 3 0.9
v 0.8 3 0.9
v 0.9 3 0.9
v -1.1 3 0.7
v -0.9 3 0.7
v -0.8 3 0.7
v -0.7 3 0.7
v -0.6 3 0.7
v -0.5 3 0.7
v -0.4 3 0.7
v -0.3 3 0.7
v -0.2 3 0.7
v -0.1 3 0.7
v 0.0999999 3 0.7
v 0.2 3 0.7
v 0.3 3 0.7
v 0.4 3 0.7
v 0.5 3 0.7
v 0.6 3 0.7
v 0.7 3 0.7
v 0.8 3 0.7
v 0.9 3 0.7
v 1.1 3 0.7
v -1.1 3 0.6
v -0.9 3 0.6
v 0.9 3 0.6
v 1.1 3 0.6
v -1.1 3 0.5
v -0.9 3 0.5
v 0.9 3 0.5
v 1.1 3 0.5
v -1.1 3 0.4
v -0.9 3 0.4
v 0.9 3 0.4
v 1.1 3 0.4
v -1.1 3 0.3
v -0.9 3 0.3
v 0.9 3 0.3
v 1.1 3 0.3
v -1.1 3 0.2
v -0.9 3 0.2
v 0.9 3 0.2
v 1.1 3 0.2
v -1.1 3 0.1
v -0.9 3 0.1
v 0.9 3 0.1
v 1.1 3 0.1
v -1.1 3 -0.1
v -0.9 3 -0.1
v 0.9 3 -0.1
v 1.1 3 -0.1
v -1.1 3 -0.2
v -0.9 3 -0.2
v 0.9 3 -0.2
v 1.1 3 -0.2
v -1.1 3 -0.3
v -0.9 3 -0.3
v 0.9 3 -0.3
v 1.1 3 -0.3
v -1.1 3 -0.4
v -0.9 3 -0.4
v 0.9 3 -0.4
v 1.1 3 -0.4
v -1.1 3 -0.5
v -0.9 3 -0.5
v 0.9 3 -0.5
v 1.1 3 -0.5
v -1.1 3 -0.6
v -0.9 3 -0.6
v 0.9 3 -0.6
v 1.1 3 -0.6
v -1.1 3 -0.7
v -0.9 3 -0.7
v -0.8 3 -0.7
v -0.7 3 -0.7
v -0.6 3 -0.7
v -0.5 3 -0.7
v -0.4 3 -0.7
v -0.3 3 -0.7
v -0.2 3 -0.7
v -0.1 3 -0.7
v 0.0999999 3 -0.7
v 0.2 3 -0.7
v 0.3 3 -0.7
v 0.4 3 -0.7
v 0.5 3 -0.7
v 0.6 3 -0.7
v 0.7 3 -0.7
v 0.8 3 -0.7
v 0.9 3 -0.7
v 1.1 3 -0.7
v -0.9 3 -0.9
v -0.8 3 -0.9
v -0.7 3 -0.9
v -0.6 3 -0.9
v -0.5 3 -0.9
v -0.4 3 -0.9
v -0.3 3 -0.9
v -0.2 3 -0.9
v -0.1 3 -0.9
v 0.0999999 3 -0.9
v 0.2 3 -0.9
v 0.3 3 -0.9
v 0.4 3 -0.9
v 0.5 3 -0.9
v 0.6 3 -0.9
v 0.7 3 -0.9
v 0.8 3 -0.9
v 0.9 3 -0.9
v -0.9 3.1 1.1
v 0.9 3.1 1.1
v -1.1 3.1 0.9
v -0.9 3.1 0.9
v -0.8 3.1 0.9
v -0.7 3.1 0.9
v -0.6 3.1 0.9
v -0.5 3.1 0.9
v -0.4 3.1 0.9
v -0.3 3.1 0.9
v -0.2 3.1 0.9
v -0.1 3.1 0.9
v 0.0999999 3.1 0.9
v 0.2 3.1 0.9
v 0.3 3.1 0.9
v 0.4 3.1 0.9
v 0.5 3.1 0.9
v 0.6 3.1 0.9
v 0.7 3.1 0.9
v 0.8 3.1 0.9
v 0.9 3.1 0.9
v 1.1 3.1 0.9
v -1.3 3.1 0.7
v -1.1 3.1 0.7
v -0.9 3.1 0.7
v -0.8 3.1 0.7
v -0.7 3.1 0.7
v -0.6 3.1 0.7
v -0.5 3.1 0.7
v -0.4 3.1 0.7
v -0.3 3.1 0.7
v -0.2 3.1 0.7
v -0.1 3.1 0.7
v 0.0999999 3.1 0.7
v 0.2 3.1 0.7
v 0.3 3.1 0.7
v 0.4 3.1 0.7
v 0.5 3.1 0.7
v 0.6 3.1 0.7
v 0.7 3.1 0.7
v 0.8 3.1 0.7
v 0.9 3.1 0.7
v 1.1 3.1 0.7
v 1.3 3.1 0.7
v -1.1 3.1 0.6
v -0.9 3.1 0.6
v 0.9 3.1 0.6
v 1.1 3.1 0.6
v -1.1 3.1 0.5
v -0.9 3.1 0.5
v 0.9 3.1 0.5
v 1.1 3.1 0.5
v -1.1 3.1 0.4
v -0.9 3.1 0.4
v 0.9 3.1 0.4
v 1.1 3.1 0.4
v -1.1 3.1 0.3
v -0.9 3.1 0.3
v 0.9 3.1 0.3
v 1.1 3.1 0.3
v -1.1 3.1 0.2
v -0.9 3.1 0.2
v 0.9 3.1 0.2
v 1.1 3.1 0.2
v -1.1 3.1 0.1
v -0.9 3.1 0.1
v 0.9 3.1 0.1
v 1.1 3.1 0.1
v -1.1 3.1 -0.1
v -0.9 3.1 -0.1
v 0.9 3.1 -0.1
v 1.1 3.1 -0.1
v -1.1 3.1 -0.2
v -0.9 3.1 -0.2
v 0.9 3.1 -0.2
v 1.1 3.1 -0.2
v -1.1 3.1 -0.3
v -0.9 3.1 -0.3
v 0.9 3.1 -0.3
v 1.1 3.1 -0.3
v -1.1 3.1 -0.4
v -0.9 3.1 -0.4
v 0.9 3.1 -0.4
v 1.1 3.1 -0.4
v -1.1 3.1 -0.5
v -0.9 3.1 -0.5
v 0.9 3.1 -0.5
v 1.1 3.1 -0.5
v -1.1 3.1 -0.6
v -0.9 3.1 -0.6
v 0.9 3.1 -0.6
v 1.1 3.1 -0.6
v -1.3 3.1 -0.7
v -1.1 3.1 -0.7
v -0.9 3.1 -0.7
v -0.8 3.1 -0.7
v -0.7 3.1 -0.7
v -0.6 3.1 -0.7
v -0.5 3.1 -0.7
v -0.4 3.1 -0.7
v -0.3 3.1 -0.7
v -0.2 3.1 -0.7
v -0.1 3.1 -0.7
v 0.0999999 3.1 -0.7
v 0.2 3.1 -0.7
v 0.3 3.1 -0.7
v 0.4 3.1 -0.7
v 0.5 3.1 -0.7
v 0.6 3.1 -0.7
v 0.7 3.1 -0.7
v 0.8 3.1 -0.7
v 0.9 3.1 -0.7
v 1.1 3.1 -0.7
v 1.3 3.1 -0.7
v -1.1 3.1 -0.9
v -0.9 3.1 -0.9
v -0.8 3.1 -0.9
v -0.7 3.1 -0.9
v -0.6 3.1 -0.9
v -0.5 3.1 -0.9
v -0.4 3.1 -0.9
v -0.3 3.1 -0.9
v -0.2 3.1 -0.9
v -0.1 3.1 -0.9
v 0.0999999 3.1 -0.9
v 0.2 3.1 -0.9
v 0.3 3.1 -0.9
v 0.4 3.1 -0.9
v 0.5 3.1 -0.9
v 0.6 3.1 -0.9
v 0.7 3.1 -0.9
v 0.8 3.1 -0.9
v 0.9 3.1 -0.9
v 1.1 3.1 -0.9
v -0.9 3.1 -1.1
v 0.9 3.1 -1.1
v -1.1 3.2 1.1
v -0.9 3.2 1.1
v 0.9 3.2 1.1
v 1.1 3.2 1.1
v -1.3 3.2 0.9
v -1.1 3.2 0.9
v -0.9 3.2 0.9
v 0.9 3.2 0.9
v 1.1 3.2 0.9
v 1.3 3.2 0.9
v -1.3 3.2 0.7
v -1.1 3.2 0.7
v 1.1 3.2 0.7
v 1.3 3.2 0.7
v -1.3 3.2 -0.7
v -1.1 3.2 -0.7
v 1.1 3.2 -0.7
v 1.3 3.2 -0.7
v -1.3 3.2 -0.9
v -1.1 3.2 -0.9
v -0.9 3.2 -0.9
v 0.9 3.2 -0.9
v 1.1 3.2 -0.9
v 1.3 3.2 -0.9
v -1.1 3.2 -1.1
v -0.9 3.2 -1.1
v 0.9 3.2 -1.1
v 1.1 3.2 -1.1
v -1.3 3.3 1.1
v -1.1 3.3 1.1
v 1.1 3.3 1.1
v 1.3 3.3 1.1
v -1.3 3.3 0.9
v -1.1 3.3 0.9
v 1.1 3.3 0.9
v 1.3 3.3 0.9
v -1.3 3.3 -0.9
v -1.1 3.3 -0.9
v 1.1 3.3 -0.9
v 1.3 3.3 -0.9
v -1.3 3.3 -1.1
v -1.1 3.3 -1.1
v 1.1 3.3 -1.1
v 1.3 3.3 -1.1
v -0.5 3.4 0.5
v 0.6 3.4 0.5
v -0.5 3.4 0.4
v 0.6 3.4 0.4
v -0.7 3.4 0.3
v -0.6 3.4 0.3
v 0.6 3.4 0.3
v 0.7 3.4 0.3
v -0.7 3.4 -0.3
v -0.6 3.4 -0.3
v 0.6 3.4 -0.3
v 0.7 3.4 -0.3
v -0.5 3.4 -0.4
v 0.5 3.4 -0.4
v -0.5 3.4 -0.5
v 0.5 3.4 -0.5
v -0.7 3.5 0.6
v -0.6 3.5 0.6
v 0.6 3.5 0.6
v 0.7 3.5 0.6
v -0.6 3.5 0.5
v -0.5 3.5 0.5
v -0.7 3.5 0.4
v -0.5 3.5 0.4
v 0.5 3.5 0.4
v 0.6 3.5 0.4
v 0.7 3.5 0.4
v -0.9 3.5 0.3
v -0.7 3.5 0.3
v -0.5 3.5 0.3
v 0.5 3.5 0.3
v 0.7 3.5 0.3
v 0.9 3.5 0.3
v -0.9 3.5 0.2
v -0.7 3.5 0.2
v 0.7 3.5 0.2
v 0.9 3.5 0.2
v -0.9 3.5 -0.2
v -0.7 3.5 -0.2
v 0.7 3.5 -0.2
v 0.9 3.5 -0.2
v -0.9 3.5 -0.3
v -0.7 3.5 -0.3
v -0.5 3.5 -0.3
v 0.5 3.5 -0.3
v 0.7 3.5 -0.3
v 0.9 3.5 -0.3
v -0.7 3.5 -0.4
v -0.5 3.5 -0.4
v 0.5 3.5 -0.4
v 0.7 3.5 -0.4
v -0.7 3.5 -0.5
v -0.5 3.5 -0.5
v 0.5 3.5 -0.5
v 0.7 3.5 -0.5
v -0.7 3.6 0.4
v -0.5 3.6 0.4
v 0.5 3.6 0.4
v 0.7 3.6 0.4
v -0.7 3.6 0.3
v -0.5 3.6 0.3
v 0.5 3.6 0.3
v 0.7 3.6 0.3
v -0.9 3.6 0.2
v -0.7 3.6 0.2
v -0.5 3.6 0.2
v 0.5 3.6 0.2
v 0.7 3.6 0.2
v 0.9 3.6 0.2
v -0.9 3.6 0.1
v -0.8 3.6 0.1
v 0.8 3.6 0.1
v 0.9 3.6 0.1
v -0.9 3.6 -0.1
v -0.8 3.6 -0.1
v 0.8 3.6 -0.1
v 0.9 3.6 -0.1
v -0.9 3.6 -0.2
v -0.7 3.6 -0.2
v -0.5 3.6 -0.2
v 0.5 3.6 -0.2
v 0.7 3.6 -0.2
v 0.9 3.6 -0.2
v -0.7 3.6 -0.3
v -0.5 3.6 -0.3
v 0.5 3.6 -0.3
v 0.7 3.6 -0.3
v -0.7 3.6 -0.4
v -0.5 3.6 -0.4
v 0.5 3.6 -0.4
v 0.7 3.6 -0.4
v -0.7 3.7 0.3
v -0.5 3.7 0.3
v 0.5 3.7 0.3
v 0.7 3.7 0.3
v -0.7 3.7 0.2
v -0.5 3.7 0.2
v 0.5 3.7 0.2
v 0.7 3.7 0.2
v -0.9 3.7 0.1
v -0.8 3.7 0.1
v -0.5 3.7 0.1
v 0.5 3.7 0.1
v 0.8 3.7 0.1
v 0.9 3.7 0.1
v -0.9 3.7 -0.1
v -0.8 3.7 -0.1
v -0.5 3.7 -0.1
v 0.5 3.7 -0.1
v 0.8 3.7 -0.1
v 0.9 3.7 -0.1
v -0.7 3.7 -0.2
v -0.5 3.7 -0.2
v 0.5 3.7 -0.2
v 0.7 3.7 -0.2
v -0.7 3.7 -0.3
v -0.5 3.7 -0.3
v 0.5 3.7 -0.3
v 0.7 3.7 -0.3
v -0.7 3.8 0.2
v -0.5 3.8 0.2
v 0.5 3.8 0.2
v 0.7 3.8 0.2
v -0.5 3.8 0.1
v 0.5 3.8 0.1
v -0.5 3.8 -0.1
v 0.5 3.8 -0.1
v -0.7 3.8 -0.2
v -0.5 3.8 -0.2
v 0.5 3.8 -0.2
v 0.7 3.8 -0.2
v -0.9 4 0.1
v -0.8 4 0.1
v 0.8 4 0.1
v 0.9 4 0.1
v -0.9 4 -0.1
v -0.8 4 -0.1
v 0.8 4 -0.1
v 0.9 4 -0.1
v -1 4.1 0.1
v -0.9 4.1 0.1
v 0.9 4.1 0.1
v 1 4.1 0.1
v -1 4.1 -0.1
v -0.9 4.1 -0.1
v 0.9 4.1 -0.1
v 1 4.1 -0.1
v -0.8 4.3 0.1
v -0.7 4.3 0.1
v 0.7 4.3 0.1
v 0.8 4.3 0.1
v -0.8 4.3 -0.1
v -0.7 4.3 -0.1
v 0.7 4.3 -0.1
v 0.8 4.3 -0.1
v -1.7 0.2 1.5
v 1.7 0.2 1.5
v -1.5 0.2 1.3
v 1.5 0.2 1.3
v -1.3 0.2 1.1
v 1.3 0.2 1.1
v -1.1 0.2 0.9
v 1.1 0.2 0.9
v -0.7 0.2 0.7
v 0.3 0.2 0.7
v -0.9 0.2 0.5
v -0.7 0.2 0.5
v 0.3 0.2 0.5
v 1.1 0.2 0.5
v 0.3 0.2 0.3
v 0.4 0.2 0.3
v 0.5 0.2 0.3
v 1.3 0.2 0.3
v 1.5 0.2 0.1
v 1.7 0.2 0.1
v 1.5 0.2 -0.1
v 1.7 0.2 -0.1
v 0.3 0.2 -0.3
v 0.4 0.2 -0.3
v 0.5 0.2 -0.3
v 1.3 0.2 -0.3
v -0.9 0.2 -0.5
v -0.7 0.2 -0.5
v 0.3 0.2 -0.5
v 1.1 0.2 -0.5
v -0.7 0.2 -0.7
v 0.3 0.2 -0.7
v -1.1 0.2 -0.9
v 1.1 0.2 -0.9
v -1.3 0.2 -1.1
v 1.3 0.2 -1.1
v -1.5 0.2 -1.3
v 1.5 0.2 -1.3
v -1.7 0.2 -1.5
v 1.7 0.2 -1.5
v -1.3 0.9 1.1
v 1.3 0.9 1.1
v -1.2 0.9 1
v 1.2 0.9 1
v 0.4 0.9 0.3
v 1.1 0.9 0.3
v 0.4 0.9 -0.3
v 1.1 0.9 -0.3
v -1.2 0.9 -1
v 1.2 0.9 -1
v -1.3 0.9 -1.1
v 1.3 0.9 -1.1
v -1.1 1 0.9
v 1.1 1 0.9
v -0.7 1 0.5
v 0.3 1 0.5
v 0.3 1 0.3
v 1.1 1 0.3
v 0.3 1 -0.3
v 1.1 1 -0.3
v -0.7 1 -0.5
v 0.3 1 -0.5
v -1.1 1 -0.9
v 1.1 1 -0.9
v -1 1.1 1.1
v -0.8 1.1 1.1
v -0.4 1.1 1.1
v -0.2 1.1 1.1
v 0.2 1.1 1.1
v 0.4 1.1 1.1
v 0.8 1.1 1.1
v 1 1.1 1.1
v -1 1.1 1
v -0.8 1.1 1
v -0.4 1.1 1
v -0.2 1.1 1
v 0.2 1.1 1
v 0.4 1.1 1
v 0.8 1.1 1
v 1 1.1 1
v -1.3 1.1 0.7
v -1.2 1.1 0.7
v 1.2 1.1 0.7
v 1.3 1.1 0.7
v -1.3 1.1 0.5
v -1.2 1.1 0.5
v 1.2 1.1 0.5
v 1.3 1.1 0.5
v -1.3 1.1 0.3
v -1.2 1.1 0.3
v 1.2 1.1 0.3
v 1.3 1.1 0.3
v -1.3 1.1 0.1
v -1.2 1.1 0.1
v 1.2 1.1 0.1
v 1.3 1.1 0.1
v -1.3 1.1 -0.1
v -1.2 1.1 -0.1
v 1.2 1.1 -0.1
v 1.3 1.1 -0.1
v -1.3 1.1 -0.3
v -1.2 1.1 -0.3
v 1.2 1.1 -0.3
v 1.3 1.1 -0.3
v -1.3 1.1 -0.5
v -1.2 1.1 -0.5
v 1.2 1.1 -0.5
v 1.3 1.1 -0.5
v -1.3 1.1 -0.7
v -1.2 1.1 -0.7
v 1.2 1.1 -0.7
v 1.3 1.1 -0.7
v -1 1.1 -1
v -0.8 1.1 -1
v -0.4 1.1 -1
v -0.2 1.1 -1
v 0.2 1.1 -1
v 0.4 1.1 -1
v 0.8 1.1 -1
v 1 1.1 -1
v -1 1.1 -1.1
v -0.8 1.1 -1.1
v -0.4 1.1 -1.1
v -0.2 1.1 -1.1
v 0.2 1.1 -1.1
v 0.4 1.1 -1.1
v 0.8 1.1 -1.1
v 1 1.1 -1.1
v -1.3 1.6 1.5
v 1.3 1.6 1.5
v -1.3 1.6 1.4
v -1.2 1.6 1.4
v 1.2 1.6 1.4
v 1.3 1.6 1.4
v -1.2 1.6 1.3
v 1.2 1.6 1.3
v -1.7 1.6 1.1
v -1.6 1.6 1.1
v 1.6 1.6 1.1
v 1.7 1.6 1.1
v -1.6 1.6 1
v -1.5 1.6 1
v 1.5 1.6 1
v 1.6 1.6 1
v -1.6 1.6 -1
v -1.5 1.6 -1
v 1.5 1.6 -1
v 1.6 1.6 -1
v -1.7 1.6 -1.1
v -1.6 1.6 -1.1
v 1.6 1.6 -1.1
v 1.7 1.6 -1.1
v -1.2 1.6 -1.3
v 1.2 1.6 -1.3
v -1.3 1.6 -1.4
v -1.2 1.6 -1.4
v 1.2 1.6 -1.4
v 1.3 1.6 -1.4
v -1.3 1.6 -1.5
v 1.3 1.6 -1.5
v -1.5 1.7 1.5
v -1.3 1.7 1.5
v 1.3 1.7 1.5
v 1.5 1.7 1.5
v -1.5 1.7 1.4
v -1.4 1.7 1.4
v -1.3 1.7 1.4
v -1.2 1.7 1.4
v 1.2 1.7 1.4
v 1.3 1.7 1.4
v 1.4 1.7 1.4
v 1.5 1.7 1.4
v -1.7 1.7 1.3
v -1.6 1.7 1.3
v -1.4 1.7 1.3
v -1.3 1.7 1.3
v -1.2 1.7 1.3
v 1.2 1.7 1.3
v 1.3 1.7 1.3
v 1.4 1.7 1.3
v 1.6 1.7 1.3
v 1.7 1.7 1.3
v -1.6 1.7 1.2
v -1.5 1.7 1.2
v -1.3 1.7 1.2
v -1.2 1.7 1.2
v 1.2 1.7 1.2
v 1.3 1.7 1.2
v 1.5 1.7 1.2
v 1.6 1.7 1.2
v -1.7 1.7 1.1
v -1.6 1.7 1.1
v -1.5 1.7 1.1
v -1.4 1.7 1.1
v -1.2 1.7 1.1
v 1.2 1.7 1.1
v 1.4 1.7 1.1
v 1.5 1.7 1.1
v 1.6 1.7 1.1
v 1.7 1.7 1.1
v -1.6 1.7 1
v -1.5 1.7 1
v -1.4 1.7 1
v -1.3 1.7 1
v 1.3 1.7 1
v 1.4 1.7 1
v 1.5 1.7 1
v 1.6 1.7 1
v -1.6 1.7 -1
v -1.5 1.7 -1
v -1.4 1.7 -1
v -1.3 1.7 -1
v 1.3 1.7 -1
v 1.4 1.7 -1
v 1.5 1.7 -1
v 1.6 1.7 -1
v -1.7 1.7 -1.1
v -1.6 1.7 -1.1
v -1.5 1.7 -1.1
v -1.4 1.7 -1.1
v -1.2 1.7 -1.1
v 1.2 1.7 -1.1
v 1.4 1.7 -1.1
v 1.5 1.7 -1.1
v 1.6 1.7 -1.1
v 1.7 1.7 -1.1
v -1.6 1.7 -1.2
v -1.5 1.7 -1.2
v -1.3 1.7 -1.2
v -1.2 1.7 -1.2
v 1.2 1.7 -1.2
v 1.3 1.7 -1.2
v 1.5 1.7 -1.2
v 1.6 1.7 -1.2
v -1.7 1.7 -1.3
v -1.6 1.7 -1.3
v -1.4 1.7 -1.3
v -1.3 1.7 -1.3
v -1.2 1.7 -1.3
v 1.2 1.7 -1.3
v 1.3 1.7 -1.3
v 1.4 1.7 -1.3
v 1.6 1.7 -1.3
v 1.7 1.7 -1.3
v -1.5 1.7 -1.4
v -1.4 1.7 -1.4
v -1.3 1.7 -1.4
v -1.2 1.7 -1.4
v 1.2 1.7 -1.4
v 1.3 1.7 -1.4
v 1.4 1.7 -1.4
v 1.5 1.7 -1.4
v -1.5 1.7 -1.5
v -1.3 1.7 -1.5
v 1.3 1.7 -1.5
v 1.5 1.7 -1.5
v -1.6 1.8 1.5
v -1.5 1.8 1.5
v 1.5 1.8 1.5
v 1.6 1.8 1.5
v -1.7 1.8 1.4
v -1.6 1.8 1.4
v -1.5 1.8 1.4
v -1.4 1.8 1.4
v 1.4 1.8 1.4
v 1.5 1.8 1.4
v 1.6 1.8 1.4
v 1.7 1.8 1.4
v -1.7 1.8 1.3
v -1.6 1.8 1.3
v -1.4 1.8 1.3
v -1.3 1.8 1.3
v 1.3 1.8 1.3
v 1.4 1.8 1.3
v 1.6 1.8 1.3
v 1.7 1.8 1.3
v -1.6 1.8 1.2
v -1.5 1.8 1.2
v -1.4 1.8 1.2
v -1.3 1.8 1.2
v -1.2 1.8 1.2
v 1.2 1.8 1.2
v 1.3 1.8 1.2
v 1.4 1.8 1.2
v 1.5 1.8 1.2
v 1.6 1.8 1.2
v -1.5 1.8 1.1
v -1.4 1.8 1.1
v -1.3 1.8 1.1
v -1.2 1.8 1.1
v 1.2 1.8 1.1
v 1.3 1.8 1.1
v 1.4 1.8 1.1
v 1.5 1.8 1.1
v -1.4 1.8 1
v -1.3 1.8 1
v -1.2 1.8 1
v -1.1 1.8 1
v 1.1 1.8 1
v 1.2 1.8 1
v 1.3 1.8 1
v 1.4 1.8 1
v -1.2 1.8 0.9
v -1.1 1.8 0.9
v 1.1 1.8 0.9
v 1.2 1.8 0.9
v -1.2 1.8 -0.9
v -1.1 1.8 -0.9
v 1.1 1.8 -0.9
v 1.2 1.8 -0.9
v -1.4 1.8 -1
v -1.3 1.8 -1
v -1.2 1.8 -1
v -1.1 1.8 -1
v 1.1 1.8 -1
v 1.2 1.8 -1
v 1.3 1.8 -1
v 1.4 1.8 -1
v -1.5 1.8 -1.1
v -1.4 1.8 -1.1
v -1.3 1.8 -1.1
v -1.2 1.8 -1.1
v 1.2 1.8 -1.1
v 1.3 1.8 -1.1
v 1.4 1.8 -1.1
v 1.5 1.8 -1.1
v -1.6 1.8 -1.2
v -1.5 1.8 -1.2
v -1.4 1.8 -1.2
v -1.3 1.8 -1.2
v -1.2 1.8 -1.2
v 1.2 1.8 -1.2
v 1.3 1.8 -1.2
v 1.4 1.8 -1.2
v 1.5 1.8 -1.2
v 1.6 1.8 -1.2
v -1.7 1.8 -1.3
v -1.6 1.8 -1.3
v -1.4 1.8 -1.3
v -1.3 1.8 -1.3
v 1.3 1.8 -1.3
v 1.4 1.8 -1.3
v 1.6 1.8 -1.3
v 1.7 1.8 -1.3
v -1.7 1.8 -1.4
v -1.6 1.8 -1.4
v -1.5 1.8 -1.4
v -1.4 1.8 -1.4
v 1.4 1.8 -1.4
v 1.5 1.8 -1.4
v 1.6 1.8 -1.4
v 1.7 1.8 -1.4
v -1.6 1.8 -1.5
v -1.5 1.8 -1.5
v 1.5 1.8 -1.5
v 1.6 1.8 -1.5
v -1.7 1.9 1.5
v -1.6 1.9 1.5
v 1.6 1.9 1.5
v 1.7 1.9 1.5
v -1.7 1.9 1.4
v -1.6 1.9 1.4
v 1.6 1.9 1.4
v 1.7 1.9 1.4
v -1.4 1.9 1.2
v -1.3 1.9 1.2
v 1.3 1.9 1.2
v 1.4 1.9 1.2
v -1.4 1.9 1.1
v -1.3 1.9 1.1
v -1.2 1.9 1.1
v 1.2 1.9 1.1
v 1.3 1.9 1.1
v 1.4 1.9 1.1
v -1.3 1.9 1
v -1.2 1.9 1
v -1.1 1.9 1
v 1.1 1.9 1
v 1.2 1.9 1
v 1.3 1.9 1
v -1.2 1.9 0.9
v -1.1 1.9 0.9
v -0.6 1.9 0.9
v -0.4 1.9 0.9
v -0.1 1.9 0.9
v 0.0999999 1.9 0.9
v 0.4 1.9 0.9
v 0.6 1.9 0.9
v 1.1 1.9 0.9
v 1.2 1.9 0.9
v -0.6 1.9 0.8
v -0.4 1.9 0.8
v -0.1 1.9 0.8
v 0.0999999 1.9 0.8
v 0.4 1.9 0.8
v 0.6 1.9 0.8
v -1.1 1.9 0.6
v -1 1.9 0.6
v 1 1.9 0.6
v 1.1 1.9 0.6
v -1.1 1.9 0.4
v -1 1.9 0.4
v 1 1.9 0.4
v 1.1 1.9 0.4
v -1.1 1.9 0.1
v -1 1.9 0.1
v 1 1.9 0.1
v 1.1 1.9 0.1
v -1.1 1.9 -0.1
v -1 1.9 -0.1
v 1 1.9 -0.1
v 1.1 1.9 -0.1
v -1.1 1.9 -0.4
v -1 1.9 -0.4
v 1 1.9 -0.4
v 1.1 1.9 -0.4
v -1.1 1.9 -0.6
v -1 1.9 -0.6
v 1 1.9 -0.6
v 1.1 1.9 -0.6
v -0.6 1.9 -0.8
v -0.4 1.9 -0.8
v -0.1 1.9 -0.8
v 0.0999999 1.9 -0.8
v 0.4 1.9 -0.8
v 0.6 1.9 -0.8
v -1.2 1.9 -0.9
v -1.1 1.9 -0.9
v -0.6 1.9 -0.9
v -0.4 1.9 -0.9
v -0.1 1.9 -0.9
v 0.0999999 1.9 -0.9
v 0.4 1.9 -0.9
v 0.6 1.9 -0.9
v 1.1 1.9 -0.9
v 1.2 1.9 -0.9
v -1.3 1.9 -1
v -1.2 1.9 -1
v -1.1 1.9 -1
v 1.1 1.9 -1
v 1.2 1.9 -1
v 1.3 1.9 -1
v -1.4 1.9 -1.1
v -1.3 1.9 -1.1
v -1.2 1.9 -1.1
v 1.2 1.9 -1.1
v 1.3 1.9 -1.1
v 1.4 1.9 -1.1
v -1.4 1.9 -1.2
v -1.3 1.9 -1.2
v 1.3 1.9 -1.2
v 1.4 1.9 -1.2
v -1.7 1.9 -1.4
v -1.6 1.9 -1.4
v 1.6 1.9 -1.4
v 1.7 1.9 -1.4
v -1.7 1.9 -1.5
v -1.6 1.9 -1.5
v 1.6 1.9 -1.5
v 1.7 1.9 -1.5
v -1.1 2.4 1.3
v 1.1 2.4 1.3
v -1.1 2.4 1.2
v -1 2.4 1.2
v 1 2.4 1.2
v 1.1 2.4 1.2
v -1 2.4 1.1
v 1 2.4 1.1
v -1.5 2.4 0.9
v -1.4 2.4 0.9
v 1.4 2.4 0.9
v 1.5 2.4 0.9
v -1.4 2.4 0.8
v -1.3 2.4 0.8
v 1.3 2.4 0.8
v 1.4 2.4 0.8
v -1.4 2.4 -0.8
v -1.3 2.4 -0.8
v 1.3 2.4 -0.8
v 1.4 2.4 -0.8
v -1.5 2.4 -0.9
v -1.4 2.4 -0.9
v 1.4 2.4 -0.9
v 1.5 2.4 -0.9
v -1 2.4 -1.1
v 1 2.4 -1.1
v -1.1 2.4 -1.2
v -1 2.4 -1.2
v 1 2.4 -1.2
v 1.1 2.4 -1.2
v -1.1 2.4 -1.3
v 1.1 2.4 -1.3
v -1.3 2.5 1.3
v -1.1 2.5 1.3
v 1.1 2.5 1.3
v 1.3 2.5 1.3
v -1.3 2.5 1.2
v -1.2 2.5 1.2
v -1.1 2.5 1.2
v -1 2.5 1.2
v 1 2.5 1.2
v 1.1 2.5 1.2
v 1.2 2.5 1.2
v 1.3 2.5 1.2
v -1.5 2.5 1.1
v -1.4 2.5 1.1
v -1.2 2.5 1.1
v -1.1 2.5 1.1
v -1 2.5 1.1
v 1 2.5 1.1
v 1.1 2.5 1.1
v 1.2 2.5 1.1
v 1.4 2.5 1.1
v 1.5 2.5 1.1
v -1.4 2.5 1
v -1.3 2.5 1
v -1.1 2.5 1
v -1 2.5 1
v 1 2.5 1
v 1.1 2.5 1
v 1.3 2.5 1
v 1.4 2.5 1
v -1.5 2.5 0.9
v -1.4 2.5 0.9
v -1.3 2.5 0.9
v -1.2 2.5 0.9
v -1 2.5 0.9
v 1 2.5 0.9
v 1.2 2.5 0.9
v 1.3 2.5 0.9
v 1.4 2.5 0.9
v 1.5 2.5 0.9
v -1.4 2.5 0.8
v -1.3 2.5 0.8
v -1.2 2.5 0.8
v -1.1 2.5 0.8
v 1.1 2.5 0.8
v 1.2 2.5 0.8
v 1.3 2.5 0.8
v 1.4 2.5 0.8
v -1.4 2.5 -0.8
v -1.3 2.5 -0.8
v -1.2 2.5 -0.8
v -1.1 2.5 -0.8
v 1.1 2.5 -0.8
v 1.2 2.5 -0.8
v 1.3 2.5 -0.8
v 1.4 2.5 -0.8
v -1.5 2.5 -0.9
v -1.4 2.5 -0.9
v -1.3 2.5 -0.9
v -1.2 2.5 -0.9
v -1 2.5 -0.9
v 1 2.5 -0.9
v 1.2 2.5 -0.9
v 1.3 2.5 -0.9
v 1.4 2.5 -0.9
v 1.5 2.5 -0.9
v -1.4 2.5 -1
v -1.3 2.5 -1
v -1.1 2.5 -1
v -1 2.5 -1
v 1 2.5 -1
v 1.1 2.5 -1
v 1.3 2.5 -1
v 1.4 2.5 -1
v -1.5 2.5 -1.1
v -1.4 2.5 -1.1
v -1.2 2.5 -1.1
v -1.1 2.5 -1.1
v -1 2.5 -1.1
v 1 2.5 -1.1
v 1.1 2.5 -1.1
v 1.2 2.5 -1.1
v 1.4 2.5 -1.1
v 1.5 2.5 -1.1
v -1.3 2.5 -1.2
v -1.2 2.5 -1.2
v -1.1 2.5 -1.2
v -1 2.5 -1.2
v 1 2.5 -1.2
v 1.1 2.5 -1.2
v 1.2 2.5 -1.2
v 1.3 2.5 -1.2
v -1.3 2.5 -1.3
v -1.1 2.5 -1.3
v 1.1 2.5 -1.3
v 1.3 2.5 -1.3
v -1.4 2.6 1.3
v -1.3 2.6 1.3
v 1.3 2.6 1.3
v 1.4 2.6 1.3
v -1.5 2.6 1.2
v -1.4 2.6 1.2
v -1.3 2.6 1.2
v -1.2 2.6 1.2
v 1.2 2.6 1.2
v 1.3 2.6 1.2
v 1.4 2.6 1.2
v 1.5 2.6 1.2
v -1.5 2.6 1.1
v -1.4 2.6 1.1
v -1.2 2.6 1.1
v -1.1 2.6 1.1
v 1.1 2.6 1.1
v 1.2 2.6 1.1
v 1.4 2.6 1.1
v 1.5 2.6 1.1
v -1.4 2.6 1
v -1.3 2.6 1
v -1.2 2.6 1
v -1.1 2.6 1
v -1 2.6 1
v 1 2.6 1
v 1.1 2.6 1
v 1.2 2.6 1
v 1.3 2.6 1
v 1.4 2.6 1
v -1.3 2.6 0.9
v -1.2 2.6 0.9
v -1.1 2.6 0.9
v -1 2.6 0.9
v 1 2.6 0.9
v 1.1 2.6 0.9
v 1.2 2.6 0.9
v 1.3 2.6 0.9
v -1.2 2.6 0.8
v -1.1 2.6 0.8
v -1 2.6 0.8
v -0.9 2.6 0.8
v 0.9 2.6 0.8
v 1 2.6 0.8
v 1.1 2.6 0.8
v 1.2 2.6 0.8
v -1 2.6 0.7
v -0.9 2.6 0.7
v 0.9 2.6 0.7
v 1 2.6 0.7
v -1 2.6 -0.7
v -0.9 2.6 -0.7
v 0.9 2.6 -0.7
v 1 2.6 -0.7
v -1.2 2.6 -0.8
v -1.1 2.6 -0.8
v -1 2.6 -0.8
v -0.9 2.6 -0.8
v 0.9 2.6 -0.8
v 1 2.6 -0.8
v 1.1 2.6 -0.8
v 1.2 2.6 -0.8
v -1.3 2.6 -0.9
v -1.2 2.6 -0.9
v -1.1 2.6 -0.9
v -1 2.6 -0.9
v 1 2.6 -0.9
v 1.1 2.6 -0.9
v 1.2 2.6 -0.9
v 1.3 2.6 -0.9
v -1.4 2.6 -1
v -1.3 2.6 -1
v -1.2 2.6 -1
v -1.1 2.6 -1
v -1 2.6 -1
v 1 2.6 -1
v 1.1 2.6 -1
v 1.2 2.6 -1
v 1.3 2.6 -1
v 1.4 2.6 -1
v -1.5 2.6 -1.1
v -1.4 2.6 -1.1
v -1.2 2.6 -1.1
v -1.1 2.6 -1.1
v 1.1 2.6 -1.1
v 1.2 2.6 -1.1
v 1.4 2.6 -1.1
v 1.5 2.6 -1.1
v -1.5 2.6 -1.2
v -1.4 2.6 -1.2
v -1.3 2.6 -1.2
v -1.2 2.6 -1.2
v 1.2 2.6 -1.2
v 1.3 2.6 -1.2
v 1.4 2.6 -1.2
v 1.5 2.6 -1.2
v -1.4 2.6 -1.3
v -1.3 2.6 -1.3
v 1.3 2.6 -1.3
v 1.4 2.6 -1.3
v -1.5 2.7 1.3
v -1.4 2.7 1.3
v 1.4 2.7 1.3
v 1.5 2.7 1.3
v -1.5 2.7 1.2
v -1.4 2.7 1.2
v 1.4 2.7 1.2
v 1.5 2.7 1.2
v -1.2 2.7 1
v -1.1 2.7 1
v 1.1 2.7 1
v 1.2 2.7 1
v -1.2 2.7 0.9
v -1.1 2.7 0.9
v -1 2.7 0.9
v 1 2.7 0.9
v 1.1 2.7 0.9
v 1.2 2.7 0.9
v -1.1 2.7 0.8
v -1 2.7 0.8
v -0.9 2.7 0.8
v 0.9 2.7 0.8
v 1 2.7 0.8
v 1.1 2.7 0.8
v -1 2.7 0.7
v -0.9 2.7 0.7
v -0.5 2.7 0.7
v -0.3 2.7 0.7
v -0.1 2.7 0.7
v 0.0999999 2.7 0.7
v 0.3 2.7 0.7
v 0.5 2.7 0.7
v 0.9 2.7 0.7
v 1 2.7 0.7
v -0.5 2.7 0.6
v -0.3 2.7 0.6
v -0.1 2.7 0.6
v 0.0999999 2.7 0.6
v 0.3 2.7 0.6
v 0.5 2.7 0.6
v -0.9 2.7 0.5
v -0.8 2.7 0.5
v 0.8 2.7 0.5
v 0.9 2.7 0.5
v -0.9 2.7 0.3
v -0.8 2.7 0.3
v 0.8 2.7 0.3
v 0.9 2.7 0.3
v -0.9 2.7 0.1
v -0.8 2.7 0.1
v 0.8 2.7 0.1
v 0.9 2.7 0.1
v -0.9 2.7 -0.1
v -0.8 2.7 -0.1
v 0.8 2.7 -0.1
v 0.9 2.7 -0.1
v -0.9 2.7 -0.3
v -0.8 2.7 -0.3
v 0.8 2.7 -0.3
v 0.9 2.7 -0.3
v -0.9 2.7 -0.5
v -0.8 2.7 -0.5
v 0.8 2.7 -0.5
v 0.9 2.7 -0.5
v -0.5 2.7 -0.6
v -0.3 2.7 -0.6
v -0.1 2.7 -0.6
v 0.0999999 2.7 -0.6
v 0.3 2.7 -0.6
v 0.5 2.7 -0.6
v -1 2.7 -0.7
v -0.9 2.7 -0.7
v -0.5 2.7 -0.7
v -0.3 2.7 -0.7
v -0.1 2.7 -0.7
v 0.0999999 2.7 -0.7
v 0.3 2.7 -0.7
v 0.5 2.7 -0.7
v 0.9 2.7 -0.7
v 1 2.7 -0.7
v -1.1 2.7 -0.8
v -1 2.7 -0.8
v -0.9 2.7 -0.8
v 0.9 2.7 -0.8
v 1 2.7 -0.8
v 1.1 2.7 -0.8
v -1.2 2.7 -0.9
v -1.1 2.7 -0.9
v -1 2.7 -0.9
v 1 2.7 -0.9
v 1.1 2.7 -0.9
v 1.2 2.7 -0.9
v -1.2 2.7 -1
v -1.1 2.7 -1
v 1.1 2.7 -1
v 1.2 2.7 -1
v -1.5 2.7 -1.2
v -1.4 2.7 -1.2
v 1.4 2.7 -1.2
v 1.5 2.7 -1.2
v -1.5 2.7 -1.3
v -1.4 2.7 -1.3
v 1.4 2.7 -1.3
v 1.5 2.7 -1.3
v -0.9 3.2 1.1
v 0.9 3.2 1.1
v -0.9 3.2 1
v -0.8 3.2 1
v 0.8 3.2 1
v 0.9 3.2 1
v -0.8 3.2 0.9
v 0.8 3.2 0.9
v -1.3 3.2 0.7
v -1.2 3.2 0.7
v 1.2 3.2 0.7
v 1.3 3.2 0.7
v -1.2 3.2 0.6
v -1.1 3.2 0.6
v 1.1 3.2 0.6
v 1.2 3.2 0.6
v -1.2 3.2 -0.6
v -1.1 3.2 -0.6
v 1.1 3.2 -0.6
v 1.2 3.2 -0.6
v -1.3 3.2 -0.7
v -1.2 3.2 -0.7
v 1.2 3.2 -0.7
v 1.3 3.2 -0.7
v -0.8 3.2 -0.9
v 0.8 3.2 -0.9
v -0.9 3.2 -1
v -0.8 3.2 -1
v 0.8 3.2 -1
v 0.9 3.2 -1
v -0.9 3.2 -1.1
v 0.9 3.2 -1.1
v -1.1 3.3 1.1
v -0.9 3.3 1.1
v 0.9 3.3 1.1
v 1.1 3.3 1.1
v -1.1 3.3 1
v -1 3.3 1
v -0.9 3.3 1
v -0.8 3.3 1
v 0.8 3.3 1
v 0.9 3.3 1
v 1 3.3 1
v 1.1 3.3 1
v -1.3 3.3 0.9
v -1.2 3.3 0.9
v -1 3.3 0.9
v -0.9 3.3 0.9
v -0.8 3.3 0.9
v 0.8 3.3 0.9
v 0.9 3.3 0.9
v 1 3.3 0.9
v 1.2 3.3 0.9
v 1.3 3.3 0.9
v -1.2 3.3 0.8
v -1.1 3.3 0.8
v -0.9 3.3 0.8
v -0.8 3.3 0.8
v -0.7 3.3 0.8
v -0.5 3.3 0.8
v 0.5 3.3 0.8
v 0.7 3.3 0.8
v 0.8 3.3 0.8
v 0.9 3.3 0.8
v 1.1 3.3 0.8
v 1.2 3.3 0.8
v -1.3 3.3 0.7
v -1.2 3.3 0.7
v -1.1 3.3 0.7
v -1 3.3 0.7
v -0.8 3.3 0.7
v -0.7 3.3 0.7
v -0.5 3.3 0.7
v 0.5 3.3 0.7
v 0.7 3.3 0.7
v 0.8 3.3 0.7
v 1 3.3 0.7
v 1.1 3.3 0.7
v 1.2 3.3 0.7
v 1.3 3.3 0.7
v -1.2 3.3 0.6
v -1.1 3.3 0.6
v -1 3.3 0.6
v -0.9 3.3 0.6
v 0.9 3.3 0.6
v 1 3.3 0.6
v 1.1 3.3 0.6
v 1.2 3.3 0.6
v -1.2 3.3 -0.6
v -1.1 3.3 -0.6
v -1 3.3 -0.6
v -0.9 3.3 -0.6
v 0.9 3.3 -0.6
v 1 3.3 -0.6
v 1.1 3.3 -0.6
v 1.2 3.3 -0.6
v -1.3 3.3 -0.7
v -1.2 3.3 -0.7
v -1.1 3.3 -0.7
v -1 3.3 -0.7
v -0.8 3.3 -0.7
v -0.7 3.3 -0.7
v -0.5 3.3 -0.7
v 0.5 3.3 -0.7
v 0.7 3.3 -0.7
v 0.8 3.3 -0.7
v 1 3.3 -0.7
v 1.1 3.3 -0.7
v 1.2 3.3 -0.7
v 1.3 3.3 -0.7
v -1.2 3.3 -0.8
v -1.1 3.3 -0.8
v -0.9 3.3 -0.8
v -0.8 3.3 -0.8
v -0.7 3.3 -0.8
v -0.5 3.3 -0.8
v 0.5 3.3 -0.8
v 0.7 3.3 -0.8
v 0.8 3.3 -0.8
v 0.9 3.3 -0.8
v 1.1 3.3 -0.8
v 1.2 3.3 -0.8
v -1.3 3.3 -0.9
v -1.2 3.3 -0.9
v -1 3.3 -0.9
v -0.9 3.3 -0.9
v -0.8 3.3 -0.9
v 0.8 3.3 -0.9
v 0.9 3.3 -0.9
v 1 3.3 -0.9
v 1.2 3.3 -0.9
v 1.3 3.3 -0.9
v -1.1 3.3 -1
v -1 3.3 -1
v -0.9 3.3 -1
v -0.8 3.3 -1
v 0.8 3.3 -1
v 0.9 3.3 -1
v 1 3.3 -1
v 1.1 3.3 -1
v -1.1 3.3 -1.1
v -0.9 3.3 -1.1
v 0.9 3.3 -1.1
v 1.1 3.3 -1.1
v -1.2 3.4 1.1
v -1.1 3.4 1.1
v 1.1 3.4 1.1
v 1.2 3.4 1.1
v -1.3 3.4 1
v -1.2 3.4 1
v -1.1 3.4 1
v -1 3.4 1
v 1 3.4 1
v 1.1 3.4 1
v 1.2 3.4 1
v 1.3 3.4 1
v -1.3 3.4 0.9
v -1.2 3.4 0.9
v -1 3.4 0.9
v -0.9 3.4 0.9
v 0.9 3.4 0.9
v 1 3.4 0.9
v 1.2 3.4 0.9
v 1.3 3.4 0.9
v -1.2 3.4 0.8
v -1.1 3.4 0.8
v -1 3.4 0.8
v -0.9 3.4 0.8
v -0.8 3.4 0.8
v -0.7 3.4 0.8
v -0.5 3.4 0.8
v 0.5 3.4 0.8
v 0.7 3.4 0.8
v 0.8 3.4 0.8
v 0.9 3.4 0.8
v 1 3.4 0.8
v 1.1 3.4 0.8
v 1.2 3.4 0.8
v -1.1 3.4 0.7
v -1 3.4 0.7
v -0.9 3.4 0.7
v -0.8 3.4 0.7
v -0.7 3.4 0.7
v -0.5 3.4 0.7
v 0.5 3.4 0.7
v 0.7 3.4 0.7
v 0.8 3.4 0.7
v 0.9 3.4 0.7
v 1 3.4 0.7
v 1.1 3.4 0.7
v -1 3.4 0.6
v -0.9 3.4 0.6
v -0.8 3.4 0.6
v -0.7 3.4 0.6
v -0.6 3.4 0.6
v 0.6 3.4 0.6
v 0.7 3.4 0.6
v 0.8 3.4 0.6
v 0.9 3.4 0.6
v 1 3.4 0.6
v -0.9 3.4 0.5
v -0.8 3.4 0.5
v -0.7 3.4 0.5
v -0.6 3.4 0.5
v -0.5 3.4 0.5
v 0.5 3.4 0.5
v 0.6 3.4 0.5
v 0.7 3.4 0.5
v 0.8 3.4 0.5
v 0.9 3.4 0.5
v -0.9 3.4 0.3
v -0.7 3.4 0.3
v 0.7 3.4 0.3
v 0.9 3.4 0.3
v -0.9 3.4 -0.3
v -0.7 3.4 -0.3
v 0.7 3.4 -0.3
v 0.9 3.4 -0.3
v -0.9 3.4 -0.5
v -0.8 3.4 -0.5
v -0.5 3.4 -0.5
v 0.5 3.4 -0.5
v 0.8 3.4 -0.5
v 0.9 3.4 -0.5
v -1 3.4 -0.6
v -0.9 3.4 -0.6
v -0.8 3.4 -0.6
v -0.7 3.4 -0.6
v 0.7 3.4 -0.6
v 0.8 3.4 -0.6
v 0.9 3.4 -0.6
v 1 3.4 -0.6
v -1.1 3.4 -0.7
v -1 3.4 -0.7
v -0.9 3.4 -0.7
v -0.8 3.4 -0.7
v -0.7 3.4 -0.7
v -0.5 3.4 -0.7
v 0.5 3.4 -0.7
v 0.7 3.4 -0.7
v 0.8 3.4 -0.7
v 0.9 3.4 -0.7
v 1 3.4 -0.7
v 1.1 3.4 -0.7
v -1.2 3.4 -0.8
v -1.1 3.4 -0.8
v -1 3.4 -0.8
v -0.9 3.4 -0.8
v -0.8 3.4 -0.8
v -0.7 3.4 -0.8
v -0.5 3.4 -0.8
v 0.5 3.4 -0.8
v 0.7 3.4 -0.8
v 0.8 3.4 -0.8
v 0.9 3.4 -0.8
v 1 3.4 -0.8
v 1.1 3.4 -0.8
v 1.2 3.4 -0.8
v -1.3 3.4 -0.9
v -1.2 3.4 -0.9
v -1 3.4 -0.9
v -0.9 3.4 -0.9
v 0.9 3.4 -0.9
v 1 3.4 -0.9
v 1.2 3.4 -0.9
v 1.3 3.4 -0.9
v -1.3 3.4 -1
v -1.2 3.4 -1
v -1.1 3.4 -1
v -1 3.4 -1
v 1 3.4 -1
v 1.1 3.4 -1
v 1.2 3.4 -1
v 1.3 3.4 -1
v -1.2 3.4 -1.1
v -1.1 3.4 -1.1
v 1.1 3.4 -1.1
v 1.2 3.4 -1.1
v -1.3 3.5 1.1
v -1.2 3.5 1.1
v 1.2 3.5 1.1
v 1.3 3.5 1.1
v -1.3 3.5 1
v -1.2 3.5 1
v 1.2 3.5 1
v 1.3 3.5 1
v -1 3.5 0.8
v -0.9 3.5 0.8
v 0.9 3.5 0.8
v 1 3.5 0.8
v -1 3.5 0.7
v -0.9 3.5 0.7
v -0.8 3.5 0.7
v -0.7 3.5 0.7
v -0.5 3.5 0.7
v 0.5 3.5 0.7
v 0.7 3.5 0.7
v 0.8 3.5 0.7
v 0.9 3.5 0.7
v 1 3.5 0.7
v -0.9 3.5 0.6
v -0.8 3.5 0.6
v -0.7 3.5 0.6
v -0.5 3.5 0.6
v 0.5 3.5 0.6
v 0.7 3.5 0.6
v 0.8 3.5 0.6
v 0.9 3.5 0.6
v -0.9 3.5 0.5
v -0.8 3.5 0.5
v -0.5 3.5 0.5
v 0.5 3.5 0.5
v 0.8 3.5 0.5
v 0.9 3.5 0.5
v -0.9 3.5 0.4
v -0.7 3.5 0.4
v -0.5 3.5 0.4
v 0.5 3.5 0.4
v 0.7 3.5 0.4
v 0.9 3.5 0.4
v -0.7 3.5 0.3
v -0.6 3.5 0.3
v 0.6 3.5 0.3
v 0.7 3.5 0.3
v -0.7 3.5 0.2
v -0.6 3.5 0.2
v 0.6 3.5 0.2
v 0.7 3.5 0.2
v -0.7 3.5 -0.2
v -0.6 3.5 -0.2
v 0.6 3.5 -0.2
v 0.7 3.5 -0.2
v -0.7 3.5 -0.3
v -0.6 3.5 -0.3
v 0.6 3.5 -0.3
v 0.7 3.5 -0.3
v -0.9 3.5 -0.4
v -0.7 3.5 -0.4
v -0.5 3.5 -0.4
v 0.5 3.5 -0.4
v 0.7 3.5 -0.4
v 0.9 3.5 -0.4
v -0.9 3.5 -0.5
v -0.8 3.5 -0.5
v -0.5 3.5 -0.5
v 0.5 3.5 -0.5
v 0.8 3.5 -0.5
v 0.9 3.5 -0.5
v -0.9 3.5 -0.6
v -0.8 3.5 -0.6
v -0.7 3.5 -0.6
v -0.5 3.5 -0.6
v 0.5 3.5 -0.6
v 0.7 3.5 -0.6
v 0.8 3.5 -0.6
v 0.9 3.5 -0.6
v -1 3.5 -0.7
v -0.9 3.5 -0.7
v -0.8 3.5 -0.7
v -0.7 3.5 -0.7
v -0.5 3.5 -0.7
v 0.5 3.5 -0.7
v 0.7 3.5 -0.7
v 0.8 3.5 -0.7
v 0.9 3.5 -0.7
v 1 3.5 -0.7
v -1 3.5 -0.8
v -0.9 3.5 -0.8
v 0.9 3.5 -0.8
v 1 3.5 -0.8
v -1.3 3.5 -1
v -1.2 3.5 -1
v 1.2 3.5 -1
v 1.3 3.5 -1
v -1.3 3.5 -1.1
v -1.2 3.5 -1.1
v 1.2 3.5 -1.1
v 1.3 3.5 -1.1
v -0.7 3.6 0.6
v -0.5 3.6 0.6
v 0.5 3.6 0.6
v 0.7 3.6 0.6
v -0.7 3.6 0.5
v -0.5 3.6 0.5
v 0.5 3.6 0.5
v 0.7 3.6 0.5
v -0.9 3.6 0.4
v -0.7 3.6 0.4
v -0.5 3.6 0.4
v 0.5 3.6 0.4
v 0.7 3.6 0.4
v 0.9 3.6 0.4
v -0.9 3.6 0.3
v -0.7 3.6 0.3
v -0.5 3.6 0.3
v 0.5 3.6 0.3
v 0.7 3.6 0.3
v 0.9 3.6 0.3
v -0.7 3.6 0.2
v -0.6 3.6 0.2
v 0.6 3.6 0.2
v 0.7 3.6 0.2
v -0.7 3.6 -0.2
v -0.6 3.6 -0.2
v 0.6 3.6 -0.2
v 0.7 3.6 -0.2
v -0.9 3.6 -0.3
v -0.7 3.6 -0.3
v -0.5 3.6 -0.3
v 0.5 3.6 -0.3
v 0.7 3.6 -0.3
v 0.9 3.6 -0.3
v -0.9 3.6 -0.4
v -0.7 3.6 -0.4
v -0.5 3.6 -0.4
v 0.5 3.6 -0.4
v 0.7 3.6 -0.4
v 0.9 3.6 -0.4
v -0.7 3.6 -0.5
v -0.5 3.6 -0.5
v 0.5 3.6 -0.5
v 0.7 3.6 -0.5
v -0.7 3.6 -0.6
v -0.5 3.6 -0.6
v 0.5 3.6 -0.6
v 0.7 3.6 -0.6
v -0.7 3.7 0.5
v -0.5 3.7 0.5
v 0.5 3.7 0.5
v 0.7 3.7 0.5
v -0.7 3.7 0.4
v -0.5 3.7 0.4
v 0.5 3.7 0.4
v 0.7 3.7 0.4
v -0.9 3.7 0.3
v -0.7 3.7 0.3
v -0.5 3.7 0.3
v 0.5 3.7 0.3
v 0.7 3.7 0.3
v 0.9 3.7 0.3
v -0.9 3.7 0.2
v -0.7 3.7 0.2
v -0.5 3.7 0.2
v 0.5 3.7 0.2
v 0.7 3.7 0.2
v 0.9 3.7 0.2
v -0.9 3.7 -0.2
v -0.7 3.7 -0.2
v -0.5 3.7 -0.2
v 0.5 3.7 -0.2
v 0.7 3.7 -0.2
v 0.9 3.7 -0.2
v -0.9 3.7 -0.3
v -0.7 3.7 -0.3
v -0.5 3.7 -0.3
v 0.5 3.7 -0.3
v 0.7 3.7 -0.3
v 0.9 3.7 -0.3
v -0.7 3.7 -0.4
v -0.5 3.7 -0.4
v 0.5 3.7 -0.4
v 0.7 3.7 -0.4
v -0.7 3.7 -0.5
v -0.5 3.7 -0.5
v 0.5 3.7 -0.5
v 0.7 3.7 -0.5
v -0.7 3.8 0.4
v -0.5 3.8 0.4
v 0.5 3.8 0.4
v 0.7 3.8 0.4
v -0.7 3.8 0.3
v -0.5 3.8 0.3
v 0.5 3.8 0.3
v 0.7 3.8 0.3
v -0.9 3.8 0.2
v -0.7 3.8 0.2
v -0.5 3.8 0.2
v 0.5 3.8 0.2
v 0.7 3.8 0.2
v 0.9 3.8 0.2
v -0.9 3.8 0.1
v -0.7 3.8 0.1
v -0.5 3.8 0.1
v 0.5 3.8 0.1
v 0.7 3.8 0.1
v 0.9 3.8 0.1
v -0.9 3.8 -0.1
v -0.7 3.8 -0.1
v -0.5 3.8 -0.1
v 0.5 3.8 -0.1
v 0.7 3.8 -0.1
v 0.9 3.8 -0.1
v -0.9 3.8 -0.2
v -0.7 3.8 -0.2
v -0.5 3.8 -0.2
v 0.5 3.8 -0.2
v 0.7 3.8 -0.2
v 0.9 3.8 -0.2
v -0.7 3.8 -0.3
v -0.5 3.8 -0.3
v 0.5 3.8 -0.3
v 0.7 3.8 -0.3
v -0.7 3.8 -0.4
v -0.5 3.8 -0.4
v 0.5 3.8 -0.4
v 0.7 3.8 -0.4
v -0.7 3.9 0.3
v -0.5 3.9 0.3
v 0.5 3.9 0.3
v 0.7 3.9 0.3
v -0.7 3.9 0.2
v -0.5 3.9 0.2
v 0.5 3.9 0.2
v 0.7 3.9 0.2
v -0.9 3.9 0.1
v -0.8 3.9 0.1
v 0.8 3.9 0.1
v 0.9 3.9 0.1
v -0.9 3.9 -0.1
v -0.8 3.9 -0.1
v 0.8 3.9 -0.1
v 0.9 3.9 -0.1
v -0.7 3.9 -0.2
v -0.5 3.9 -0.2
v 0.5 3.9 -0.2
v 0.7 3.9 -0.2
v -0.7 3.9 -0.3
v -0.5 3.9 -0.3
v 0.5 3.9 -0.3
v 0.7 3.9 -0.3
v -0.7 4 0.2
v -0.5 4 0.2
v 0.5 4 0.2
v 0.7 4 0.2
v -0.7 4 0.1
v -0.5 4 0.1
v 0.5 4 0.1
v 0.7 4 0.1
v -0.7 4 -0.1
v -0.5 4 -0.1
v 0.5 4 -0.1
v 0.7 4 -0.1
v -0.7 4 -0.2
v -0.5 4 -0.2
v 0.5 4 -0.2
v 0.7 4 -0.2
v -0.8 4.1 0.1
v -0.7 4.1 0.1
v 0.7 4.1 0.1
v 0.8 4.1 0.1
v -0.8 4.1 -0.1
v -0.7 4.1 -0.1
v 0.7 4.1 -0.1
v 0.8 4.1 -0.1
v -1 4.2 0.1
v -0.9 4.2 0.1
v 0.9 4.2 0.1
v 1 4.2 0.1
v -1 4.2 -0.1
v -0.9 4.2 -0.1
v 0.9 4.2 -0.1
v 1 4.2 -0.1
v -0.9 4.3 0.1
v -0.8 4.3 0.1
v 0.8 4.3 0.1
v 0.9 4.3 0.1
v -0.9 4.3 -0.1
v -0.8 4.3 -0.1
v 0.8 4.3 -0.1
v 0.9 4.3 -0.1
v -0.8 4.4 0.1
v -0.7 4.4 0.1
v 0.7 4.4 0.1
v 0.8 4.4 0.1
v -0.8 4.4 -0.1
v -0.7 4.4 -0.1
v 0.7 4.4 -0.1
v 0.8 4.4 -0.1

# faces
f 3/6/1 2/6/1 1/6/1
f 4/6/1 2/6/1 3/6/1
f 8/7/1 6/7/1 5/7/1
f 9/7/1 6/7/1 8/7/1
f 12/7/1 8/7/1 7/7/1
f 13/7/1 8/7/1 12/7/1
f 14/7/1 10/7/1 9/7/1
f 15/7/1 10/7/1 14/7/1
f 17/7/1 12/7/1 11/7/1
f 18/7/1 12/7/1 17/7/1
f 19/7/1 16/7/1 15/7/1
f 20/7/1 16/7/1 19/7/1
f 21/7/1 17/7/1 11/7/1
f 22/7/1 17/7/1 21/7/1
f 23/7/1 16/7/1 20/7/1
f 24/7/1 16/7/1 23/7/1
f 31/7/1 26/7/1 25/7/1
f 32/7/1 26/7/1 31/7/1
f 33/7/1 28/7/1 27/7/1
f 34/7/1 28/7/1 33/7/1
f 37/7/1 30/7/1 29/7/1
f 38/7/1 30/7/1 37/7/1
f 39/7/1 36/7/1 35/7/1
f 40/7/1 36/7/1 39/7/1
f 64/1/1 42/1/1 41/1/1
f 65/1/1 42/1/1 64/1/1
f 66/1/1 44/1/1 43/1/1
f 67/1/1 44/1/1 66/1/1
f 68/1/1 46/1/1 45/1/1
f 69/1/1 46/1/1 68/1/1
f 70/1/1 48/1/1 47/1/1
f 71/1/1 48/1/1 70/1/1
f 72/1/1 50/1/1 49/1/1
f 73/1/1 50/1/1 72/1/1
f 74/1/1 52/1/1 51/1/1
f 75/1/1 52/1/1 74/1/1
f 76/1/1 54/1/1 53/1/1
f 77/1/1 54/1/1 76/1/1
f 78/1/1 56/1/1 55/1/1
f 79/1/1 56/1/1 78/1/1
f 80/1/1 58/1/1 57/1/1
f 81/1/1 58/1/1 80/1/1
f 82/1/1 60/1/1 59/1/1
f 83/1/1 60/1/1 82/1/1
f 84/1/1 62/1/1 61/1/1
f 85/1/1 62/1/1 84/1/1
f 88/1/1 64/1/1 63/1/1
f 89/1/1 64/1/1 88/1/1
f 92/1/1 86/1/1 85/1/1
f 93/1/1 86/1/1 92/1/1
f 95/7/1 88/7/1 87/7/1
f 96/7/1 88/7/1 95/7/1
f 99/7/1 91/7/1 90/7/1
f 100/7/1 91/7/1 99/7/1
f 103/7/1 94/7/1 93/7/1
f 104/7/1 94/7/1 103/7/1
f 105/7/1 98/7/1 97/7/1
f 106/7/1 98/7/1 105/7/1
f 107/7/1 102/7/1 101/7/1
f 108/7/1 102/7/1 107/7/1
f 112/7/1 110/7/1 109/7/1
f 113/7/1 110/7/1 112/7/1
f 116/7/1 112/7/1 111/7/1
f 117/7/1 112/7/1 116/7/1
f 118/7/1 114/7/1 113/7/1
f 119/7/1 114/7/1 118/7/1
f 121/7/1 116/7/1 115/7/1
f 122/7/1 116/7/1 121/7/1
f 123/7/1 120/7/1 119/7/1
f 124/7/1 120/7/1 123/7/1
f 125/7/1 121/7/1 115/7/1
f 126/7/1 121/7/1 125/7/1
f 127/7/1 120/7/1 124/7/1
f 128/7/1 120/7/1 127/7/1
f 134/7/1 130/7/1 129/7/1
f 135/7/1 130/7/1 134/7/1
f 136/7/1 132/7/1 131/7/1
f 137/7/1 132/7/1 136/7/1
f 139/7/1 134/7/1 133/7/1
f 140/7/1 134/7/1 139/7/1
f 141/7/1 138/7/1 137/7/1
f 142/7/1 138/7/1 141/7/1
f 149/7/1 144/7/1 143/7/1
f 150/7/1 144/7/1 149/7/1
f 151/7/1 146/7/1 145/7/1
f 152/7/1 146/7/1 151/7/1
f 155/7/1 148/7/1 147/7/1
f 156/7/1 148/7/1 155/7/1
f 157/7/1 154/7/1 153/7/1
f 158/7/1 154/7/1 157/7/1
f 161/6/1 160/6/1 159/6/1
f 162/6/1 160/6/1 161/6/1
f 165/1/1 164/1/1 163/1/1
f 166/1/1 164/1/1 165/1/1
f 167/1/1 164/1/1 166/1/1
f 168/1/1 164/1/1 167/1/1
f 169/1/1 164/1/1 168/1/1
f 170/1/1 164/1/1 169/1/1
f 171/1/1 164/1/1 170/1/1
f 172/1/1 164/1/1 171/1/1
f 173/1/1 165/1/1 163/1/1
f 174/1/1 167/1/1 166/1/1
f 175/1/1 167/1/1 174/1/1
f 176/1/1 169/1/1 168/1/1
f 177/1/1 169/1/1 176/1/1
f 178/1/1 171/1/1 170/1/1
f 179/1/1 171/1/1 178/1/1
f 180/1/1 164/1/1 172/1/1
f 182/1/1 179/1/1 178/1/1
f 182/1/1 180/1/1 179/1/1
f 182/1/1 177/1/1 176/1/1
f 182/1/1 173/1/1 163/1/1
f 182/1/1 178/1/1 177/1/1
f 182/1/1 175/1/1 174/1/1
f 182/1/1 176/1/1 175/1/1
f 182/1/1 174/1/1 173/1/1
f 183/1/1 180/1/1 182/1/1
f 184/1/1 180/1/1 183/1/1
f 185/1/1 180/1/1 184/1/1
f 186/1/1 180/1/1 185/1/1
f 187/1/1 180/1/1 186/1/1
f 188/1/1 180/1/1 187/1/1
f 189/1/1 180/1/1 188/1/1
f 190/1/1 180/1/1 189/1/1
f 191/1/1 180/1/1 190/1/1
f 192/1/1 180/1/1 191/1/1
f 193/1/1 180/1/1 192/1/1
f 194/1/1 180/1/1 193/1/1
f 195/1/1 180/1/1 194/1/1
f 196/1/1 180/1/1 195/1/1
f 197/1/1 180/1/1 196/1/1
f 198/1/1 180/1/1 197/1/1
f 199/1/1 164/1/1 180/1/1
f 199/1/1 180/1/1 198/1/1
f 200/1/1 164/1/1 199/1/1
f 201/1/1 164/1/1 200/1/1
f 202/1/1 164/1/1 201/1/1
f 203/1/1 164/1/1 202/1/1
f 206/1/1 182/1/1 181/1/1
f 207/1/1 182/1/1 206/1/1
f 208/1/1 184/1/1 183/1/1
f 209/1/1 184/1/1 208/1/1
f 210/1/1 186/1/1 185/1/1
f 211/1/1 186/1/1 210/1/1
f 212/1/1 188/1/1 187/1/1
f 213/1/1 188/1/1 212/1/1
f 214/1/1 190/1/1 189/1/1
f 215/1/1 190/1/1 214/1/1
f 216/1/1 192/1/1 191/1/1
f 217/1/1 192/1/1 216/1/1
f 218/1/1 194/1/1 193/1/1
f 219/1/1 194/1/1 218/1/1
f 220/1/1 196/1/1 195/1/1
f 221/1/1 196/1/1 220/1/1
f 222/1/1 198/1/1 197/1/1
f 223/1/1 198/1/1 222/1/1
f 224/1/1 200/1/1 199/1/1
f 225/1/1 200/1/1 224/1/1
f 226/1/1 202/1/1 201/1/1
f 227/1/1 202/1/1 226/1/1
f 228/1/1 204/1/1 203/1/1
f 229/1/1 204/1/1 228/1/1
f 231/7/1 206/7/1 205/7/1
f 232/7/1 206/7/1 231/7/1
f 233/7/1 230/7/1 229/7/1
f 234/7/1 230/7/1 233/7/1
f 238/7/1 236/7/1 235/7/1
f 239/7/1 236/7/1 238/7/1
f 241/7/1 238/7/1 237/7/1
f 242/7/1 238/7/1 241/7/1
f 243/7/1 240/7/1 239/7/1
f 244/7/1 240/7/1 243/7/1
f 264/1/1 246/1/1 245/1/1
f 265/1/1 246/1/1 264/1/1
f 266/1/1 248/1/1 247/1/1
f 267/1/1 248/1/1 266/1/1
f 268/1/1 250/1/1 249/1/1
f 269/1/1 250/1/1 268/1/1
f 270/1/1 252/1/1 251/1/1
f 271/1/1 252/1/1 270/1/1
f 272/1/1 254/1/1 253/1/1
f 273/1/1 254/1/1 272/1/1
f 274/1/1 256/1/1 255/1/1
f 275/1/1 256/1/1 274/1/1
f 276/1/1 258/1/1 257/1/1
f 277/1/1 258/1/1 276/1/1
f 278/1/1 260/1/1 259/1/1
f 279/1/1 260/1/1 278/1/1
f 280/1/1 262/1/1 261/1/1
f 281/1/1 262/1/1 280/1/1
f 284/1/1 264/1/1 263/1/1
f 285/1/1 264/1/1 284/1/1
f 288/1/1 282/1/1 281/1/1
f 289/1/1 282/1/1 288/1/1
f 291/7/1 284/7/1 283/7/1
f 292/7/1 284/7/1 291/7/1
f 295/7/1 287/7/1 286/7/1
f 296/7/1 287/7/1 295/7/1
f 299/7/1 290/7/1 289/7/1
f 300/7/1 290/7/1 299/7/1
f 301/7/1 294/7/1 293/7/1
f 302/7/1 294/7/1 301/7/1
f 303/7/1 298/7/1 297/7/1
f 304/7/1 298/7/1 303/7/1
f 308/7/1 306/7/1 305/7/1
f 309/7/1 306/7/1 308/7/1
f 312/7/1 308/7/1 307/7/1
f 313/7/1 308/7/1 312/7/1
f 314/7/1 310/7/1 309/7/1
f 315/7/1 310/7/1 314/7/1
f 317/7/1 312/7/1 311/7/1
f 318/7/1 312/7/1 317/7/1
f 319/7/1 316/7/1 315/7/1
f 320/7/1 316/7/1 319/7/1
f 321/7/1 317/7/1 311/7/1
f 322/7/1 317/7/1 321/7/1
f 323/7/1 316/7/1 320/7/1
f 324/7/1 316/7/1 323/7/1
f 327/6/1 326/6/1 325/6/1
f 328/6/1 326/6/1 327/6/1
f 337/1/1 330/1/1 329/1/1
f 338/1/1 330/1/1 337/1/1
f 339/1/1 332/1/1 331/1/1
f 340/1/1 332/1/1 339/1/1
f 341/1/1 334/1/1 333/1/1
f 342/1/1 334/1/1 341/1/1
f 343/1/1 336/1/1 335/1/1
f 344/1/1 336/1/1 343/1/1
f 349/7/1 346/7/1 345/7/1
f 350/7/1 346/7/1 349/7/1
f 351/7/1 348/7/1 347/7/1
f 352/7/1 348/7/1 351/7/1
f 358/7/1 354/7/1 353/7/1
f 359/7/1 354/7/1 358/7/1
f 360/7/1 356/7/1 355/7/1
f 361/7/1 356/7/1 360/7/1
f 363/7/1 358/7/1 357/7/1
f 364/7/1 358/7/1 363/7/1
f 365/7/1 362/7/1 361/7/1
f 366/7/1 362/7/1 365/7/1
f 373/7/1 368/7/1 367/7/1
f 374/7/1 368/7/1 373/7/1
f 375/7/1 370/7/1 369/7/1
f 376/7/1 370/7/1 375/7/1
f 379/7/1 372/7/1 371/7/1
f 380/7/1 372/7/1 379/7/1
f 381/7/1 378/7/1 377/7/1
f 382/7/1 378/7/1 381/7/1
f 387/1/1 384/1/1 383/1/1
f 388/1/1 384/1/1 387/1/1
f 389/1/1 386/1/1 385/1/1
f 390/1/1 386/1/1 389/1/1
f 393/1/1 392/1/1 391/1/1
f 394/1/1 392/1/1 393/1/1
f 395/1/1 392/1/1 394/1/1
f 396/1/1 392/1/1 395/1/1
f 397/1/1 392/1/1 396/1/1
f 398/1/1 392/1/1 397/1/1
f 399/1/1 392/1/1 398/1/1
f 400/1/1 392/1/1 399/1/1
f 401/1/1 394/1/1 393/1/1
f 402/1/1 396/1/1 395/1/1
f 403/1/1 396/1/1 402/1/1
f 404/1/1 398/1/1 397/1/1
f 405/1/1 398/1/1 404/1/1
f 406/1/1 400/1/1 399/1/1
f 408/1/1 405/1/1 404/1/1
f 408/1/1 406/1/1 405/1/1
f 408/1/1 401/1/1 393/1/1
f 408/1/1 403/1/1 402/1/1
f 408/1/1 404/1/1 403/1/1
f 408/1/1 402/1/1 401/1/1
f 409/1/1 406/1/1 408/1/1
f 410/1/1 406/1/1 409/1/1
f 411/1/1 406/1/1 410/1/1
f 412/1/1 406/1/1 411/1/1
f 413/1/1 406/1/1 412/1/1
f 414/1/1 406/1/1 413/1/1
f 415/1/1 406/1/1 414/1/1
f 416/1/1 406/1/1 415/1/1
f 417/1/1 406/1/1 416/1/1
f 418/1/1 406/1/1 417/1/1
f 419/1/1 406/1/1 418/1/1
f 420/1/1 406/1/1 419/1/1
f 421/1/1 406/1/1 420/1/1
f 422/1/1 400/1/1 406/1/1
f 422/1/1 406/1/1 421/1/1
f 423/1/1 400/1/1 422/1/1
f 424/1/1 400/1/1 423/1/1
f 425/1/1 400/1/1 424/1/1
f 428/1/1 408/1/1 407/1/1
f 429/1/1 408/1/1 428/1/1
f 430/1/1 410/1/1 409/1/1
f 431/1/1 410/1/1 430/1/1
f 432/1/1 412/1/1 411/1/1
f 433/1/1 412/1/1 432/1/1
f 434/1/1 414/1/1 413/1/1
f 435/1/1 414/1/1 434/1/1
f 436/1/1 416/1/1 415/1/1
f 437/1/1 416/1/1 436/1/1
f 438/1/1 418/1/1 417/1/1
f 439/1/1 418/1/1 438/1/1
f 440/1/1 420/1/1 419/1/1
f 441/1/1 420/1/1 440/1/1
f 442/1/1 422/1/1 421/1/1
f 443/1/1 422/1/1 442/1/1
f 444/1/1 424/1/1 423/1/1
f 445/1/1 424/1/1 444/1/1
f 446/1/1 426/1/1 425/1/1
f 447/1/1 426/1/1 446/1/1
f 449/7/1 428/7/1 427/7/1
f 450/7/1 428/7/1 449/7/1
f 451/7/1 448/7/1 447/7/1
f 452/7/1 448/7/1 451/7/1
f 456/7/1 454/7/1 453/7/1
f 457/7/1 454/7/1 456/7/1
f 459/7/1 456/7/1 455/7/1
f 460/7/1 456/7/1 459/7/1
f 461/7/1 458/7/1 457/7/1
f 462/7/1 458/7/1 461/7/1
f 478/1/1 464/1/1 463/1/1
f 479/1/1 464/1/1 478/1/1
f 480/1/1 466/1/1 465/1/1
f 481/1/1 466/1/1 480/1/1
f 482/1/1 468/1/1 467/1/1
f 483/1/1 468/1/1 482/1/1
f 484/1/1 470/1/1 469/1/1
f 485/1/1 470/1/1 484/1/1
f 486/1/1 472/1/1 471/1/1
f 487/1/1 472/1/1 486/1/1
f 488/1/1 474/1/1 473/1/1
f 489/1/1 474/1/1 488/1/1
f 490/1/1 476/1/1 475/1/1
f 491/1/1 476/1/1 490/1/1
f 494/1/1 478/1/1 477/1/1
f 495/1/1 478/1/1 494/1/1
f 498/1/1 492/1/1 491/1/1
f 499/1/1 492/1/1 498/1/1
f 501/7/1 494/7/1 493/7/1
f 502/7/1 494/7/1 501/7/1
f 505/7/1 497/7/1 496/7/1
f 506/7/1 497/7/1 505/7/1
f 509/7/1 500/7/1 499/7/1
f 510/7/1 500/7/1 509/7/1
f 511/7/1 504/7/1 503/7/1
f 512/7/1 504/7/1 511/7/1
f 513/7/1 508/7/1 507/7/1
f 514/7/1 508/7/1 513/7/1
f 521/1/1 516/1/1 515/1/1
f 522/1/1 516/1/1 521/1/1
f 523/1/1 518/1/1 517/1/1
f 524/1/1 518/1/1 523/1/1
f 525/1/1 520/1/1 519/1/1
f 526/1/1 520/1/1 525/1/1
f 531/7/1 528/7/1 527/7/1
f 532/7/1 528/7/1 531/7/1
f 533/7/1 530/7/1 529/7/1
f 534/7/1 530/7/1 533/7/1
f 540/7/1 536/7/1 535/7/1
f 541/7/1 536/7/1 540/7/1
f 542/7/1 538/7/1 537/7/1
f 543/7/1 538/7/1 542/7/1
f 545/7/1 540/7/1 539/7/1
f 546/7/1 540/7/1 545/7/1
f 547/7/1 544/7/1 543/7/1
f 548/7/1 544/7/1 547/7/1
f 551/3/1 550/3/1 549/3/1
f 552/3/1 550/3/1 551/3/1
f 555/6/1 554/6/1 553/6/1
f 556/6/1 554/6/1 555/6/1
f 561/1/1 558/1/1 557/1/1
f 562/1/1 558/1/1 561/1/1
f 563/1/1 560/1/1 559/1/1
f 564/1/1 560/1/1 563/1/1
f 569/1/1 566/1/1 565/1/1
f 570/1/1 566/1/1 569/1/1
f 571/1/1 568/1/1 567/1/1
f 572/1/1 568/1/1 571/1/1
f 575/1/1 574/1/1 573/1/1
f 576/1/1 574/1/1 575/1/1
f 577/1/1 574/1/1 576/1/1
f 578/1/1 574/1/1 577/1/1
f 579/1/1 574/1/1 578/1/1
f 580/1/1 574/1/1 579/1/1
f 581/1/1 574/1/1 580/1/1
f 582/1/1 574/1/1 581/1/1
f 583/1/1 576/1/1 575/1/1
f 584/1/1 578/1/1 577/1/1
f 585/1/1 578/1/1 584/1/1
f 586/1/1 580/1/1 579/1/1
f 587/1/1 580/1/1 586/1/1
f 588/1/1 582/1/1 581/1/1
f 590/1/1 587/1/1 586/1/1
f 590/1/1 588/1/1 587/1/1
f 590/1/1 583/1/1 575/1/1
f 590/1/1 585/1/1 584/1/1
f 590/1/1 586/1/1 585/1/1
f 590/1/1 584/1/1 583/1/1
f 591/1/1 588/1/1 590/1/1
f 592/1/1 588/1/1 591/1/1
f 593/1/1 588/1/1 592/1/1
f 594/1/1 588/1/1 593/1/1
f 595/1/1 588/1/1 594/1/1
f 596/1/1 588/1/1 595/1/1
f 597/1/1 588/1/1 596/1/1
f 598/1/1 588/1/1 597/1/1
f 599/1/1 588/1/1 598/1/1
f 600/1/1 588/1/1 599/1/1
f 601/1/1 582/1/1 588/1/1
f 601/1/1 588/1/1 600/1/1
f 602/1/1 582/1/1 601/1/1
f 603/1/1 582/1/1 602/1/1
f 606/1/1 590/1/1 589/1/1
f 607/1/1 590/1/1 606/1/1
f 608/1/1 592/1/1 591/1/1
f 609/1/1 592/1/1 608/1/1
f 610/1/1 594/1/1 593/1/1
f 611/1/1 594/1/1 610/1/1
f 612/1/1 596/1/1 595/1/1
f 613/1/1 596/1/1 612/1/1
f 614/1/1 598/1/1 597/1/1
f 615/1/1 598/1/1 614/1/1
f 616/1/1 600/1/1 599/1/1
f 617/1/1 600/1/1 616/1/1
f 618/1/1 602/1/1 601/1/1
f 619/1/1 602/1/1 618/1/1
f 620/1/1 604/1/1 603/1/1
f 621/1/1 604/1/1 620/1/1
f 623/7/1 606/7/1 605/7/1
f 624/7/1 606/7/1 623/7/1
f 625/7/1 622/7/1 621/7/1
f 626/7/1 622/7/1 625/7/1
f 630/7/1 628/7/1 627/7/1
f 631/7/1 628/7/1 630/7/1
f 632/7/1 628/7/1 631/7/1
f 633/7/1 628/7/1 632/7/1
f 634/7/1 628/7/1 633/7/1
f 635/7/1 628/7/1 634/7/1
f 637/7/1 630/7/1 629/7/1
f 638/7/1 630/7/1 637/7/1
f 639/7/1 632/7/1 631/7/1
f 640/7/1 632/7/1 639/7/1
f 641/7/1 632/7/1 640/7/1
f 644/7/1 634/7/1 633/7/1
f 645/7/1 634/7/1 644/7/1
f 646/7/1 634/7/1 645/7/1
f 647/7/1 636/7/1 635/7/1
f 648/7/1 636/7/1 647/7/1
f 649/7/1 642/7/1 641/7/1
f 649/7/1 641/7/1 640/7/1
f 650/7/1 642/7/1 649/7/1
f 651/7/1 642/7/1 650/7/1
f 654/7/1 645/7/1 644/7/1
f 654/7/1 644/7/1 643/7/1
f 655/7/1 645/7/1 654/7/1
f 656/7/1 645/7/1 655/7/1
f 657/7/1 652/7/1 651/7/1
f 657/7/1 651/7/1 650/7/1
f 658/7/1 652/7/1 657/7/1
f 659/7/1 652/7/1 658/7/1
f 660/7/1 655/7/1 654/7/1
f 660/7/1 654/7/1 653/7/1
f 661/7/1 655/7/1 660/7/1
f 662/7/1 655/7/1 661/7/1
f 663/7/1 659/7/1 658/7/1
f 663/7/1 661/7/1 660/7/1
f 663/7/1 660/7/1 659/7/1
f 664/7/1 661/7/1 663/7/1
f 665/7/1 661/7/1 664/7/1
f 666/7/1 661/7/1 665/7/1
f 667/7/1 665/7/1 664/7/1
f 668/7/1 665/7/1 667/7/1
f 671/3/1 670/3/1 669/3/1
f 672/3/1 670/3/1 671/3/1
f 675/3/1 674/3/1 673/3/1
f 676/3/1 674/3/1 675/3/1
f 681/1/1 678/1/1 677/1/1
f 682/1/1 678/1/1 681/1/1
f 683/1/1 680/1/1 679/1/1
f 684/1/1 680/1/1 683/1/1
f 691/1/1 686/1/1 685/1/1
f 692/1/1 686/1/1 691/1/1
f 693/1/1 688/1/1 687/1/1
f 694/1/1 688/1/1 693/1/1
f 695/1/1 690/1/1 689/1/1
f 696/1/1 690/1/1 695/1/1
f 701/7/1 698/7/1 697/7/1
f 702/7/1 698/7/1 701/7/1
f 703/7/1 700/7/1 699/7/1
f 704/7/1 700/7/1 703/7/1
f 707/7/1 706/7/1 705/7/1
f 708/7/1 706/7/1 707/7/1
f 711/7/1 710/7/1 709/7/1
f 712/7/1 710/7/1 711/7/1
f 715/3/1 714/3/1 713/3/1
f 716/3/1 714/3/1 715/3/1
f 721/6/1 720/6/1 719/6/1
f 722/6/1 718/6/1 717/6/1
f 723/6/1 718/6/1 722/6/1
f 724/6/1 721/6/1 719/6/1
f 725/6/1 721/6/1 724/6/1
f 730/1/1 727/1/1 726/1/1
f 731/1/1 727/1/1 730/1/1
f 732/1/1 729/1/1 728/1/1
f 733/1/1 729/1/1 732/1/1
f 738/1/1 735/1/1 734/1/1
f 739/1/1 735/1/1 738/1/1
f 740/1/1 737/1/1 736/1/1
f 741/1/1 737/1/1 740/1/1
f 746/1/1 743/1/1 742/1/1
f 747/1/1 743/1/1 746/1/1
f 748/1/1 745/1/1 744/1/1
f 749/1/1 745/1/1 748/1/1
f 754/7/1 751/7/1 750/7/1
f 755/7/1 751/7/1 754/7/1
f 760/7/1 753/7/1 752/7/1
f 761/7/1 753/7/1 760/7/1
f 762/7/1 756/7/1 755/7/1
f 763/7/1 756/7/1 762/7/1
f 765/1/1 758/1/1 757/1/1
f 766/1/1 758/1/1 765/1/1
f 767/1/1 758/1/1 766/1/1
f 768/1/1 758/1/1 767/1/1
f 770/7/1 760/7/1 759/7/1
f 771/7/1 760/7/1 770/7/1
f 772/7/1 764/7/1 763/7/1
f 773/7/1 764/7/1 772/7/1
f 774/7/1 764/7/1 773/7/1
f 776/1/1 767/1/1 766/1/1
f 777/1/1 767/1/1 776/1/1
f 779/7/1 770/7/1 769/7/1
f 780/7/1 770/7/1 779/7/1
f 781/7/1 770/7/1 780/7/1
f 782/7/1 775/7/1 774/7/1
f 782/7/1 774/7/1 773/7/1
f 783/7/1 775/7/1 782/7/1
f 784/7/1 775/7/1 783/7/1
f 787/7/1 780/7/1 779/7/1
f 787/7/1 779/7/1 778/7/1
f 788/7/1 780/7/1 787/7/1
f 789/7/1 780/7/1 788/7/1
f 790/7/1 785/7/1 784/7/1
f 790/7/1 784/7/1 783/7/1
f 791/7/1 785/7/1 790/7/1
f 792/7/1 785/7/1 791/7/1
f 795/7/1 788/7/1 787/7/1
f 795/7/1 787/7/1 786/7/1
f 796/7/1 788/7/1 795/7/1
f 797/7/1 788/7/1 796/7/1
f 798/7/1 793/7/1 792/7/1
f 798/7/1 792/7/1 791/7/1
f 799/7/1 793/7/1 798/7/1
f 800/7/1 796/7/1 795/7/1
f 800/7/1 795/7/1 794/7/1
f 801/7/1 796/7/1 800/7/1
f 802/7/1 793/7/1 799/7/1
f 803/7/1 793/7/1 802/7/1
f 804/7/1 800/7/1 794/7/1
f 805/7/1 800/7/1 804/7/1
f 808/7/1 807/7/1 806/7/1
f 809/7/1 807/7/1 808/7/1
f 814/1/1 811/1/1 810/1/1
f 815/1/1 811/1/1 814/1/1
f 816/1/1 813/1/1 812/1/1
f 817/1/1 813/1/1 816/1/1
f 822/1/1 819/1/1 818/1/1
f 823/1/1 819/1/1 822/1/1
f 824/1/1 821/1/1 820/1/1
f 825/1/1 821/1/1 824/1/1
f 830/1/1 827/1/1 826/1/1
f 831/1/1 827/1/1 830/1/1
f 832/1/1 829/1/1 828/1/1
f 833/1/1 829/1/1 832/1/1
f 838/7/1 835/7/1 834/7/1
f 839/7/1 835/7/1 838/7/1
f 842/7/1 837/7/1 836/7/1
f 843/7/1 837/7/1 842/7/1
f 844/7/1 840/7/1 839/7/1
f 845/7/1 840/7/1 844/7/1
f 848/7/1 842/7/1 841/7/1
f 849/7/1 842/7/1 848/7/1
f 850/7/1 846/7/1 845/7/1
f 851/7/1 846/7/1 850/7/1
f 854/7/1 848/7/1 847/7/1
f 855/7/1 848/7/1 854/7/1
f 856/7/1 852/7/1 851/7/1
f 857/7/1 852/7/1 856/7/1
f 858/7/1 854/7/1 853/7/1
f 859/7/1 854/7/1 858/7/1
f 864/1/1 861/1/1 860/1/1
f 865/1/1 861/1/1 864/1/1
f 866/1/1 863/1/1 862/1/1
f 867/1/1 863/1/1 866/1/1
f 872/1/1 869/1/1 868/1/1
f 873/1/1 869/1/1 872/1/1
f 874/1/1 871/1/1 870/1/1
f 875/1/1 871/1/1 874/1/1
f 880/1/1 877/1/1 876/1/1
f 881/1/1 877/1/1 880/1/1
f 882/1/1 879/1/1 878/1/1
f 883/1/1 879/1/1 882/1/1
f 888/1/1 885/1/1 884/1/1
f 889/1/1 885/1/1 888/1/1
f 890/1/1 887/1/1 886/1/1
f 891/1/1 887/1/1 890/1/1
f 896/1/1 893/1/1 892/1/1
f 897/1/1 893/1/1 896/1/1
f 898/1/1 895/1/1 894/1/1
f 899/1/1 895/1/1 898/1/1
f 904/1/1 901/1/1 900/1/1
f 905/1/1 901/1/1 904/1/1
f 906/1/1 903/1/1 902/1/1
f 907/1/1 903/1/1 906/1/1
f 912/1/1 909/1/1 908/1/1
f 913/1/1 909/1/1 912/1/1
f 914/1/1 911/1/1 910/1/1
f 915/1/1 911/1/1 914/1/1
f 920/1/1 917/1/1 916/1/1
f 921/1/1 917/1/1 920/1/1
f 922/1/1 919/1/1 918/1/1
f 923/1/1 919/1/1 922/1/1
f 928/1/1 925/1/1 924/1/1
f 929/1/1 925/1/1 928/1/1
f 930/1/1 927/1/1 926/1/1
f 931/1/1 927/1/1 930/1/1
f 936/1/1 933/1/1 932/1/1
f 937/1/1 933/1/1 936/1/1
f 938/1/1 935/1/1 934/1/1
f 939/1/1 935/1/1 938/1/1
f 944/1/1 941/1/1 940/1/1
f 945/1/1 941/1/1 944/1/1
f 946/1/1 943/1/1 942/1/1
f 947/1/1 943/1/1 946/1/1
f 952/1/1 949/1/1 948/1/1
f 953/1/1 949/1/1 952/1/1
f 954/1/1 951/1/1 950/1/1
f 955/1/1 951/1/1 954/1/1
f 960/1/1 957/1/1 956/1/1
f 961/1/1 957/1/1 960/1/1
f 962/1/1 959/1/1 958/1/1
f 963/1/1 959/1/1 962/1/1
f 968/1/1 965/1/1 964/1/1
f 969/1/1 965/1/1 968/1/1
f 970/1/1 967/1/1 966/1/1
f 971/1/1 967/1/1 970/1/1
f 976/6/1 973/6/1 972/6/1
f 977/6/1 973/6/1 976/6/1
f 978/6/1 975/6/1 974/6/1
f 979/6/1 975/6/1 978/6/1
f 982/5/1 981/5/1 980/5/1
f 983/5/1 981/5/1 982/5/1
f 988/1/1 985/1/1 984/1/1
f 989/1/1 985/1/1 988/1/1
f 990/1/1 987/1/1 986/1/1
f 991/1/1 987/1/1 990/1/1
f 996/1/1 993/1/1 992/1/1
f 997/1/1 993/1/1 996/1/1
f 998/1/1 995/1/1 994/1/1
f 999/1/1 995/1/1 998/1/1
f 1004/1/1 1001/1/1 1000/1/1
f 1005/1/1 1001/1/1 1004/1/1
f 1006/1/1 1003/1/1 1002/1/1
f 1007/1/1 1003/1/1 1006/1/1
f 1012/1/1 1009/1/1 1008/1/1
f 1013/1/1 1009/1/1 1012/1/1
f 1014/1/1 1011/1/1 1010/1/1
f 1015/1/1 1011/1/1 1014/1/1
f 1020/1/1 1017/1/1 1016/1/1
f 1021/1/1 1017/1/1 1020/1/1
f 1022/1/1 1019/1/1 1018/1/1
f 1023/1/1 1019/1/1 1022/1/1
f 1028/7/1 1025/7/1 1024/7/1
f 1029/7/1 1025/7/1 1028/7/1
f 1032/7/1 1027/7/1 1026/7/1
f 1033/7/1 1027/7/1 1032/7/1
f 1034/7/1 1030/7/1 1029/7/1
f 1035/7/1 1030/7/1 1034/7/1
f 1036/7/1 1030/7/1 1035/7/1
f 1039/7/1 1032/7/1 1031/7/1
f 1040/7/1 1032/7/1 1039/7/1
f 1041/7/1 1032/7/1 1040/7/1
f 1042/7/1 1037/7/1 1036/7/1
f 1042/7/1 1036/7/1 1035/7/1
f 1043/7/1 1037/7/1 1042/7/1
f 1044/7/1 1037/7/1 1043/7/1
f 1047/7/1 1040/7/1 1039/7/1
f 1047/7/1 1039/7/1 1038/7/1
f 1048/7/1 1040/7/1 1047/7/1
f 1049/7/1 1040/7/1 1048/7/1
f 1050/7/1 1045/7/1 1044/7/1
f 1050/7/1 1044/7/1 1043/7/1
f 1051/7/1 1045/7/1 1050/7/1
f 1052/7/1 1045/7/1 1051/7/1
f 1055/7/1 1048/7/1 1047/7/1
f 1055/7/1 1047/7/1 1046/7/1
f 1056/7/1 1048/7/1 1055/7/1
f 1057/7/1 1048/7/1 1056/7/1
f 1058/7/1 1053/7/1 1052/7/1
f 1058/7/1 1052/7/1 1051/7/1
f 1059/7/1 1053/7/1 1058/7/1
f 1060/7/1 1053/7/1 1059/7/1
f 1063/7/1 1056/7/1 1055/7/1
f 1063/7/1 1055/7/1 1054/7/1
f 1064/7/1 1056/7/1 1063/7/1
f 1065/7/1 1056/7/1 1064/7/1
f 1066/7/1 1061/7/1 1060/7/1
f 1066/7/1 1060/7/1 1059/7/1
f 1067/7/1 1061/7/1 1066/7/1
f 1068/7/1 1064/7/1 1063/7/1
f 1068/7/1 1063/7/1 1062/7/1
f 1069/7/1 1064/7/1 1068/7/1
f 1070/7/1 1061/7/1 1067/7/1
f 1071/7/1 1061/7/1 1070/7/1
f 1072/7/1 1068/7/1 1062/7/1
f 1073/7/1 1068/7/1 1072/7/1
f 1078/1/1 1075/1/1 1074/1/1
f 1079/1/1 1075/1/1 1078/1/1
f 1080/1/1 1077/1/1 1076/1/1
f 1081/1/1 1077/1/1 1080/1/1
f 1086/1/1 1083/1/1 1082/1/1
f 1087/1/1 1083/1/1 1086/1/1
f 1088/1/1 1085/1/1 1084/1/1
f 1089/1/1 1085/1/1 1088/1/1
f 1094/1/1 1091/1/1 1090/1/1
f 1095/1/1 1091/1/1 1094/1/1
f 1096/1/1 1093/1/1 1092/1/1
f 1097/1/1 1093/1/1 1096/1/1
f 1102/1/1 1099/1/1 1098/1/1
f 1103/1/1 1099/1/1 1102/1/1
f 1104/1/1 1101/1/1 1100/1/1
f 1105/1/1 1101/1/1 1104/1/1
f 1108/1/1 1107/1/1 1106/1/1
f 1109/1/1 1107/1/1 1108/1/1
f 1110/1/1 1107/1/1 1109/1/1
f 1111/1/1 1107/1/1 1110/1/1
f 1112/1/1 1110/1/1 1109/1/1
f 1113/1/1 1110/1/1 1112/1/1
f 1116/4/1 1115/4/1 1114/4/1
f 1117/4/1 1115/4/1 1116/4/1
f 1118/1/1 1117/1/1 1116/1/1
f 1119/1/1 1117/1/1 1118/1/1
f 1121/7/1 1119/7/1 1118/7/1
f 1122/7/1 1119/7/1 1121/7/1
f 1123/7/1 1119/7/1 1122/7/1
f 1124/7/1 1121/7/1 1120/7/1
f 1124/7/1 1122/7/1 1121/7/1
f 1125/7/1 1122/7/1 1124/7/1
f 1126/7/1 1122/7/1 1125/7/1
f 1129/7/1 1119/7/1 1123/7/1
f 1130/7/1 1119/7/1 1129/7/1
f 1131/7/1 1119/7/1 1130/7/1
f 1132/7/1 1127/7/1 1126/7/1
f 1132/7/1 1126/7/1 1125/7/1
f 1133/7/1 1127/7/1 1132/7/1
f 1134/7/1 1127/7/1 1133/7/1
f 1135/7/1 1130/7/1 1129/7/1
f 1135/7/1 1129/7/1 1128/7/1
f 1136/7/1 1130/7/1 1135/7/1
f 1137/7/1 1130/7/1 1136/7/1
f 1138/7/1 1134/7/1 1133/7/1
f 1138/7/1 1136/7/1 1135/7/1
f 1138/7/1 1135/7/1 1134/7/1
f 1139/7/1 1136/7/1 1138/7/1
f 1140/7/1 1136/7/1 1139/7/1
f 1141/7/1 1136/7/1 1140/7/1
f 1142/7/1 1140/7/1 1139/7/1
f 1143/7/1 1140/7/1 1142/7/1
f 1146/3/1 1145/3/1 1144/3/1
f 1147/3/1 1145/3/1 1146/3/1
f 1150/3/1 1149/3/1 1148/3/1
f 1151/3/1 1149/3/1 1150/3/1
f 1156/1/1 1153/1/1 1152/1/1
f 1157/1/1 1153/1/1 1156/1/1
f 1158/1/1 1155/1/1 1154/1/1
f 1159/1/1 1155/1/1 1158/1/1
f 1164/1/1 1161/1/1 1160/1/1
f 1165/1/1 1161/1/1 1164/1/1
f 1168/1/1 1163/1/1 1162/1/1
f 1169/1/1 1163/1/1 1168/1/1
f 1170/8/1 1167/8/1 1166/8/1
f 1171/8/1 1167/8/1 1170/8/1
f 1176/1/1 1173/1/1 1172/1/1
f 1177/1/1 1173/1/1 1176/1/1
f 1178/1/1 1175/1/1 1174/1/1
f 1179/1/1 1175/1/1 1178/1/1
f 1184/7/1 1181/7/1 1180/7/1
f 1185/7/1 1181/7/1 1184/7/1
f 1190/7/1 1183/7/1 1182/7/1
f 1191/7/1 1183/7/1 1190/7/1
f 1192/7/1 1187/7/1 1186/7/1
f 1193/7/1 1187/7/1 1192/7/1
f 1196/7/1 1189/7/1 1188/7/1
f 1197/7/1 1189/7/1 1196/7/1
f 1198/7/1 1194/7/1 1193/7/1
f 1199/7/1 1194/7/1 1198/7/1
f 1200/7/1 1196/7/1 1195/7/1
f 1201/7/1 1196/7/1 1200/7/1
f 1204/3/1 1203/3/1 1202/3/1
f 1205/3/1 1203/3/1 1204/3/1
f 1208/4/1 1207/4/1 1206/4/1
f 1209/4/1 1207/4/1 1208/4/1
f 1210/1/1 1209/1/1 1208/1/1
f 1211/1/1 1209/1/1 1210/1/1
f 1212/1/1 1210/1/1 1208/1/1
f 1213/1/1 1210/1/1 1212/1/1
f 1218/7/1 1215/7/1 1214/7/1
f 1219/7/1 1215/7/1 1218/7/1
f 1220/7/1 1217/7/1 1216/7/1
f 1221/7/1 1217/7/1 1220/7/1
f 1226/7/1 1223/7/1 1222/7/1
f 1227/7/1 1223/7/1 1226/7/1
f 1232/7/1 1225/7/1 1224/7/1
f 1233/7/1 1225/7/1 1232/7/1
f 1234/7/1 1229/7/1 1228/7/1
f 1235/7/1 1229/7/1 1234/7/1
f 1238/7/1 1231/7/1 1230/7/1
f 1239/7/1 1231/7/1 1238/7/1
f 1240/7/1 1236/7/1 1235/7/1
f 1241/7/1 1236/7/1 1240/7/1
f 1242/7/1 1238/7/1 1237/7/1
f 1243/7/1 1238/7/1 1242/7/1
f 1248/1/1 1245/1/1 1244/1/1
f 1249/1/1 1245/1/1 1248/1/1
f 1250/1/1 1247/1/1 1246/1/1
f 1251/1/1 1247/1/1 1250/1/1
f 1256/1/1 1253/1/1 1252/1/1
f 1257/1/1 1253/1/1 1256/1/1
f 1260/1/1 1255/1/1 1254/1/1
f 1261/1/1 1255/1/1 1260/1/1
f 1262/8/1 1259/8/1 1258/8/1
f 1263/8/1 1259/8/1 1262/8/1
f 1268/1/1 1265/1/1 1264/1/1
f 1269/1/1 1265/1/1 1268/1/1
f 1270/1/1 1267/1/1 1266/1/1
f 1271/1/1 1267/1/1 1270/1/1
f 1276/7/1 1273/7/1 1272/7/1
f 1277/7/1 1273/7/1 1276/7/1
f 1282/7/1 1275/7/1 1274/7/1
f 1283/7/1 1275/7/1 1282/7/1
f 1284/7/1 1279/7/1 1278/7/1
f 1285/7/1 1279/7/1 1284/7/1
f 1288/7/1 1281/7/1 1280/7/1
f 1289/7/1 1281/7/1 1288/7/1
f 1290/7/1 1286/7/1 1285/7/1
f 1291/7/1 1286/7/1 1290/7/1
f 1292/7/1 1288/7/1 1287/7/1
f 1293/7/1 1288/7/1 1292/7/1
f 1298/7/1 1295/7/1 1294/7/1
f 1299/7/1 1295/7/1 1298/7/1
f 1300/7/1 1297/7/1 1296/7/1
f 1301/7/1 1297/7/1 1300/7/1
f 1306/6/1 1303/6/1 1302/6/1
f 1307/6/1 1303/6/1 1306/6/1
f 1310/6/1 1305/6/1 1304/6/1
f 1311/6/1 1305/6/1 1310/6/1
f 1313/6/1 1309/6/1 1308/6/1
f 1314/6/1 1309/6/1 1313/6/1
f 1316/1/1 1313/1/1 1312/1/1
f 1316/1/1 1315/1/1 1314/1/1
f 1316/1/1 1314/1/1 1313/1/1
f 1317/1/1 1315/1/1 1316/1/1
f 1318/1/1 1316/1/1 1312/1/1
f 1319/1/1 1316/1/1 1318/1/1
f 1324/7/1 1321/7/1 1320/7/1
f 1325/7/1 1321/7/1 1324/7/1
f 1326/7/1 1323/7/1 1322/7/1
f 1327/7/1 1323/7/1 1326/7/1
f 1332/7/1 1329/7/1 1328/7/1
f 1333/7/1 1329/7/1 1332/7/1
f 1338/7/1 1331/7/1 1330/7/1
f 1339/7/1 1331/7/1 1338/7/1
f 1340/7/1 1335/7/1 1334/7/1
f 1341/7/1 1335/7/1 1340/7/1
f 1344/7/1 1337/7/1 1336/7/1
f 1345/7/1 1337/7/1 1344/7/1
f 1346/7/1 1342/7/1 1341/7/1
f 1347/7/1 1342/7/1 1346/7/1
f 1348/7/1 1344/7/1 1343/7/1
f 1349/7/1 1344/7/1 1348/7/1
f 1354/7/1 1351/7/1 1350/7/1
f 1355/7/1 1351/7/1 1354/7/1
f 1356/7/1 1353/7/1 1352/7/1
f 1357/7/1 1353/7/1 1356/7/1
f 1362/1/1 1359/1/1 1358/1/1
f 1363/1/1 1359/1/1 1362/1/1
f 1364/1/1 1361/1/1 1360/1/1
f 1365/1/1 1361/1/1 1364/1/1
f 1370/7/1 1367/7/1 1366/7/1
f 1371/7/1 1367/7/1 1370/7/1
f 1376/7/1 1369/7/1 1368/7/1
f 1377/7/1 1369/7/1 1376/7/1
f 1378/7/1 1373/7/1 1372/7/1
f 1379/7/1 1373/7/1 1378/7/1
f 1382/7/1 1375/7/1 1374/7/1
f 1383/7/1 1375/7/1 1382/7/1
f 1384/7/1 1380/7/1 1379/7/1
f 1385/7/1 1380/7/1 1384/7/1
f 1386/7/1 1382/7/1 1381/7/1
f 1387/7/1 1382/7/1 1386/7/1
f 1392/7/1 1389/7/1 1388/7/1
f 1393/7/1 1389/7/1 1392/7/1
f 1394/7/1 1391/7/1 1390/7/1
f 1395/7/1 1391/7/1 1394/7/1
f 1400/7/1 1397/7/1 1396/7/1
f 1401/7/1 1397/7/1 1400/7/1
f 1402/7/1 1399/7/1 1398/7/1
f 1403/7/1 1399/7/1 1402/7/1
f 1408/7/1 1405/7/1 1404/7/1
f 1409/7/1 1405/7/1 1408/7/1
f 1414/7/1 1407/7/1 1406/7/1
f 1415/7/1 1407/7/1 1414/7/1
f 1416/7/1 1411/7/1 1410/7/1
f 1417/7/1 1411/7/1 1416/7/1
f 1420/7/1 1413/7/1 1412/7/1
f 1421/7/1 1413/7/1 1420/7/1
f 1422/7/1 1418/7/1 1417/7/1
f 1423/7/1 1418/7/1 1422/7/1
f 1424/7/1 1420/7/1 1419/7/1
f 1425/7/1 1420/7/1 1424/7/1
f 1430/7/1 1427/7/1 1426/7/1
f 1431/7/1 1427/7/1 1430/7/1
f 1432/7/1 1429/7/1 1428/7/1
f 1433/7/1 1429/7/1 1432/7/1
f 1438/7/1 1435/7/1 1434/7/1
f 1439/7/1 1435/7/1 1438/7/1
f 1440/7/1 1437/7/1 1436/7/1
f 1441/7/1 1437/7/1 1440/7/1
f 1446/7/1 1443/7/1 1442/7/1
f 1447/7/1 1443/7/1 1446/7/1
f 1448/7/1 1445/7/1 1444/7/1
f 1449/7/1 1445/7/1 1448/7/1
f 1454/7/1 1451/7/1 1450/7/1
f 1455/7/1 1451/7/1 1454/7/1
f 1456/7/1 1453/7/1 1452/7/1
f 1457/7/1 1453/7/1 1456/7/1
f 1462/7/1 1459/7/1 1458/7/1
f 1463/7/1 1459/7/1 1462/7/1
f 1464/7/1 1461/7/1 1460/7/1
f 1465/7/1 1461/7/1 1464/7/1
f 1466/7/2 1467/7/2 1470/7/2
f 1470/7/2 1467/7/2 1471/7/2
f 1468/7/2 1469/7/2 1472/7/2
f 1472/7/2 1469/7/2 1473/7/2
f 1474/7/2 1475/7/2 1478/7/2
f 1478/7/2 1475/7/2 1479/7/2
f 1476/7/2 1477/7/2 1480/7/2
f 1480/7/2 1477/7/2 1481/7/2
f 1482/7/2 1483/7/2 1486/7/2
f 1486/7/2 1483/7/2 1487/7/2
f 1484/7/2 1485/7/2 1488/7/2
f 1488/7/2 1485/7/2 1489/7/2
f 1490/7/2 1491/7/2 1494/7/2
f 1494/7/2 1491/7/2 1495/7/2
f 1492/7/2 1493/7/2 1496/7/2
f 1496/7/2 1493/7/2 1497/7/2
f 1498/7/2 1499/7/2 1502/7/2
f 1502/7/2 1499/7/2 1503/7/2
f 1500/7/2 1501/7/2 1508/7/2
f 1508/7/2 1501/7/2 1509/7/2
f 1504/7/2 1505/7/2 1510/7/2
f 1510/7/2 1505/7/2 1511/7/2
f 1506/7/2 1507/7/2 1514/7/2
f 1514/7/2 1507/7/2 1515/7/2
f 1511/7/2 1512/7/2 1516/7/2
f 1516/7/2 1512/7/2 1517/7/2
f 1513/7/2 1514/7/2 1518/7/2
f 1518/7/2 1514/7/2 1519/7/2
f 1520/7/2 1521/7/2 1524/7/2
f 1524/7/2 1521/7/2 1525/7/2
f 1522/7/2 1523/7/2 1526/7/2
f 1526/7/2 1523/7/2 1527/7/2
f 1528/1/2 1529/1/2 1532/1/2
f 1532/1/2 1529/1/2 1533/1/2
f 1530/1/2 1531/1/2 1534/1/2
f 1534/1/2 1531/1/2 1535/1/2
f 1536/7/2 1537/7/2 1540/7/2
f 1540/7/2 1537/7/2 1541/7/2
f 1538/7/2 1539/7/2 1546/7/2
f 1546/7/2 1539/7/2 1547/7/2
f 1542/7/2 1543/7/2 1548/7/2
f 1548/7/2 1543/7/2 1549/7/2
f 1544/7/2 1545/7/2 1552/7/2
f 1552/7/2 1545/7/2 1553/7/2
f 1549/7/2 1550/7/2 1554/7/2
f 1554/7/2 1550/7/2 1555/7/2
f 1551/7/2 1552/7/2 1556/7/2
f 1556/7/2 1552/7/2 1557/7/2
f 1558/7/2 1559/7/2 1562/7/2
f 1562/7/2 1559/7/2 1563/7/2
f 1560/7/2 1561/7/2 1564/7/2
f 1564/7/2 1561/7/2 1565/7/2
f 1566/7/2 1567/7/2 1570/7/2
f 1570/7/2 1567/7/2 1571/7/2
f 1568/7/2 1569/7/2 1572/7/2
f 1572/7/2 1569/7/2 1573/7/2
f 1574/6/2 1575/6/2 1576/6/2
f 1576/6/2 1575/6/2 1577/6/2
f 1574/6/2 1576/6/2 1578/6/2
f 1578/6/2 1576/6/2 1579/6/2
f 1580/1/2 1581/1/2 1582/1/2
f 1582/1/2 1581/1/2 1583/1/2
f 1583/1/2 1581/1/2 1584/1/2
f 1584/1/2 1581/1/2 1585/1/2
f 1586/7/2 1587/7/2 1590/7/2
f 1590/7/2 1587/7/2 1591/7/2
f 1588/7/2 1589/7/2 1592/7/2
f 1592/7/2 1589/7/2 1593/7/2
f 1594/7/2 1595/7/2 1598/7/2
f 1598/7/2 1595/7/2 1599/7/2
f 1596/7/2 1597/7/2 1604/7/2
f 1604/7/2 1597/7/2 1605/7/2
f 1600/7/2 1601/7/2 1606/7/2
f 1606/7/2 1601/7/2 1607/7/2
f 1602/7/2 1603/7/2 1610/7/2
f 1610/7/2 1603/7/2 1611/7/2
f 1607/7/2 1608/7/2 1612/7/2
f 1612/7/2 1608/7/2 1613/7/2
f 1609/7/2 1610/7/2 1614/7/2
f 1614/7/2 1610/7/2 1615/7/2
f 1616/7/2 1617/7/2 1620/7/2
f 1620/7/2 1617/7/2 1621/7/2
f 1618/7/2 1619/7/2 1622/7/2
f 1622/7/2 1619/7/2 1623/7/2
f 1624/1/2 1625/1/2 1628/1/2
f 1628/1/2 1625/1/2 1629/1/2
f 1626/1/2 1627/1/2 1630/1/2
f 1630/1/2 1627/1/2 1631/1/2
f 1632/1/2 1633/1/2 1636/1/2
f 1636/1/2 1633/1/2 1637/1/2
f 1634/1/2 1635/1/2 1640/1/2
f 1640/1/2 1635/1/2 1641/1/2
f 1638/8/2 1639/8/2 1642/8/2
f 1642/8/2 1639/8/2 1643/8/2
f 1644/1/2 1645/1/2 1648/1/2
f 1648/1/2 1645/1/2 1649/1/2
f 1646/1/2 1647/1/2 1650/1/2
f 1650/1/2 1647/1/2 1651/1/2
f 1652/7/2 1653/7/2 1656/7/2
f 1656/7/2 1653/7/2 1657/7/2
f 1654/7/2 1655/7/2 1662/7/2
f 1662/7/2 1655/7/2 1663/7/2
f 1658/7/2 1659/7/2 1664/7/2
f 1664/7/2 1659/7/2 1665/7/2
f 1660/7/2 1661/7/2 1668/7/2
f 1668/7/2 1661/7/2 1669/7/2
f 1665/7/2 1666/7/2 1670/7/2
f 1670/7/2 1666/7/2 1671/7/2
f 1667/7/2 1668/7/2 1672/7/2
f 1672/7/2 1668/7/2 1673/7/2
f 1674/7/2 1675/7/2 1678/7/2
f 1678/7/2 1675/7/2 1679/7/2
f 1676/7/2 1677/7/2 1680/7/2
f 1680/7/2 1677/7/2 1681/7/2
f 1682/4/2 1683/4/2 1684/4/2
f 1684/4/2 1683/4/2 1685/4/2
f 1684/1/2 1685/1/2 1686/1/2
f 1686/1/2 1685/1/2 1687/1/2
f 1687/1/2 1685/1/2 1688/1/2
f 1688/1/2 1685/1/2 1689/1/2
f 1690/7/2 1691/7/2 1694/7/2
f 1694/7/2 1691/7/2 1695/7/2
f 1692/7/2 1693/7/2 1696/7/2
f 1696/7/2 1693/7/2 1697/7/2
f 1698/7/2 1699/7/2 1702/7/2
f 1702/7/2 1699/7/2 1703/7/2
f 1700/7/2 1701/7/2 1708/7/2
f 1708/7/2 1701/7/2 1709/7/2
f 1704/7/2 1705/7/2 1710/7/2
f 1710/7/2 1705/7/2 1711/7/2
f 1706/7/2 1707/7/2 1714/7/2
f 1714/7/2 1707/7/2 1715/7/2
f 1711/7/2 1712/7/2 1716/7/2
f 1716/7/2 1712/7/2 1717/7/2
f 1713/7/2 1714/7/2 1718/7/2
f 1718/7/2 1714/7/2 1719/7/2
f 1720/1/2 1721/1/2 1724/1/2
f 1724/1/2 1721/1/2 1725/1/2
f 1722/1/2 1723/1/2 1726/1/2
f 1726/1/2 1723/1/2 1727/1/2
f 1728/1/2 1729/1/2 1732/1/2
f 1732/1/2 1729/1/2 1733/1/2
f 1730/1/2 1731/1/2 1736/1/2
f 1736/1/2 1731/1/2 1737/1/2
f 1734/8/2 1735/8/2 1738/8/2
f 1738/8/2 1735/8/2 1739/8/2
f 1740/1/2 1741/1/2 1744/1/2
f 1744/1/2 1741/1/2 1745/1/2
f 1742/1/2 1743/1/2 1746/1/2
f 1746/1/2 1743/1/2 1747/1/2
f 1748/7/2 1749/7/2 1752/7/2
f 1752/7/2 1749/7/2 1753/7/2
f 1750/7/2 1751/7/2 1758/7/2
f 1758/7/2 1751/7/2 1759/7/2
f 1754/7/2 1755/7/2 1760/7/2
f 1760/7/2 1755/7/2 1761/7/2
f 1756/7/2 1757/7/2 1764/7/2
f 1764/7/2 1757/7/2 1765/7/2
f 1761/7/2 1762/7/2 1766/7/2
f 1766/7/2 1762/7/2 1767/7/2
f 1763/7/2 1764/7/2 1768/7/2
f 1768/7/2 1764/7/2 1769/7/2
f 1770/3/2 1771/3/2 1772/3/2
f 1772/3/2 1771/3/2 1773/3/2
f 1774/6/2 1775/6/2 1776/6/2
f 1776/6/2 1775/6/2 1777/6/2
f 1778/4/2 1779/4/2 1780/4/2
f 1780/4/2 1779/4/2 1781/4/2
f 1780/1/2 1781/1/2 1782/1/2
f 1782/1/2 1781/1/2 1783/1/2
f 1782/7/2 1783/7/2 1785/7/2
f 1785/7/2 1783/7/2 1786/7/2
f 1786/7/2 1783/7/2 1787/7/2
f 1784/7/2 1785/7/2 1788/7/2
f 1785/7/2 1786/7/2 1788/7/2
f 1788/7/2 1786/7/2 1789/7/2
f 1789/7/2 1786/7/2 1790/7/2
f 1787/7/2 1783/7/2 1793/7/2
f 1793/7/2 1783/7/2 1794/7/2
f 1794/7/2 1783/7/2 1795/7/2
f 1790/7/2 1791/7/2 1796/7/2
f 1789/7/2 1790/7/2 1796/7/2
f 1796/7/2 1791/7/2 1797/7/2
f 1797/7/2 1791/7/2 1798/7/2
f 1793/7/2 1794/7/2 1799/7/2
f 1792/7/2 1793/7/2 1799/7/2
f 1799/7/2 1794/7/2 1800/7/2
f 1800/7/2 1794/7/2 1801/7/2
f 1797/7/2 1798/7/2 1802/7/2
f 1799/7/2 1800/7/2 1802/7/2
f 1798/7/2 1799/7/2 1802/7/2
f 1802/7/2 1800/7/2 1803/7/2
f 1803/7/2 1800/7/2 1804/7/2
f 1804/7/2 1800/7/2 1805/7/2
f 1803/7/2 1804/7/2 1806/7/2
f 1806/7/2 1804/7/2 1807/7/2
f 1808/3/2 1809/3/2 1810/3/2
f 1810/3/2 1809/3/2 1811/3/2
f 1812/3/2 1813/3/2 1814/3/2
f 1814/3/2 1813/3/2 1815/3/2
f 1816/1/2 1817/1/2 1820/1/2
f 1820/1/2 1817/1/2 1821/1/2
f 1818/1/2 1819/1/2 1822/1/2
f 1822/1/2 1819/1/2 1823/1/2
f 1824/1/2 1825/1/2 1828/1/2
f 1828/1/2 1825/1/2 1829/1/2
f 1826/1/2 1827/1/2 1830/1/2
f 1830/1/2 1827/1/2 1831/1/2
f 1832/1/2 1833/1/2 1836/1/2
f 1836/1/2 1833/1/2 1837/1/2
f 1834/1/2 1835/1/2 1838/1/2
f 1838/1/2 1835/1/2 1839/1/2
f 1840/1/2 1841/1/2 1844/1/2
f 1844/1/2 1841/1/2 1845/1/2
f 1842/1/2 1843/1/2 1846/1/2
f 1846/1/2 1843/1/2 1847/1/2
f 1848/1/2 1849/1/2 1850/1/2
f 1850/1/2 1849/1/2 1851/1/2
f 1851/1/2 1849/1/2 1852/1/2
f 1852/1/2 1849/1/2 1853/1/2
f 1851/1/2 1852/1/2 1854/1/2
f 1854/1/2 1852/1/2 1855/1/2
f 1856/1/2 1857/1/2 1860/1/2
f 1860/1/2 1857/1/2 1861/1/2
f 1858/1/2 1859/1/2 1862/1/2
f 1862/1/2 1859/1/2 1863/1/2
f 1864/7/2 1865/7/2 1868/7/2
f 1868/7/2 1865/7/2 1869/7/2
f 1866/7/2 1867/7/2 1872/7/2
f 1872/7/2 1867/7/2 1873/7/2
f 1869/7/2 1870/7/2 1874/7/2
f 1874/7/2 1870/7/2 1875/7/2
f 1875/7/2 1870/7/2 1876/7/2
f 1871/7/2 1872/7/2 1879/7/2
f 1879/7/2 1872/7/2 1880/7/2
f 1880/7/2 1872/7/2 1881/7/2
f 1876/7/2 1877/7/2 1882/7/2
f 1875/7/2 1876/7/2 1882/7/2
f 1882/7/2 1877/7/2 1883/7/2
f 1883/7/2 1877/7/2 1884/7/2
f 1879/7/2 1880/7/2 1887/7/2
f 1878/7/2 1879/7/2 1887/7/2
f 1887/7/2 1880/7/2 1888/7/2
f 1888/7/2 1880/7/2 1889/7/2
f 1884/7/2 1885/7/2 1890/7/2
f 1883/7/2 1884/7/2 1890/7/2
f 1890/7/2 1885/7/2 1891/7/2
f 1891/7/2 1885/7/2 1892/7/2
f 1887/7/2 1888/7/2 1895/7/2
f 1886/7/2 1887/7/2 1895/7/2
f 1895/7/2 1888/7/2 1896/7/2
f 1896/7/2 1888/7/2 1897/7/2
f 1892/7/2 1893/7/2 1898/7/2
f 1891/7/2 1892/7/2 1898/7/2
f 1898/7/2 1893/7/2 1899/7/2
f 1899/7/2 1893/7/2 1900/7/2
f 1895/7/2 1896/7/2 1903/7/2
f 1894/7/2 1895/7/2 1903/7/2
f 1903/7/2 1896/7/2 1904/7/2
f 1904/7/2 1896/7/2 1905/7/2
f 1900/7/2 1901/7/2 1906/7/2
f 1899/7/2 1900/7/2 1906/7/2
f 1906/7/2 1901/7/2 1907/7/2
f 1903/7/2 1904/7/2 1908/7/2
f 1902/7/2 1903/7/2 1908/7/2
f 1908/7/2 1904/7/2 1909/7/2
f 1907/7/2 1901/7/2 1910/7/2
f 1910/7/2 1901/7/2 1911/7/2
f 1902/7/2 1908/7/2 1912/7/2
f 1912/7/2 1908/7/2 1913/7/2
f 1914/1/2 1915/1/2 1918/1/2
f 1918/1/2 1915/1/2 1919/1/2
f 1916/1/2 1917/1/2 1920/1/2
f 1920/1/2 1917/1/2 1921/1/2
f 1922/1/2 1923/1/2 1926/1/2
f 1926/1/2 1923/1/2 1927/1/2
f 1924/1/2 1925/1/2 1928/1/2
f 1928/1/2 1925/1/2 1929/1/2
f 1930/1/2 1931/1/2 1934/1/2
f 1934/1/2 1931/1/2 1935/1/2
f 1932/1/2 1933/1/2 1936/1/2
f 1936/1/2 1933/1/2 1937/1/2
f 1938/1/2 1939/1/2 1942/1/2
f 1942/1/2 1939/1/2 1943/1/2
f 1940/1/2 1941/1/2 1944/1/2
f 1944/1/2 1941/1/2 1945/1/2
f 1946/1/2 1947/1/2 1950/1/2
f 1950/1/2 1947/1/2 1951/1/2
f 1948/1/2 1949/1/2 1952/1/2
f 1952/1/2 1949/1/2 1953/1/2
f 1954/1/2 1955/1/2 1958/1/2
f 1958/1/2 1955/1/2 1959/1/2
f 1956/1/2 1957/1/2 1960/1/2
f 1960/1/2 1957/1/2 1961/1/2
f 1962/1/2 1963/1/2 1966/1/2
f 1966/1/2 1963/1/2 1967/1/2
f 1964/1/2 1965/1/2 1968/1/2
f 1968/1/2 1965/1/2 1969/1/2
f 1970/1/2 1971/1/2 1974/1/2
f 1974/1/2 1971/1/2 1975/1/2
f 1972/1/2 1973/1/2 1976/1/2
f 1976/1/2 1973/1/2 1977/1/2
f 1978/1/2 1979/1/2 1982/1/2
f 1982/1/2 1979/1/2 1983/1/2
f 1980/1/2 1981/1/2 1984/1/2
f 1984/1/2 1981/1/2 1985/1/2
f 1986/1/2 1987/1/2 1990/1/2
f 1990/1/2 1987/1/2 1991/1/2
f 1988/1/2 1989/1/2 1992/1/2
f 1992/1/2 1989/1/2 1993/1/2
f 1994/1/2 1995/1/2 1998/1/2
f 1998/1/2 1995/1/2 1999/1/2
f 1996/1/2 1997/1/2 2000/1/2
f 2000/1/2 1997/1/2 2001/1/2
f 2002/1/2 2003/1/2 2006/1/2
f 2006/1/2 2003/1/2 2007/1/2
f 2004/1/2 2005/1/2 2008/1/2
f 2008/1/2 2005/1/2 2009/1/2
f 2010/1/2 2011/1/2 2014/1/2
f 2014/1/2 2011/1/2 2015/1/2
f 2012/1/2 2013/1/2 2016/1/2
f 2016/1/2 2013/1/2 2017/1/2
f 2020/6/2 2021/6/2 2022/6/2
f 2018/6/2 2019/6/2 2024/6/2
f 2024/6/2 2019/6/2 2025/6/2
f 2022/6/2 2023/6/2 2026/6/2
f 2020/6/2 2022/6/2 2026/6/2
f 2026/6/2 2023/6/2 2027/6/2
f 2028/1/2 2029/1/2 2032/1/2
f 2032/1/2 2029/1/2 2033/1/2
f 2030/1/2 2031/1/2 2034/1/2
f 2034/1/2 2031/1/2 2035/1/2
f 2036/1/2 2037/1/2 2040/1/2
f 2040/1/2 2037/1/2 2041/1/2
f 2038/1/2 2039/1/2 2042/1/2
f 2042/1/2 2039/1/2 2043/1/2
f 2044/1/2 2045/1/2 2048/1/2
f 2048/1/2 2045/1/2 2049/1/2
f 2046/1/2 2047/1/2 2050/1/2
f 2050/1/2 2047/1/2 2051/1/2
f 2052/1/2 2053/1/2 2056/1/2
f 2056/1/2 2053/1/2 2057/1/2
f 2054/1/2 2055/1/2 2058/1/2
f 2058/1/2 2055/1/2 2059/1/2
f 2060/1/2 2061/1/2 2064/1/2
f 2064/1/2 2061/1/2 2065/1/2
f 2062/1/2 2063/1/2 2066/1/2
f 2066/1/2 2063/1/2 2067/1/2
f 2068/5/2 2069/5/2 2070/5/2
f 2070/5/2 2069/5/2 2071/5/2
f 2072/1/2 2073/1/2 2076/1/2
f 2076/1/2 2073/1/2 2077/1/2
f 2074/1/2 2075/1/2 2078/1/2
f 2078/1/2 2075/1/2 2079/1/2
f 2080/1/2 2081/1/2 2084/1/2
f 2084/1/2 2081/1/2 2085/1/2
f 2082/1/2 2083/1/2 2086/1/2
f 2086/1/2 2083/1/2 2087/1/2
f 2088/1/2 2089/1/2 2092/1/2
f 2092/1/2 2089/1/2 2093/1/2
f 2090/1/2 2091/1/2 2094/1/2
f 2094/1/2 2091/1/2 2095/1/2
f 2096/7/2 2097/7/2 2101/7/2
f 2101/7/2 2097/7/2 2102/7/2
f 2098/7/2 2099/7/2 2103/7/2
f 2103/7/2 2099/7/2 2104/7/2
f 2100/7/2 2101/7/2 2107/7/2
f 2107/7/2 2101/7/2 2108/7/2
f 2104/7/2 2105/7/2 2109/7/2
f 2109/7/2 2105/7/2 2110/7/2
f 2106/7/2 2107/7/2 2113/7/2
f 2113/7/2 2107/7/2 2114/7/2
f 2110/7/2 2111/7/2 2115/7/2
f 2115/7/2 2111/7/2 2116/7/2
f 2112/7/2 2113/7/2 2117/7/2
f 2117/7/2 2113/7/2 2118/7/2
f 2119/7/2 2120/7/2 2122/7/2
f 2120/7/2 2121/7/2 2122/7/2
f 2122/7/2 2121/7/2 2123/7/2
f 2124/1/2 2125/1/2 2128/1/2
f 2128/1/2 2125/1/2 2129/1/2
f 2126/1/2 2127/1/2 2130/1/2
f 2130/1/2 2127/1/2 2131/1/2
f 2132/1/2 2133/1/2 2136/1/2
f 2136/1/2 2133/1/2 2137/1/2
f 2134/1/2 2135/1/2 2138/1/2
f 2138/1/2 2135/1/2 2139/1/2
f 2140/1/2 2141/1/2 2144/1/2
f 2144/1/2 2141/1/2 2145/1/2
f 2142/1/2 2143/1/2 2146/1/2
f 2146/1/2 2143/1/2 2147/1/2
f 2148/7/2 2149/7/2 2152/7/2
f 2152/7/2 2149/7/2 2153/7/2
f 2150/7/2 2151/7/2 2158/7/2
f 2158/7/2 2151/7/2 2159/7/2
f 2153/7/2 2154/7/2 2160/7/2
f 2160/7/2 2154/7/2 2161/7/2
f 2155/1/2 2156/1/2 2163/1/2
f 2163/1/2 2156/1/2 2164/1/2
f 2164/1/2 2156/1/2 2165/1/2
f 2165/1/2 2156/1/2 2166/1/2
f 2157/7/2 2158/7/2 2168/7/2
f 2168/7/2 2158/7/2 2169/7/2
f 2161/7/2 2162/7/2 2170/7/2
f 2170/7/2 2162/7/2 2171/7/2
f 2171/7/2 2162/7/2 2172/7/2
f 2164/1/2 2165/1/2 2174/1/2
f 2174/1/2 2165/1/2 2175/1/2
f 2167/7/2 2168/7/2 2177/7/2
f 2177/7/2 2168/7/2 2178/7/2
f 2178/7/2 2168/7/2 2179/7/2
f 2172/7/2 2173/7/2 2180/7/2
f 2171/7/2 2172/7/2 2180/7/2
f 2180/7/2 2173/7/2 2181/7/2
f 2181/7/2 2173/7/2 2182/7/2
f 2177/7/2 2178/7/2 2185/7/2
f 2176/7/2 2177/7/2 2185/7/2
f 2185/7/2 2178/7/2 2186/7/2
f 2186/7/2 2178/7/2 2187/7/2
f 2182/7/2 2183/7/2 2188/7/2
f 2181/7/2 2182/7/2 2188/7/2
f 2188/7/2 2183/7/2 2189/7/2
f 2189/7/2 2183/7/2 2190/7/2
f 2185/7/2 2186/7/2 2193/7/2
f 2184/7/2 2185/7/2 2193/7/2
f 2193/7/2 2186/7/2 2194/7/2
f 2194/7/2 2186/7/2 2195/7/2
f 2190/7/2 2191/7/2 2196/7/2
f 2189/7/2 2190/7/2 2196/7/2
f 2196/7/2 2191/7/2 2197/7/2
f 2193/7/2 2194/7/2 2198/7/2
f 2192/7/2 2193/7/2 2198/7/2
f 2198/7/2 2194/7/2 2199/7/2
f 2197/7/2 2191/7/2 2200/7/2
f 2200/7/2 2191/7/2 2201/7/2
f 2192/7/2 2198/7/2 2202/7/2
f 2202/7/2 2198/7/2 2203/7/2
f 2204/1/2 2205/1/2 2208/1/2
f 2208/1/2 2205/1/2 2209/1/2
f 2206/1/2 2207/1/2 2210/1/2
f 2210/1/2 2207/1/2 2211/1/2
f 2212/1/2 2213/1/2 2218/1/2
f 2218/1/2 2213/1/2 2219/1/2
f 2214/1/2 2215/1/2 2220/1/2
f 2220/1/2 2215/1/2 2221/1/2
f 2216/1/2 2217/1/2 2222/1/2
f 2222/1/2 2217/1/2 2223/1/2
f 2224/7/2 2225/7/2 2228/7/2
f 2228/7/2 2225/7/2 2229/7/2
f 2226/7/2 2227/7/2 2230/7/2
f 2230/7/2 2227/7/2 2231/7/2
f 2232/7/2 2233/7/2 2234/7/2
f 2234/7/2 2233/7/2 2235/7/2
f 2236/7/2 2237/7/2 2238/7/2
f 2238/7/2 2237/7/2 2239/7/2
f 2240/3/2 2241/3/2 2242/3/2
f 2242/3/2 2241/3/2 2243/3/2
f 2244/1/2 2245/1/2 2248/1/2
f 2248/1/2 2245/1/2 2249/1/2
f 2246/1/2 2247/1/2 2250/1/2
f 2250/1/2 2247/1/2 2251/1/2
f 2252/1/2 2253/1/2 2256/1/2
f 2256/1/2 2253/1/2 2257/1/2
f 2254/1/2 2255/1/2 2258/1/2
f 2258/1/2 2255/1/2 2259/1/2
f 2260/1/2 2261/1/2 2262/1/2
f 2262/1/2 2261/1/2 2263/1/2
f 2263/1/2 2261/1/2 2264/1/2
f 2264/1/2 2261/1/2 2265/1/2
f 2265/1/2 2261/1/2 2266/1/2
f 2266/1/2 2261/1/2 2267/1/2
f 2267/1/2 2261/1/2 2268/1/2
f 2268/1/2 2261/1/2 2269/1/2
f 2262/1/2 2263/1/2 2270/1/2
f 2264/1/2 2265/1/2 2271/1/2
f 2271/1/2 2265/1/2 2272/1/2
f 2266/1/2 2267/1/2 2273/1/2
f 2273/1/2 2267/1/2 2274/1/2
f 2268/1/2 2269/1/2 2275/1/2
f 2273/1/2 2274/1/2 2277/1/2
f 2274/1/2 2275/1/2 2277/1/2
f 2262/1/2 2270/1/2 2277/1/2
f 2271/1/2 2272/1/2 2277/1/2
f 2272/1/2 2273/1/2 2277/1/2
f 2270/1/2 2271/1/2 2277/1/2
f 2277/1/2 2275/1/2 2278/1/2
f 2278/1/2 2275/1/2 2279/1/2
f 2279/1/2 2275/1/2 2280/1/2
f 2280/1/2 2275/1/2 2281/1/2
f 2281/1/2 2275/1/2 2282/1/2
f 2282/1/2 2275/1/2 2283/1/2
f 2283/1/2 2275/1/2 2284/1/2
f 2284/1/2 2275/1/2 2285/1/2
f 2285/1/2 2275/1/2 2286/1/2
f 2286/1/2 2275/1/2 2287/1/2
f 2275/1/2 2269/1/2 2288/1/2
f 2287/1/2 2275/1/2 2288/1/2
f 2288/1/2 2269/1/2 2289/1/2
f 2289/1/2 2269/1/2 2290/1/2
f 2276/1/2 2277/1/2 2293/1/2
f 2293/1/2 2277/1/2 2294/1/2
f 2278/1/2 2279/1/2 2295/1/2
f 2295/1/2 2279/1/2 2296/1/2
f 2280/1/2 2281/1/2 2297/1/2
f 2297/1/2 2281/1/2 2298/1/2
f 2282/1/2 2283/1/2 2299/1/2
f 2299/1/2 2283/1/2 2300/1/2
f 2284/1/2 2285/1/2 2301/1/2
f 2301/1/2 2285/1/2 2302/1/2
f 2286/1/2 2287/1/2 2303/1/2
f 2303/1/2 2287/1/2 2304/1/2
f 2288/1/2 2289/1/2 2305/1/2
f 2305/1/2 2289/1/2 2306/1/2
f 2290/1/2 2291/1/2 2307/1/2
f 2307/1/2 2291/1/2 2308/1/2
f 2292/7/2 2293/7/2 2310/7/2
f 2310/7/2 2293/7/2 2311/7/2
f 2308/7/2 2309/7/2 2312/7/2
f 2312/7/2 2309/7/2 2313/7/2
f 2314/7/2 2315/7/2 2317/7/2
f 2317/7/2 2315/7/2 2318/7/2
f 2318/7/2 2315/7/2 2319/7/2
f 2319/7/2 2315/7/2 2320/7/2
f 2320/7/2 2315/7/2 2321/7/2
f 2321/7/2 2315/7/2 2322/7/2
f 2316/7/2 2317/7/2 2324/7/2
f 2324/7/2 2317/7/2 2325/7/2
f 2318/7/2 2319/7/2 2326/7/2
f 2326/7/2 2319/7/2 2327/7/2
f 2327/7/2 2319/7/2 2328/7/2
f 2320/7/2 2321/7/2 2331/7/2
f 2331/7/2 2321/7/2 2332/7/2
f 2332/7/2 2321/7/2 2333/7/2
f 2322/7/2 2323/7/2 2334/7/2
f 2334/7/2 2323/7/2 2335/7/2
f 2328/7/2 2329/7/2 2336/7/2
f 2327/7/2 2328/7/2 2336/7/2
f 2336/7/2 2329/7/2 2337/7/2
f 2337/7/2 2329/7/2 2338/7/2
f 2331/7/2 2332/7/2 2341/7/2
f 2330/7/2 2331/7/2 2341/7/2
f 2341/7/2 2332/7/2 2342/7/2
f 2342/7/2 2332/7/2 2343/7/2
f 2338/7/2 2339/7/2 2344/7/2
f 2337/7/2 2338/7/2 2344/7/2
f 2344/7/2 2339/7/2 2345/7/2
f 2345/7/2 2339/7/2 2346/7/2
f 2341/7/2 2342/7/2 2347/7/2
f 2340/7/2 2341/7/2 2347/7/2
f 2347/7/2 2342/7/2 2348/7/2
f 2348/7/2 2342/7/2 2349/7/2
f 2345/7/2 2346/7/2 2350/7/2
f 2347/7/2 2348/7/2 2350/7/2
f 2346/7/2 2347/7/2 2350/7/2
f 2350/7/2 2348/7/2 2351/7/2
f 2351/7/2 2348/7/2 2352/7/2
f 2352/7/2 2348/7/2 2353/7/2
f 2351/7/2 2352/7/2 2354/7/2
f 2354/7/2 2352/7/2 2355/7/2
f 2356/3/2 2357/3/2 2358/3/2
f 2358/3/2 2357/3/2 2359/3/2
f 2360/3/2 2361/3/2 2362/3/2
f 2362/3/2 2361/3/2 2363/3/2
f 2364/1/2 2365/1/2 2370/1/2
f 2370/1/2 2365/1/2 2371/1/2
f 2366/1/2 2367/1/2 2372/1/2
f 2372/1/2 2367/1/2 2373/1/2
f 2368/1/2 2369/1/2 2374/1/2
f 2374/1/2 2369/1/2 2375/1/2
f 2376/7/2 2377/7/2 2380/7/2
f 2380/7/2 2377/7/2 2381/7/2
f 2378/7/2 2379/7/2 2382/7/2
f 2382/7/2 2379/7/2 2383/7/2
f 2384/7/2 2385/7/2 2389/7/2
f 2389/7/2 2385/7/2 2390/7/2
f 2386/7/2 2387/7/2 2391/7/2
f 2391/7/2 2387/7/2 2392/7/2
f 2388/7/2 2389/7/2 2394/7/2
f 2394/7/2 2389/7/2 2395/7/2
f 2392/7/2 2393/7/2 2396/7/2
f 2396/7/2 2393/7/2 2397/7/2
f 2398/3/2 2399/3/2 2400/3/2
f 2400/3/2 2399/3/2 2401/3/2
f 2402/1/2 2403/1/2 2406/1/2
f 2406/1/2 2403/1/2 2407/1/2
f 2404/1/2 2405/1/2 2408/1/2
f 2408/1/2 2405/1/2 2409/1/2
f 2410/1/2 2411/1/2 2412/1/2
f 2412/1/2 2411/1/2 2413/1/2
f 2413/1/2 2411/1/2 2414/1/2
f 2414/1/2 2411/1/2 2415/1/2
f 2415/1/2 2411/1/2 2416/1/2
f 2416/1/2 2411/1/2 2417/1/2
f 2417/1/2 2411/1/2 2418/1/2
f 2418/1/2 2411/1/2 2419/1/2
f 2412/1/2 2413/1/2 2420/1/2
f 2414/1/2 2415/1/2 2421/1/2
f 2421/1/2 2415/1/2 2422/1/2
f 2416/1/2 2417/1/2 2423/1/2
f 2423/1/2 2417/1/2 2424/1/2
f 2418/1/2 2419/1/2 2425/1/2
f 2423/1/2 2424/1/2 2427/1/2
f 2424/1/2 2425/1/2 2427/1/2
f 2412/1/2 2420/1/2 2427/1/2
f 2421/1/2 2422/1/2 2427/1/2
f 2422/1/2 2423/1/2 2427/1/2
f 2420/1/2 2421/1/2 2427/1/2
f 2427/1/2 2425/1/2 2428/1/2
f 2428/1/2 2425/1/2 2429/1/2
f 2429/1/2 2425/1/2 2430/1/2
f 2430/1/2 2425/1/2 2431/1/2
f 2431/1/2 2425/1/2 2432/1/2
f 2432/1/2 2425/1/2 2433/1/2
f 2433/1/2 2425/1/2 2434/1/2
f 2434/1/2 2425/1/2 2435/1/2
f 2435/1/2 2425/1/2 2436/1/2
f 2436/1/2 2425/1/2 2437/1/2
f 2437/1/2 2425/1/2 2438/1/2
f 2438/1/2 2425/1/2 2439/1/2
f 2439/1/2 2425/1/2 2440/1/2
f 2425/1/2 2419/1/2 2441/1/2
f 2440/1/2 2425/1/2 2441/1/2
f 2441/1/2 2419/1/2 2442/1/2
f 2442/1/2 2419/1/2 2443/1/2
f 2443/1/2 2419/1/2 2444/1/2
f 2426/1/2 2427/1/2 2447/1/2
f 2447/1/2 2427/1/2 2448/1/2
f 2428/1/2 2429/1/2 2449/1/2
f 2449/1/2 2429/1/2 2450/1/2
f 2430/1/2 2431/1/2 2451/1/2
f 2451/1/2 2431/1/2 2452/1/2
f 2432/1/2 2433/1/2 2453/1/2
f 2453/1/2 2433/1/2 2454/1/2
f 2434/1/2 2435/1/2 2455/1/2
f 2455/1/2 2435/1/2 2456/1/2
f 2436/1/2 2437/1/2 2457/1/2
f 2457/1/2 2437/1/2 2458/1/2
f 2438/1/2 2439/1/2 2459/1/2
f 2459/1/2 2439/1/2 2460/1/2
f 2440/1/2 2441/1/2 2461/1/2
f 2461/1/2 2441/1/2 2462/1/2
f 2442/1/2 2443/1/2 2463/1/2
f 2463/1/2 2443/1/2 2464/1/2
f 2444/1/2 2445/1/2 2465/1/2
f 2465/1/2 2445/1/2 2466/1/2
f 2446/7/2 2447/7/2 2468/7/2
f 2468/7/2 2447/7/2 2469/7/2
f 2466/7/2 2467/7/2 2470/7/2
f 2470/7/2 2467/7/2 2471/7/2
f 2472/7/2 2473/7/2 2475/7/2
f 2475/7/2 2473/7/2 2476/7/2
f 2474/7/2 2475/7/2 2478/7/2
f 2478/7/2 2475/7/2 2479/7/2
f 2476/7/2 2477/7/2 2480/7/2
f 2480/7/2 2477/7/2 2481/7/2
f 2482/1/2 2483/1/2 2497/1/2
f 2497/1/2 2483/1/2 2498/1/2
f 2484/1/2 2485/1/2 2499/1/2
f 2499/1/2 2485/1/2 2500/1/2
f 2486/1/2 2487/1/2 2501/1/2
f 2501/1/2 2487/1/2 2502/1/2
f 2488/1/2 2489/1/2 2503/1/2
f 2503/1/2 2489/1/2 2504/1/2
f 2490/1/2 2491/1/2 2505/1/2
f 2505/1/2 2491/1/2 2506/1/2
f 2492/1/2 2493/1/2 2507/1/2
f 2507/1/2 2493/1/2 2508/1/2
f 2494/1/2 2495/1/2 2509/1/2
f 2509/1/2 2495/1/2 2510/1/2
f 2496/1/2 2497/1/2 2513/1/2
f 2513/1/2 2497/1/2 2514/1/2
f 2510/1/2 2511/1/2 2517/1/2
f 2517/1/2 2511/1/2 2518/1/2
f 2512/7/2 2513/7/2 2520/7/2
f 2520/7/2 2513/7/2 2521/7/2
f 2515/7/2 2516/7/2 2524/7/2
f 2524/7/2 2516/7/2 2525/7/2
f 2518/7/2 2519/7/2 2528/7/2
f 2528/7/2 2519/7/2 2529/7/2
f 2522/7/2 2523/7/2 2530/7/2
f 2530/7/2 2523/7/2 2531/7/2
f 2526/7/2 2527/7/2 2532/7/2
f 2532/7/2 2527/7/2 2533/7/2
f 2534/6/2 2535/6/2 2536/6/2
f 2536/6/2 2535/6/2 2537/6/2
f 2538/1/2 2539/1/2 2546/1/2
f 2546/1/2 2539/1/2 2547/1/2
f 2540/1/2 2541/1/2 2548/1/2
f 2548/1/2 2541/1/2 2549/1/2
f 2542/1/2 2543/1/2 2550/1/2
f 2550/1/2 2543/1/2 2551/1/2
f 2544/1/2 2545/1/2 2552/1/2
f 2552/1/2 2545/1/2 2553/1/2
f 2554/7/2 2555/7/2 2558/7/2
f 2558/7/2 2555/7/2 2559/7/2
f 2556/7/2 2557/7/2 2560/7/2
f 2560/7/2 2557/7/2 2561/7/2
f 2562/7/2 2563/7/2 2567/7/2
f 2567/7/2 2563/7/2 2568/7/2
f 2564/7/2 2565/7/2 2569/7/2
f 2569/7/2 2565/7/2 2570/7/2
f 2566/7/2 2567/7/2 2572/7/2
f 2572/7/2 2567/7/2 2573/7/2
f 2570/7/2 2571/7/2 2574/7/2
f 2574/7/2 2571/7/2 2575/7/2
f 2576/7/2 2577/7/2 2582/7/2
f 2582/7/2 2577/7/2 2583/7/2
f 2578/7/2 2579/7/2 2584/7/2
f 2584/7/2 2579/7/2 2585/7/2
f 2580/7/2 2581/7/2 2588/7/2
f 2588/7/2 2581/7/2 2589/7/2
f 2586/7/2 2587/7/2 2590/7/2
f 2590/7/2 2587/7/2 2591/7/2
f 2592/6/2 2593/6/2 2596/6/2
f 2594/6/2 2595/6/2 2597/6/2
f 2592/6/2 2596/6/2 2598/6/2
f 2596/6/2 2597/6/2 2598/6/2
f 2597/6/2 2595/6/2 2599/6/2
f 2598/6/2 2597/6/2 2599/6/2
f 2600/1/2 2601/1/2 2602/1/2
f 2602/1/2 2601/1/2 2603/1/2
f 2603/1/2 2601/1/2 2604/1/2
f 2604/1/2 2601/1/2 2605/1/2
f 2605/1/2 2601/1/2 2606/1/2
f 2606/1/2 2601/1/2 2607/1/2
f 2607/1/2 2601/1/2 2608/1/2
f 2608/1/2 2601/1/2 2609/1/2
f 2600/1/2 2602/1/2 2610/1/2
f 2603/1/2 2604/1/2 2611/1/2
f 2611/1/2 2604/1/2 2612/1/2
f 2605/1/2 2606/1/2 2613/1/2
f 2613/1/2 2606/1/2 2614/1/2
f 2607/1/2 2608/1/2 2615/1/2
f 2615/1/2 2608/1/2 2616/1/2
f 2609/1/2 2601/1/2 2617/1/2
f 2615/1/2 2616/1/2 2619/1/2
f 2616/1/2 2617/1/2 2619/1/2
f 2613/1/2 2614/1/2 2619/1/2
f 2600/1/2 2610/1/2 2619/1/2
f 2614/1/2 2615/1/2 2619/1/2
f 2611/1/2 2612/1/2 2619/1/2
f 2612/1/2 2613/1/2 2619/1/2
f 2610/1/2 2611/1/2 2619/1/2
f 2619/1/2 2617/1/2 2620/1/2
f 2620/1/2 2617/1/2 2621/1/2
f 2621/1/2 2617/1/2 2622/1/2
f 2622/1/2 2617/1/2 2623/1/2
f 2623/1/2 2617/1/2 2624/1/2
f 2624/1/2 2617/1/2 2625/1/2
f 2625/1/2 2617/1/2 2626/1/2
f 2626/1/2 2617/1/2 2627/1/2
f 2627/1/2 2617/1/2 2628/1/2
f 2628/1/2 2617/1/2 2629/1/2
f 2629/1/2 2617/1/2 2630/1/2
f 2630/1/2 2617/1/2 2631/1/2
f 2631/1/2 2617/1/2 2632/1/2
f 2632/1/2 2617/1/2 2633/1/2
f 2633/1/2 2617/1/2 2634/1/2
f 2634/1/2 2617/1/2 2635/1/2
f 2617/1/2 2601/1/2 2636/1/2
f 2635/1/2 2617/1/2 2636/1/2
f 2636/1/2 2601/1/2 2637/1/2
f 2637/1/2 2601/1/2 2638/1/2
f 2638/1/2 2601/1/2 2639/1/2
f 2639/1/2 2601/1/2 2640/1/2
f 2618/1/2 2619/1/2 2643/1/2
f 2643/1/2 2619/1/2 2644/1/2
f 2620/1/2 2621/1/2 2645/1/2
f 2645/1/2 2621/1/2 2646/1/2
f 2622/1/2 2623/1/2 2647/1/2
f 2647/1/2 2623/1/2 2648/1/2
f 2624/1/2 2625/1/2 2649/1/2
f 2649/1/2 2625/1/2 2650/1/2
f 2626/1/2 2627/1/2 2651/1/2
f 2651/1/2 2627/1/2 2652/1/2
f 2628/1/2 2629/1/2 2653/1/2
f 2653/1/2 2629/1/2 2654/1/2
f 2630/1/2 2631/1/2 2655/1/2
f 2655/1/2 2631/1/2 2656/1/2
f 2632/1/2 2633/1/2 2657/1/2
f 2657/1/2 2633/1/2 2658/1/2
f 2634/1/2 2635/1/2 2659/1/2
f 2659/1/2 2635/1/2 2660/1/2
f 2636/1/2 2637/1/2 2661/1/2
f 2661/1/2 2637/1/2 2662/1/2
f 2638/1/2 2639/1/2 2663/1/2
f 2663/1/2 2639/1/2 2664/1/2
f 2640/1/2 2641/1/2 2665/1/2
f 2665/1/2 2641/1/2 2666/1/2
f 2642/7/2 2643/7/2 2668/7/2
f 2668/7/2 2643/7/2 2669/7/2
f 2666/7/2 2667/7/2 2670/7/2
f 2670/7/2 2667/7/2 2671/7/2
f 2672/7/2 2673/7/2 2675/7/2
f 2675/7/2 2673/7/2 2676/7/2
f 2674/7/2 2675/7/2 2678/7/2
f 2678/7/2 2675/7/2 2679/7/2
f 2676/7/2 2677/7/2 2680/7/2
f 2680/7/2 2677/7/2 2681/7/2
f 2682/1/2 2683/1/2 2701/1/2
f 2701/1/2 2683/1/2 2702/1/2
f 2684/1/2 2685/1/2 2703/1/2
f 2703/1/2 2685/1/2 2704/1/2
f 2686/1/2 2687/1/2 2705/1/2
f 2705/1/2 2687/1/2 2706/1/2
f 2688/1/2 2689/1/2 2707/1/2
f 2707/1/2 2689/1/2 2708/1/2
f 2690/1/2 2691/1/2 2709/1/2
f 2709/1/2 2691/1/2 2710/1/2
f 2692/1/2 2693/1/2 2711/1/2
f 2711/1/2 2693/1/2 2712/1/2
f 2694/1/2 2695/1/2 2713/1/2
f 2713/1/2 2695/1/2 2714/1/2
f 2696/1/2 2697/1/2 2715/1/2
f 2715/1/2 2697/1/2 2716/1/2
f 2698/1/2 2699/1/2 2717/1/2
f 2717/1/2 2699/1/2 2718/1/2
f 2700/1/2 2701/1/2 2721/1/2
f 2721/1/2 2701/1/2 2722/1/2
f 2718/1/2 2719/1/2 2725/1/2
f 2725/1/2 2719/1/2 2726/1/2
f 2720/7/2 2721/7/2 2728/7/2
f 2728/7/2 2721/7/2 2729/7/2
f 2723/7/2 2724/7/2 2732/7/2
f 2732/7/2 2724/7/2 2733/7/2
f 2726/7/2 2727/7/2 2736/7/2
f 2736/7/2 2727/7/2 2737/7/2
f 2730/7/2 2731/7/2 2738/7/2
f 2738/7/2 2731/7/2 2739/7/2
f 2734/7/2 2735/7/2 2740/7/2
f 2740/7/2 2735/7/2 2741/7/2
f 2742/7/2 2743/7/2 2745/7/2
f 2745/7/2 2743/7/2 2746/7/2
f 2744/7/2 2745/7/2 2749/7/2
f 2749/7/2 2745/7/2 2750/7/2
f 2746/7/2 2747/7/2 2751/7/2
f 2751/7/2 2747/7/2 2752/7/2
f 2748/7/2 2749/7/2 2754/7/2
f 2754/7/2 2749/7/2 2755/7/2
f 2752/7/2 2753/7/2 2756/7/2
f 2756/7/2 2753/7/2 2757/7/2
f 2748/7/2 2754/7/2 2758/7/2
f 2758/7/2 2754/7/2 2759/7/2
f 2757/7/2 2753/7/2 2760/7/2
f 2760/7/2 2753/7/2 2761/7/2
f 2762/7/2 2763/7/2 2767/7/2
f 2767/7/2 2763/7/2 2768/7/2
f 2764/7/2 2765/7/2 2769/7/2
f 2769/7/2 2765/7/2 2770/7/2
f 2766/7/2 2767/7/2 2772/7/2
f 2772/7/2 2767/7/2 2773/7/2
f 2770/7/2 2771/7/2 2774/7/2
f 2774/7/2 2771/7/2 2775/7/2
f 2776/7/2 2777/7/2 2782/7/2
f 2782/7/2 2777/7/2 2783/7/2
f 2778/7/2 2779/7/2 2784/7/2
f 2784/7/2 2779/7/2 2785/7/2
f 2780/7/2 2781/7/2 2788/7/2
f 2788/7/2 2781/7/2 2789/7/2
f 2786/7/2 2787/7/2 2790/7/2
f 2790/7/2 2787/7/2 2791/7/2
f 2792/1/2 2793/1/2 2815/1/2
f 2815/1/2 2793/1/2 2816/1/2
f 2794/1/2 2795/1/2 2817/1/2
f 2817/1/2 2795/1/2 2818/1/2
f 2796/1/2 2797/1/2 2819/1/2
f 2819/1/2 2797/1/2 2820/1/2
f 2798/1/2 2799/1/2 2821/1/2
f 2821/1/2 2799/1/2 2822/1/2
f 2800/1/2 2801/1/2 2823/1/2
f 2823/1/2 2801/1/2 2824/1/2
f 2802/1/2 2803/1/2 2825/1/2
f 2825/1/2 2803/1/2 2826/1/2
f 2804/1/2 2805/1/2 2827/1/2
f 2827/1/2 2805/1/2 2828/1/2
f 2806/1/2 2807/1/2 2829/1/2
f 2829/1/2 2807/1/2 2830/1/2
f 2808/1/2 2809/1/2 2831/1/2
f 2831/1/2 2809/1/2 2832/1/2
f 2810/1/2 2811/1/2 2833/1/2
f 2833/1/2 2811/1/2 2834/1/2
f 2812/1/2 2813/1/2 2835/1/2
f 2835/1/2 2813/1/2 2836/1/2
f 2814/1/2 2815/1/2 2839/1/2
f 2839/1/2 2815/1/2 2840/1/2
f 2836/1/2 2837/1/2 2843/1/2
f 2843/1/2 2837/1/2 2844/1/2
f 2838/7/2 2839/7/2 2846/7/2
f 2846/7/2 2839/7/2 2847/7/2
f 2841/7/2 2842/7/2 2850/7/2
f 2850/7/2 2842/7/2 2851/7/2
f 2844/7/2 2845/7/2 2854/7/2
f 2854/7/2 2845/7/2 2855/7/2
f 2848/7/2 2849/7/2 2856/7/2
f 2856/7/2 2849/7/2 2857/7/2
f 2852/7/2 2853/7/2 2858/7/2
f 2858/7/2 2853/7/2 2859/7/2
f 2860/7/2 2861/7/2 2863/7/2
f 2863/7/2 2861/7/2 2864/7/2
f 2862/7/2 2863/7/2 2867/7/2
f 2867/7/2 2863/7/2 2868/7/2
f 2864/7/2 2865/7/2 2869/7/2
f 2869/7/2 2865/7/2 2870/7/2
f 2866/7/2 2867/7/2 2872/7/2
f 2872/7/2 2867/7/2 2873/7/2
f 2870/7/2 2871/7/2 2874/7/2
f 2874/7/2 2871/7/2 2875/7/2
f 2866/7/2 2872/7/2 2876/7/2
f 2876/7/2 2872/7/2 2877/7/2
f 2875/7/2 2871/7/2 2878/7/2
f 2878/7/2 2871/7/2 2879/7/2
f 2880/7/2 2881/7/2 2886/7/2
f 2886/7/2 2881/7/2 2887/7/2
f 2882/7/2 2883/7/2 2888/7/2
f 2888/7/2 2883/7/2 2889/7/2
f 2884/7/2 2885/7/2 2892/7/2
f 2892/7/2 2885/7/2 2893/7/2
f 2890/7/2 2891/7/2 2894/7/2
f 2894/7/2 2891/7/2 2895/7/2
f 2896/6/2 2897/6/2 2900/6/2
f 2897/1/2 2898/1/2 2901/1/2
f 2900/6/2 2897/6/2 2901/6/2
f 2898/6/2 2899/6/2 2902/6/2
f 2901/1/2 2898/1/2 2902/1/2
f 2902/6/2 2899/6/2 2903/6/2
f 2904/7/2 2905/7/2 2907/7/2
f 2907/7/2 2905/7/2 2908/7/2
f 2906/7/2 2907/7/2 2911/7/2
f 2911/7/2 2907/7/2 2912/7/2
f 2908/7/2 2909/7/2 2913/7/2
f 2913/7/2 2909/7/2 2914/7/2
f 2910/7/2 2911/7/2 2916/7/2
f 2916/7/2 2911/7/2 2917/7/2
f 2914/7/2 2915/7/2 2918/7/2
f 2918/7/2 2915/7/2 2919/7/2
f 2910/7/2 2916/7/2 2920/7/2
f 2920/7/2 2916/7/2 2921/7/2
f 2919/7/2 2915/7/2 2922/7/2
f 2922/7/2 2915/7/2 2923/7/2
f 2928/7/3 2927/7/3 2926/7/3
f 2929/7/3 2927/7/3 2928/7/3
f 2931/7/3 2928/7/3 2926/7/3
f 2932/7/3 2928/7/3 2931/7/3
f 2934/7/3 2931/7/3 2930/7/3
f 2935/7/3 2931/7/3 2934/7/3
f 2936/7/3 2934/7/3 2933/7/3
f 2937/7/3 2934/7/3 2936/7/3
f 2939/7/3 2938/7/3 2937/7/3
f 2940/7/3 2938/7/3 2939/7/3
f 2942/7/3 2941/7/3 2940/7/3
f 2944/6/3 2925/6/3 2924/6/3
f 2945/6/3 2925/6/3 2944/6/3
f 2946/7/3 2943/7/3 2942/7/3
f 2946/7/3 2942/7/3 2940/7/3
f 2947/7/3 2943/7/3 2946/7/3
f 2950/7/3 2949/7/3 2948/7/3
f 2951/7/3 2949/7/3 2950/7/3
f 2954/7/3 2953/7/3 2952/7/3
f 2955/7/3 2953/7/3 2954/7/3
f 2958/7/3 2957/7/3 2956/7/3
f 2959/7/3 2957/7/3 2958/7/3
f 2962/7/3 2961/7/3 2960/7/3
f 2963/7/3 2961/7/3 2962/7/3
f 2967/7/3 2965/7/3 2964/7/3
f 2968/7/3 2965/7/3 2967/7/3
f 2973/7/3 2970/7/3 2969/7/3
f 2974/7/3 2970/7/3 2973/7/3
f 2976/1/3 2967/1/3 2966/1/3
f 2977/1/3 2967/1/3 2976/1/3
f 2978/7/3 2972/7/3 2971/7/3
f 2979/7/3 2972/7/3 2978/7/3
f 2981/7/3 2973/7/3 2969/7/3
f 2982/7/3 2973/7/3 2981/7/3
f 2983/1/3 2976/1/3 2975/1/3
f 2984/1/3 2976/1/3 2983/1/3
f 2990/7/3 2981/7/3 2980/7/3
f 2991/7/3 2981/7/3 2990/7/3
f 2992/1/3 2988/1/3 2987/1/3
f 2993/1/3 2988/1/3 2992/1/3
f 2996/1/3 2995/1/3 2994/1/3
f 2997/1/3 2995/1/3 2996/1/3
f 3000/1/3 2999/1/3 2998/1/3
f 3001/1/3 2999/1/3 3000/1/3
f 3004/1/3 3003/1/3 3002/1/3
f 3005/1/3 3003/1/3 3004/1/3
f 3008/1/3 3007/1/3 3006/1/3
f 3009/1/3 3007/1/3 3008/1/3
f 3012/1/3 3011/1/3 3010/1/3
f 3013/1/3 3011/1/3 3012/1/3
f 3016/1/3 3015/1/3 3014/1/3
f 3017/1/3 3015/1/3 3016/1/3
f 3020/1/3 3019/1/3 3018/1/3
f 3021/1/3 3019/1/3 3020/1/3
f 3024/1/3 3023/1/3 3022/1/3
f 3025/1/3 3023/1/3 3024/1/3
f 3028/1/3 3027/1/3 3026/1/3
f 3029/1/3 3027/1/3 3028/1/3
f 3032/1/3 3031/1/3 3030/1/3
f 3033/1/3 3031/1/3 3032/1/3
f 3034/7/3 2990/7/3 2989/7/3
f 3035/7/3 2990/7/3 3034/7/3
f 3039/7/3 2986/7/3 2985/7/3
f 3040/7/3 2986/7/3 3039/7/3
f 3041/1/3 3038/1/3 3037/1/3
f 3042/1/3 3038/1/3 3041/1/3
f 3046/7/3 3036/7/3 3035/7/3
f 3047/7/3 3036/7/3 3046/7/3
f 3049/7/3 3045/7/3 3044/7/3
f 3050/7/3 3045/7/3 3049/7/3
f 3051/7/3 3048/7/3 3047/7/3
f 3053/1/3 3043/1/3 3042/1/3
f 3054/1/3 3043/1/3 3053/1/3
f 3056/7/3 3051/7/3 3047/7/3
f 3056/7/3 3052/7/3 3051/7/3
f 3057/7/3 3052/7/3 3056/7/3
f 3058/7/3 3055/7/3 3054/7/3
f 3059/7/3 3055/7/3 3058/7/3
f 3063/7/3 3061/7/3 3060/7/3
f 3064/7/3 3061/7/3 3063/7/3
f 3067/7/3 3063/7/3 3062/7/3
f 3068/7/3 3063/7/3 3067/7/3
f 3069/7/3 3066/7/3 3065/7/3
f 3070/7/3 3066/7/3 3069/7/3
f 3073/7/3 3072/7/3 3071/7/3
f 3074/7/3 3072/7/3 3073/7/3
f 3077/7/3 3076/7/3 3075/7/3
f 3078/7/3 3076/7/3 3077/7/3
f 3083/7/3 3080/7/3 3079/7/3
f 3084/7/3 3080/7/3 3083/7/3
f 3086/7/3 3082/7/3 3081/7/3
f 3087/7/3 3082/7/3 3086/7/3
f 3088/7/3 3085/7/3 3084/7/3
f 3089/7/3 3085/7/3 3088/7/3
f 3093/7/3 3091/7/3 3090/7/3
f 3094/7/3 3091/7/3 3093/7/3
f 3100/1/3 3093/1/3 3092/1/3
f 3101/1/3 3093/1/3 3100/1/3
f 3105/7/3 3096/7/3 3095/7/3
f 3106/7/3 3096/7/3 3105/7/3
f 3109/1/3 3100/1/3 3099/1/3
f 3112/7/3 3103/7/3 3102/7/3
f 3113/7/3 3103/7/3 3112/7/3
f 3116/7/3 3108/7/3 3107/7/3
f 3117/7/3 3108/7/3 3116/7/3
f 3118/1/3 3110/1/3 3109/1/3
f 3118/1/3 3109/1/3 3099/1/3
f 3119/1/3 3110/1/3 3118/1/3
f 3121/1/3 3105/1/3 3104/1/3
f 3122/1/3 3105/1/3 3121/1/3
f 3123/7/3 3115/7/3 3114/7/3
f 3124/7/3 3115/7/3 3123/7/3
f 3126/7/3 3116/7/3 3107/7/3
f 3127/7/3 3116/7/3 3126/7/3
f 3128/1/3 3118/1/3 3099/1/3
f 3129/1/3 3118/1/3 3128/1/3
f 3130/1/3 3118/1/3 3129/1/3
f 3132/1/3 3121/1/3 3120/1/3
f 3133/1/3 3121/1/3 3132/1/3
f 3136/1/3 3131/1/3 3130/1/3
f 3136/1/3 3130/1/3 3129/1/3
f 3137/1/3 3131/1/3 3136/1/3
f 3141/7/3 3126/7/3 3125/7/3
f 3142/7/3 3126/7/3 3141/7/3
f 3143/1/3 3128/1/3 3099/1/3
f 3144/1/3 3136/1/3 3129/1/3
f 3145/1/3 3136/1/3 3144/1/3
f 3147/1/3 3139/1/3 3138/1/3
f 3148/1/3 3139/1/3 3147/1/3
f 3149/1/3 3146/1/3 3145/1/3
f 3149/1/3 3144/1/3 3143/1/3
f 3149/1/3 3145/1/3 3144/1/3
f 3150/1/3 3146/1/3 3149/1/3
f 3153/1/3 3149/1/3 3143/1/3
f 3155/1/3 3152/1/3 3151/1/3
f 3156/1/3 3152/1/3 3155/1/3
f 3157/1/3 3154/1/3 3153/1/3
f 3157/1/3 3153/1/3 3143/1/3
f 3158/1/3 3154/1/3 3157/1/3
f 3161/1/3 3143/1/3 3099/1/3
f 3161/1/3 3157/1/3 3143/1/3
f 3162/1/3 3157/1/3 3161/1/3
f 3163/1/3 3157/1/3 3162/1/3
f 3165/1/3 3160/1/3 3159/1/3
f 3166/1/3 3160/1/3 3165/1/3
f 3167/1/3 3164/1/3 3163/1/3
f 3167/1/3 3163/1/3 3162/1/3
f 3168/1/3 3164/1/3 3167/1/3
f 3171/1/3 3161/1/3 3099/1/3
f 3172/1/3 3167/1/3 3162/1/3
f 3173/1/3 3167/1/3 3172/1/3
f 3175/1/3 3170/1/3 3169/1/3
f 3176/1/3 3170/1/3 3175/1/3
f 3177/1/3 3174/1/3 3173/1/3
f 3177/1/3 3172/1/3 3171/1/3
f 3177/1/3 3173/1/3 3172/1/3
f 3178/1/3 3174/1/3 3177/1/3
f 3181/1/3 3177/1/3 3171/1/3
f 3183/1/3 3180/1/3 3179/1/3
f 3184/1/3 3180/1/3 3183/1/3
f 3185/1/3 3171/1/3 3099/1/3
f 3185/1/3 3182/1/3 3181/1/3
f 3185/1/3 3181/1/3 3171/1/3
f 3186/1/3 3182/1/3 3185/1/3
f 3187/1/3 3182/1/3 3186/1/3
f 3188/1/3 3182/1/3 3187/1/3
f 3191/1/3 3187/1/3 3186/1/3
f 3193/1/3 3190/1/3 3189/1/3
f 3194/1/3 3190/1/3 3193/1/3
f 3195/1/3 3185/1/3 3099/1/3
f 3196/1/3 3192/1/3 3191/1/3
f 3196/1/3 3191/1/3 3186/1/3
f 3197/1/3 3192/1/3 3196/1/3
f 3198/1/3 3192/1/3 3197/1/3
f 3201/1/3 3196/1/3 3195/1/3
f 3201/1/3 3197/1/3 3196/1/3
f 3203/1/3 3200/1/3 3199/1/3
f 3204/1/3 3200/1/3 3203/1/3
f 3205/1/3 3202/1/3 3201/1/3
f 3205/1/3 3201/1/3 3195/1/3
f 3206/1/3 3202/1/3 3205/1/3
f 3209/1/3 3205/1/3 3195/1/3
f 3211/1/3 3208/1/3 3207/1/3
f 3212/1/3 3208/1/3 3211/1/3
f 3213/1/3 3195/1/3 3099/1/3
f 3213/1/3 3210/1/3 3209/1/3
f 3213/1/3 3209/1/3 3195/1/3
f 3214/1/3 3210/1/3 3213/1/3
f 3215/1/3 3210/1/3 3214/1/3
f 3216/1/3 3210/1/3 3215/1/3
f 3219/1/3 3215/1/3 3214/1/3
f 3221/1/3 3218/1/3 3217/1/3
f 3222/1/3 3218/1/3 3221/1/3
f 3223/7/3 3141/7/3 3140/7/3
f 3224/7/3 3141/7/3 3223/7/3
f 3226/1/3 3213/1/3 3099/1/3
f 3227/1/3 3219/1/3 3214/1/3
f 3227/1/3 3220/1/3 3219/1/3
f 3228/1/3 3220/1/3 3227/1/3
f 3229/1/3 3220/1/3 3228/1/3
f 3232/7/3 3135/7/3 3134/7/3
f 3233/7/3 3135/7/3 3232/7/3
f 3234/1/3 3227/1/3 3226/1/3
f 3234/1/3 3228/1/3 3227/1/3
f 3236/1/3 3231/1/3 3230/1/3
f 3237/1/3 3231/1/3 3236/1/3
f 3241/7/3 3225/7/3 3224/7/3
f 3242/7/3 3225/7/3 3241/7/3
f 3244/1/3 3235/1/3 3234/1/3
f 3244/1/3 3234/1/3 3226/1/3
f 3245/1/3 3235/1/3 3244/1/3
f 3246/7/3 3112/7/3 3111/7/3
f 3247/7/3 3112/7/3 3246/7/3
f 3249/7/3 3240/7/3 3239/7/3
f 3250/7/3 3240/7/3 3249/7/3
f 3251/7/3 3243/7/3 3242/7/3
f 3253/6/3 3098/6/3 3097/6/3
f 3254/6/3 3098/6/3 3253/6/3
f 3255/1/3 3226/1/3 3099/1/3
f 3255/1/3 3244/1/3 3226/1/3
f 3256/1/3 3244/1/3 3255/1/3
f 3258/7/3 3248/7/3 3247/7/3
f 3259/7/3 3248/7/3 3258/7/3
f 3260/1/3 3238/1/3 3237/1/3
f 3261/1/3 3238/1/3 3260/1/3
f 3263/7/3 3252/7/3 3251/7/3
f 3263/7/3 3251/7/3 3242/7/3
f 3264/7/3 3252/7/3 3263/7/3
f 3265/1/3 3257/1/3 3256/1/3
f 3266/1/3 3257/1/3 3265/1/3
f 3268/7/3 3262/7/3 3261/7/3
f 3269/7/3 3262/7/3 3268/7/3
f 3270/7/3 3267/7/3 3266/7/3
f 3271/7/3 3267/7/3 3270/7/3
f 3278/7/3 3275/7/3 3274/7/3
f 3279/7/3 3275/7/3 3278/7/3
f 3281/7/3 3277/7/3 3276/7/3
f 3282/7/3 3277/7/3 3281/7/3
f 3287/7/3 3281/7/3 3280/7/3
f 3288/7/3 3281/7/3 3287/7/3
f 3289/7/3 3284/7/3 3283/7/3
f 3290/7/3 3284/7/3 3289/7/3
f 3293/1/3 3286/1/3 3285/1/3
f 3294/1/3 3286/1/3 3293/1/3
f 3295/7/3 3292/7/3 3291/7/3
f 3296/7/3 3292/7/3 3295/7/3
f 3299/1/3 3298/1/3 3297/1/3
f 3300/1/3 3298/1/3 3299/1/3
f 3303/1/3 3302/1/3 3301/1/3
f 3304/1/3 3302/1/3 3303/1/3
f 3309/7/3 3308/7/3 3307/7/3
f 3310/7/3 3308/7/3 3309/7/3
f 3311/1/3 3306/1/3 3305/1/3
f 3312/1/3 3306/1/3 3311/1/3
f 3319/7/3 3314/7/3 3313/7/3
f 3320/7/3 3314/7/3 3319/7/3
f 3322/7/3 3316/7/3 3315/7/3
f 3323/7/3 3316/7/3 3322/7/3
f 3324/6/3 3273/6/3 3272/6/3
f 3325/6/3 3273/6/3 3324/6/3
f 3326/7/3 3318/7/3 3317/7/3
f 3327/7/3 3318/7/3 3326/7/3
f 3328/7/3 3321/7/3 3320/7/3
f 3329/7/3 3321/7/3 3328/7/3
f 3334/1/3 3331/1/3 3330/1/3
f 3335/1/3 3331/1/3 3334/1/3
f 3337/7/3 3333/7/3 3332/7/3
f 3338/7/3 3333/7/3 3337/7/3
f 3343/1/3 3337/1/3 3336/1/3
f 3344/1/3 3337/1/3 3343/1/3
f 3348/7/3 3340/7/3 3339/7/3
f 3349/7/3 3340/7/3 3348/7/3
f 3350/1/3 3342/1/3 3341/1/3
f 3350/1/3 3343/1/3 3342/1/3
f 3353/7/3 3346/7/3 3345/7/3
f 3354/7/3 3346/7/3 3353/7/3
f 3357/1/3 3351/1/3 3350/1/3
f 3357/1/3 3350/1/3 3341/1/3
f 3358/1/3 3351/1/3 3357/1/3
f 3360/1/3 3348/1/3 3347/1/3
f 3361/1/3 3348/1/3 3360/1/3
f 3362/7/3 3356/7/3 3355/7/3
f 3363/7/3 3356/7/3 3362/7/3
f 3364/1/3 3357/1/3 3341/1/3
f 3366/1/3 3360/1/3 3359/1/3
f 3367/1/3 3360/1/3 3366/1/3
f 3370/1/3 3365/1/3 3364/1/3
f 3370/1/3 3364/1/3 3341/1/3
f 3371/1/3 3365/1/3 3370/1/3
f 3374/1/3 3370/1/3 3341/1/3
f 3375/1/3 3370/1/3 3374/1/3
f 3376/1/3 3370/1/3 3375/1/3
f 3378/1/3 3373/1/3 3372/1/3
f 3379/1/3 3373/1/3 3378/1/3
f 3380/1/3 3377/1/3 3376/1/3
f 3380/1/3 3376/1/3 3375/1/3
f 3381/1/3 3377/1/3 3380/1/3
f 3384/1/3 3374/1/3 3341/1/3
f 3385/1/3 3380/1/3 3375/1/3
f 3386/1/3 3380/1/3 3385/1/3
f 3388/1/3 3383/1/3 3382/1/3
f 3389/1/3 3383/1/3 3388/1/3
f 3390/1/3 3387/1/3 3386/1/3
f 3390/1/3 3385/1/3 3384/1/3
f 3390/1/3 3386/1/3 3385/1/3
f 3391/1/3 3387/1/3 3390/1/3
f 3394/1/3 3390/1/3 3384/1/3
f 3396/1/3 3393/1/3 3392/1/3
f 3397/1/3 3393/1/3 3396/1/3
f 3398/1/3 3384/1/3 3341/1/3
f 3398/1/3 3395/1/3 3394/1/3
f 3398/1/3 3394/1/3 3384/1/3
f 3399/1/3 3395/1/3 3398/1/3
f 3400/1/3 3395/1/3 3399/1/3
f 3401/1/3 3395/1/3 3400/1/3
f 3404/1/3 3398/1/3 3341/1/3
f 3405/1/3 3400/1/3 3399/1/3
f 3406/1/3 3400/1/3 3405/1/3
f 3408/1/3 3403/1/3 3402/1/3
f 3409/1/3 3403/1/3 3408/1/3
f 3410/1/3 3407/1/3 3406/1/3
f 3410/1/3 3405/1/3 3404/1/3
f 3410/1/3 3406/1/3 3405/1/3
f 3411/1/3 3407/1/3 3410/1/3
f 3414/1/3 3410/1/3 3404/1/3
f 3416/1/3 3413/1/3 3412/1/3
f 3417/1/3 3413/1/3 3416/1/3
f 3418/1/3 3404/1/3 3341/1/3
f 3418/1/3 3415/1/3 3414/1/3
f 3418/1/3 3414/1/3 3404/1/3
f 3419/1/3 3415/1/3 3418/1/3
f 3420/1/3 3415/1/3 3419/1/3
f 3421/1/3 3415/1/3 3420/1/3
f 3424/1/3 3420/1/3 3419/1/3
f 3426/1/3 3423/1/3 3422/1/3
f 3427/1/3 3423/1/3 3426/1/3
f 3428/1/3 3418/1/3 3341/1/3
f 3429/1/3 3425/1/3 3424/1/3
f 3429/1/3 3424/1/3 3419/1/3
f 3430/1/3 3425/1/3 3429/1/3
f 3431/1/3 3425/1/3 3430/1/3
f 3434/1/3 3429/1/3 3428/1/3
f 3434/1/3 3430/1/3 3429/1/3
f 3436/1/3 3433/1/3 3432/1/3
f 3437/1/3 3433/1/3 3436/1/3
f 3438/1/3 3435/1/3 3434/1/3
f 3438/1/3 3434/1/3 3428/1/3
f 3439/1/3 3435/1/3 3438/1/3
f 3442/7/3 3369/7/3 3368/7/3
f 3443/7/3 3369/7/3 3442/7/3
f 3444/1/3 3438/1/3 3428/1/3
f 3446/1/3 3441/1/3 3440/1/3
f 3447/1/3 3441/1/3 3446/1/3
f 3451/1/3 3445/1/3 3444/1/3
f 3451/1/3 3444/1/3 3428/1/3
f 3452/1/3 3445/1/3 3451/1/3
f 3453/7/3 3353/7/3 3352/7/3
f 3454/7/3 3353/7/3 3453/7/3
f 3456/7/3 3450/7/3 3449/7/3
f 3457/7/3 3450/7/3 3456/7/3
f 3458/1/3 3428/1/3 3341/1/3
f 3458/1/3 3451/1/3 3428/1/3
f 3459/1/3 3451/1/3 3458/1/3
f 3460/1/3 3451/1/3 3459/1/3
f 3462/7/3 3455/7/3 3454/7/3
f 3463/7/3 3455/7/3 3462/7/3
f 3464/1/3 3448/1/3 3447/1/3
f 3465/1/3 3448/1/3 3464/1/3
f 3469/1/3 3461/1/3 3460/1/3
f 3470/1/3 3461/1/3 3469/1/3
f 3472/7/3 3466/7/3 3465/7/3
f 3473/7/3 3466/7/3 3472/7/3
f 3474/1/3 3468/1/3 3467/1/3
f 3475/1/3 3468/1/3 3474/1/3
f 3476/7/3 3471/7/3 3470/7/3
f 3477/7/3 3471/7/3 3476/7/3
f 3482/7/3 3479/7/3 3478/7/3
f 3483/7/3 3479/7/3 3482/7/3
f 3485/7/3 3481/7/3 3480/7/3
f 3486/7/3 3481/7/3 3485/7/3
f 3487/7/3 3485/7/3 3484/7/3
f 3488/7/3 3485/7/3 3487/7/3
f 3493/7/3 3490/7/3 3489/7/3
f 3494/7/3 3490/7/3 3493/7/3
f 3495/1/3 3492/1/3 3491/1/3
f 3496/1/3 3492/1/3 3495/1/3
f 3499/1/3 3498/1/3 3497/1/3
f 3500/1/3 3498/1/3 3499/1/3
f 3505/1/3 3502/1/3 3501/1/3
f 3506/1/3 3502/1/3 3505/1/3
f 3507/7/3 3504/7/3 3503/7/3
f 3508/7/3 3504/7/3 3507/7/3
f 3513/7/3 3510/7/3 3509/7/3
f 3514/7/3 3510/7/3 3513/7/3
f 3516/7/3 3512/7/3 3511/7/3
f 3517/7/3 3512/7/3 3516/7/3
f 3518/7/3 3515/7/3 3514/7/3
f 3519/7/3 3515/7/3 3518/7/3
f 3522/1/3 3521/1/3 3520/1/3
f 3523/1/3 3521/1/3 3522/1/3
f 3528/1/3 3525/1/3 3524/1/3
f 3529/1/3 3525/1/3 3528/1/3
f 3531/7/3 3527/7/3 3526/7/3
f 3532/7/3 3527/7/3 3531/7/3
f 3535/1/3 3531/1/3 3530/1/3
f 3536/1/3 3531/1/3 3535/1/3
f 3539/1/3 3534/1/3 3533/1/3
f 3539/1/3 3535/1/3 3534/1/3
f 3542/7/3 3538/7/3 3537/7/3
f 3543/7/3 3538/7/3 3542/7/3
f 3546/1/3 3540/1/3 3539/1/3
f 3546/1/3 3539/1/3 3533/1/3
f 3547/1/3 3540/1/3 3546/1/3
f 3548/7/3 3542/7/3 3541/7/3
f 3549/7/3 3542/7/3 3548/7/3
f 3551/1/3 3546/1/3 3533/1/3
f 3553/1/3 3551/1/3 3533/1/3
f 3553/1/3 3552/1/3 3551/1/3
f 3554/1/3 3552/1/3 3553/1/3
f 3555/1/3 3552/1/3 3554/1/3
f 3556/1/3 3552/1/3 3555/1/3
f 3558/7/3 3550/7/3 3549/7/3
f 3559/7/3 3550/7/3 3558/7/3
f 3560/1/3 3555/1/3 3554/1/3
f 3562/1/3 3553/1/3 3533/1/3
f 3563/1/3 3561/1/3 3560/1/3
f 3563/1/3 3560/1/3 3554/1/3
f 3564/1/3 3561/1/3 3563/1/3
f 3565/1/3 3561/1/3 3564/1/3
f 3566/1/3 3563/1/3 3562/1/3
f 3566/1/3 3564/1/3 3563/1/3
f 3568/1/3 3562/1/3 3533/1/3
f 3568/1/3 3567/1/3 3566/1/3
f 3568/1/3 3566/1/3 3562/1/3
f 3569/1/3 3567/1/3 3568/1/3
f 3570/1/3 3567/1/3 3569/1/3
f 3571/1/3 3567/1/3 3570/1/3
f 3572/1/3 3568/1/3 3533/1/3
f 3573/1/3 3570/1/3 3569/1/3
f 3574/1/3 3570/1/3 3573/1/3
f 3576/1/3 3573/1/3 3572/1/3
f 3576/1/3 3575/1/3 3574/1/3
f 3576/1/3 3574/1/3 3573/1/3
f 3577/1/3 3575/1/3 3576/1/3
f 3578/6/3 3545/6/3 3544/6/3
f 3579/6/3 3545/6/3 3578/6/3
f 3580/1/3 3572/1/3 3533/1/3
f 3580/1/3 3576/1/3 3572/1/3
f 3581/1/3 3576/1/3 3580/1/3
f 3582/1/3 3576/1/3 3581/1/3
f 3584/1/3 3583/1/3 3582/1/3
f 3584/1/3 3582/1/3 3581/1/3
f 3585/1/3 3583/1/3 3584/1/3
f 3586/1/3 3580/1/3 3533/1/3
f 3587/1/3 3584/1/3 3581/1/3
f 3588/1/3 3584/1/3 3587/1/3
f 3590/7/3 3558/7/3 3557/7/3
f 3591/7/3 3558/7/3 3590/7/3
f 3593/1/3 3589/1/3 3588/1/3
f 3593/1/3 3588/1/3 3587/1/3
f 3593/1/3 3587/1/3 3586/1/3
f 3594/1/3 3589/1/3 3593/1/3
f 3595/1/3 3593/1/3 3586/1/3
f 3598/7/3 3592/7/3 3591/7/3
f 3599/7/3 3592/7/3 3598/7/3
f 3600/1/3 3595/1/3 3586/1/3
f 3600/1/3 3596/1/3 3595/1/3
f 3601/1/3 3596/1/3 3600/1/3
f 3602/7/3 3598/7/3 3597/7/3
f 3603/7/3 3598/7/3 3602/7/3
f 3605/1/3 3586/1/3 3533/1/3
f 3605/1/3 3600/1/3 3586/1/3
f 3606/1/3 3600/1/3 3605/1/3
f 3607/1/3 3600/1/3 3606/1/3
f 3609/7/3 3604/7/3 3603/7/3
f 3610/7/3 3604/7/3 3609/7/3
f 3613/1/3 3608/1/3 3607/1/3
f 3614/1/3 3608/1/3 3613/1/3
f 3618/1/3 3612/1/3 3611/1/3
f 3619/1/3 3612/1/3 3618/1/3
f 3620/7/3 3615/7/3 3614/7/3
f 3621/7/3 3615/7/3 3620/7/3
f 3622/1/3 3617/1/3 3616/1/3
f 3623/1/3 3617/1/3 3622/1/3
f 3626/7/3 3625/7/3 3624/7/3
f 3627/7/3 3625/7/3 3626/7/3
f 3631/7/3 3628/7/3 3627/7/3
f 3632/7/3 3628/7/3 3631/7/3
f 3633/1/3 3630/1/3 3629/1/3
f 3634/1/3 3630/1/3 3633/1/3
f 3637/1/3 3636/1/3 3635/1/3
f 3638/1/3 3636/1/3 3637/1/3
f 3641/1/3 3640/1/3 3639/1/3
f 3642/1/3 3640/1/3 3641/1/3
f 3646/7/3 3644/7/3 3643/7/3
f 3647/7/3 3644/7/3 3646/7/3
f 3648/7/3 3646/7/3 3645/7/3
f 3649/7/3 3646/7/3 3648/7/3
f 3654/1/3 3651/1/3 3650/1/3
f 3655/1/3 3651/1/3 3654/1/3
f 3658/1/3 3653/1/3 3652/1/3
f 3659/1/3 3653/1/3 3658/1/3
f 3660/1/3 3657/1/3 3656/1/3
f 3661/1/3 3657/1/3 3660/1/3
f 3666/1/3 3663/1/3 3662/1/3
f 3667/1/3 3663/1/3 3666/1/3
f 3670/7/3 3669/7/3 3668/7/3
f 3671/7/3 3669/7/3 3670/7/3
f 3672/6/3 3665/6/3 3664/6/3
f 3673/6/3 3665/6/3 3672/6/3
f 3678/7/3 3675/7/3 3674/7/3
f 3679/7/3 3675/7/3 3678/7/3
f 3682/7/3 3677/7/3 3676/7/3
f 3683/7/3 3677/7/3 3682/7/3
f 3686/7/3 3685/7/3 3684/7/3
f 3687/7/3 3685/7/3 3686/7/3
f 3692/7/3 3689/7/3 3688/7/3
f 3693/7/3 3689/7/3 3692/7/3
f 3694/6/3 3681/6/3 3680/6/3
f 3695/6/3 3681/6/3 3694/6/3
f 3698/1/3 3691/1/3 3690/1/3
f 3699/1/3 3691/1/3 3698/1/3
f 3702/1/3 3701/1/3 3700/1/3
f 3703/1/3 3701/1/3 3702/1/3
f 3706/1/3 3697/1/3 3696/1/3
f 3707/1/3 3697/1/3 3706/1/3
f 3708/1/3 3705/1/3 3704/1/3
f 3709/1/3 3705/1/3 3708/1/3
f 3712/1/3 3711/1/3 3710/1/3
f 3713/1/3 3711/1/3 3712/1/3
f 3716/7/3 3715/7/3 3714/7/3
f 3717/7/3 3715/7/3 3716/7/3
f 3722/7/3 3719/7/3 3718/7/3
f 3723/7/3 3719/7/3 3722/7/3
f 3724/7/3 3721/7/3 3720/7/3
f 3725/7/3 3721/7/3 3724/7/3
f 3730/7/3 3727/7/3 3726/7/3
f 3731/7/3 3727/7/3 3730/7/3
f 3732/7/3 3729/7/3 3728/7/3
f 3733/7/3 3729/7/3 3732/7/3
f 3736/1/3 3735/1/3 3734/1/3
f 3737/1/3 3735/1/3 3736/1/3
f 3740/1/3 3739/1/3 3738/1/3
f 3741/1/3 3739/1/3 3740/1/3
f 3744/1/3 3743/1/3 3742/1/3
f 3745/1/3 3743/1/3 3744/1/3
f 3750/1/3 3747/1/3 3746/1/3
f 3751/1/3 3747/1/3 3750/1/3
f 3754/1/3 3749/1/3 3748/1/3
f 3755/1/3 3749/1/3 3754/1/3
f 3758/7/3 3753/7/3 3752/7/3
f 3759/7/3 3753/7/3 3758/7/3
f 3762/1/3 3757/1/3 3756/1/3
f 3763/1/3 3757/1/3 3762/1/3
f 3766/7/3 3761/7/3 3760/7/3
f 3767/7/3 3761/7/3 3766/7/3
f 3768/7/3 3765/7/3 3764/7/3
f 3769/7/3 3765/7/3 3768/7/3
f 3774/1/3 3773/1/3 3772/1/3
f 3775/1/3 3773/1/3 3774/1/3
f 3778/7/3 3771/7/3 3770/7/3
f 3779/7/3 3771/7/3 3778/7/3
f 3782/1/3 3781/1/3 3780/1/3
f 3783/1/3 3781/1/3 3782/1/3
f 3786/7/3 3777/7/3 3776/7/3
f 3787/7/3 3777/7/3 3786/7/3
f 3790/1/3 3785/1/3 3784/1/3
f 3791/1/3 3785/1/3 3790/1/3
f 3794/1/3 3789/1/3 3788/1/3
f 3795/1/3 3789/1/3 3794/1/3
f 3796/1/3 3793/1/3 3792/1/3
f 3797/1/3 3793/1/3 3796/1/3
f 3802/7/3 3799/7/3 3798/7/3
f 3803/7/3 3799/7/3 3802/7/3
f 3806/1/3 3801/1/3 3800/1/3
f 3807/1/3 3801/1/3 3806/1/3
f 3810/7/3 3805/7/3 3804/7/3
f 3811/7/3 3805/7/3 3810/7/3
f 3812/7/3 3809/7/3 3808/7/3
f 3813/7/3 3809/7/3 3812/7/3
f 3818/1/3 3817/1/3 3816/1/3
f 3819/1/3 3817/1/3 3818/1/3
f 3822/7/3 3815/7/3 3814/7/3
f 3823/7/3 3815/7/3 3822/7/3
f 3824/7/3 3821/7/3 3820/7/3
f 3825/7/3 3821/7/3 3824/7/3
f 3830/1/3 3827/1/3 3826/1/3
f 3831/1/3 3827/1/3 3830/1/3
f 3834/1/3 3829/1/3 3828/1/3
f 3835/1/3 3829/1/3 3834/1/3
f 3836/1/3 3833/1/3 3832/1/3
f 3837/1/3 3833/1/3 3836/1/3
f 3842/1/3 3839/1/3 3838/1/3
f 3843/1/3 3839/1/3 3842/1/3
f 3847/3/3 3841/3/3 3840/3/3
f 3848/3/3 3841/3/3 3847/3/3
f 3850/7/3 3845/7/3 3844/7/3
f 3851/3/3 3849/3/3 3848/3/3
f 3851/3/3 3848/3/3 3847/3/3
f 3851/3/3 3847/3/3 3846/3/3
f 3852/3/3 3849/3/3 3851/3/3
f 3853/3/3 3849/3/3 3852/3/3
f 3855/7/3 3850/7/3 3844/7/3
f 3855/7/3 3851/7/3 3850/7/3
f 3856/3/3 3852/3/3 3851/3/3
f 3856/7/3 3851/7/3 3855/7/3
f 3857/3/3 3852/3/3 3856/3/3
f 3858/3/3 3854/3/3 3853/3/3
f 3859/3/3 3854/3/3 3858/3/3
f 3862/7/3 3861/7/3 3860/7/3
f 3863/7/3 3861/7/3 3862/7/3
f 3869/7/3 3865/7/3 3864/7/3
f 3870/3/3 3866/3/3 3865/3/3
f 3870/7/3 3865/7/3 3869/7/3
f 3871/3/3 3866/3/3 3870/3/3
f 3872/3/3 3868/3/3 3867/3/3
f 3873/3/3 3868/3/3 3872/3/3
f 3876/7/3 3869/7/3 3864/7/3
f 3877/7/3 3869/7/3 3876/7/3
f 3878/3/3 3871/3/3 3870/3/3
f 3878/3/3 3872/3/3 3871/3/3
f 3879/3/3 3872/3/3 3878/3/3
f 3880/3/3 3872/3/3 3879/3/3
f 3881/3/3 3872/3/3 3880/3/3
f 3882/3/3 3880/3/3 3879/3/3
f 3883/3/3 3880/3/3 3882/3/3
f 3886/1/3 3875/1/3 3874/1/3
f 3887/1/3 3875/1/3 3886/1/3
f 3890/1/3 3889/1/3 3888/1/3
f 3891/1/3 3889/1/3 3890/1/3
f 3894/1/3 3885/1/3 3884/1/3
f 3895/1/3 3885/1/3 3894/1/3
f 3896/1/3 3893/1/3 3892/1/3
f 3897/1/3 3893/1/3 3896/1/3
f 3900/1/3 3899/1/3 3898/1/3
f 3901/1/3 3899/1/3 3900/1/3
f 3906/1/3 3903/1/3 3902/1/3
f 3907/1/3 3903/1/3 3906/1/3
f 3908/7/3 3905/7/3 3904/7/3
f 3909/7/3 3905/7/3 3908/7/3
f 3912/7/3 3911/7/3 3910/7/3
f 3913/7/3 3911/7/3 3912/7/3
f 3918/1/3 3915/1/3 3914/1/3
f 3919/1/3 3915/1/3 3918/1/3
f 3920/7/3 3917/7/3 3916/7/3
f 3921/7/3 3917/7/3 3920/7/3
f 3924/1/3 3923/1/3 3922/1/3
f 3925/1/3 3923/1/3 3924/1/3
f 3928/1/3 3927/1/3 3926/1/3
f 3929/1/3 3927/1/3 3928/1/3
f 3932/1/3 3931/1/3 3930/1/3
f 3933/1/3 3931/1/3 3932/1/3
f 3936/1/3 3935/1/3 3934/1/3
f 3937/1/3 3935/1/3 3936/1/3
f 3940/7/3 3939/7/3 3938/7/3
f 3941/7/3 3939/7/3 3940/7/3
f 3945/7/3 3943/7/3 3942/7/3
f 3946/7/3 3943/7/3 3945/7/3
f 3947/7/3 3945/7/3 3944/7/3
f 3948/7/3 3945/7/3 3947/7/3
f 3952/7/3 3949/7/3 3948/7/3
f 3953/7/3 3949/7/3 3952/7/3
f 3956/7/3 3951/7/3 3950/7/3
f 3957/7/3 3951/7/3 3956/7/3
f 3960/1/3 3955/1/3 3954/1/3
f 3961/1/3 3955/1/3 3960/1/3
f 3964/1/3 3959/1/3 3958/1/3
f 3965/1/3 3959/1/3 3964/1/3
f 3966/1/3 3963/1/3 3962/1/3
f 3967/1/3 3963/1/3 3966/1/3
f 3970/1/3 3969/1/3 3968/1/3
f 3971/1/3 3969/1/3 3970/1/3
f 3974/7/3 3973/7/3 3972/7/3
f 3975/7/3 3973/7/3 3974/7/3
f 3979/7/3 3977/7/3 3976/7/3
f 3980/7/3 3977/7/3 3979/7/3
f 3983/6/3 3982/6/3 3981/6/3
f 3984/6/3 3982/6/3 3983/6/3
f 3987/7/3 3979/7/3 3978/7/3
f 3988/7/3 3979/7/3 3987/7/3
f 3992/7/3 3989/7/3 3988/7/3
f 3993/7/3 3989/7/3 3992/7/3
f 3994/7/3 3991/7/3 3990/7/3
f 3995/7/3 3991/7/3 3994/7/3
f 3996/6/3 3986/6/3 3985/6/3
f 3997/6/3 3982/6/3 3984/6/3
f 3998/6/3 3982/6/3 3997/6/3
f 4001/6/3 3996/6/3 3985/6/3
f 4002/6/3 3996/6/3 4001/6/3
f 4003/1/3 4000/1/3 3999/1/3
f 4004/1/3 4000/1/3 4003/1/3
f 4007/1/3 4006/1/3 4005/1/3
f 4008/1/3 4006/1/3 4007/1/3
f 4011/1/3 4010/1/3 4009/1/3
f 4012/1/3 4010/1/3 4011/1/3
f 4015/1/3 4014/1/3 4013/1/3
f 4016/1/3 4014/1/3 4015/1/3
f 4020/7/3 4018/7/3 4017/7/3
f 4021/7/3 4018/7/3 4020/7/3
f 4022/7/3 4020/7/3 4019/7/3
f 4023/7/3 4020/7/3 4022/7/3
f 4025/7/3 4024/7/3 4023/7/3
f 4026/7/3 4024/7/3 4025/7/3
f 4031/1/3 4028/1/3 4027/1/3
f 4032/1/3 4028/1/3 4031/1/3
f 4035/1/3 4030/1/3 4029/1/3
f 4036/1/3 4030/1/3 4035/1/3
f 4037/1/3 4034/1/3 4033/1/3
f 4038/1/3 4034/1/3 4037/1/3
f 4041/1/3 4040/1/3 4039/1/3
f 4042/1/3 4040/1/3 4041/1/3
f 4049/7/3 4048/7/3 4047/7/3
f 4050/7/3 4048/7/3 4049/7/3
f 4051/6/3 4044/6/3 4043/6/3
f 4052/6/3 4044/6/3 4051/6/3
f 4053/7/3 4049/7/3 4047/7/3
f 4055/4/3 4046/4/3 4045/4/3
f 4056/1/3 4047/1/3 4046/1/3
f 4056/4/3 4046/4/3 4055/4/3
f 4057/7/3 4054/7/3 4053/7/3
f 4057/1/3 4047/1/3 4056/1/3
f 4057/7/3 4053/7/3 4047/7/3
f 4058/7/3 4054/7/3 4057/7/3
f 4061/1/3 4060/1/3 4059/1/3
f 4062/1/3 4060/1/3 4061/1/3
f 4065/1/3 4064/1/3 4063/1/3
f 4066/1/3 4064/1/3 4065/1/3
f 4073/1/3 4068/1/3 4067/1/3
f 4074/1/3 4068/1/3 4073/1/3
f 4077/7/3 4070/7/3 4069/7/3
f 4078/7/3 4070/7/3 4077/7/3
f 4079/1/3 4072/1/3 4071/1/3
f 4080/1/3 4072/1/3 4079/1/3
f 4083/1/3 4076/1/3 4075/1/3
f 4084/1/3 4076/1/3 4083/1/3
f 4085/7/3 4082/7/3 4081/7/3
f 4086/7/3 4082/7/3 4085/7/3
f 4088/7/3 4087/7/3 4086/7/3
f 4089/7/3 4087/7/3 4088/7/3
f 4094/8/3 4091/8/3 4090/8/3
f 4095/8/3 4091/8/3 4094/8/3
f 4099/7/3 4093/7/3 4092/7/3
f 4100/7/3 4093/7/3 4099/7/3
f 4103/7/3 4099/7/3 4098/7/3
f 4104/7/3 4099/7/3 4103/7/3
f 4105/1/3 4102/1/3 4101/1/3
f 4106/1/3 4102/1/3 4105/1/3
f 4109/1/3 4097/1/3 4096/1/3
f 4110/1/3 4097/1/3 4109/1/3
f 4113/7/3 4112/7/3 4111/7/3
f 4114/7/3 4112/7/3 4113/7/3
f 4117/1/3 4108/1/3 4107/1/3
f 4118/1/3 4108/1/3 4117/1/3
f 4119/1/3 4116/1/3 4115/1/3
f 4120/1/3 4116/1/3 4119/1/3
f 4125/1/3 4122/1/3 4121/1/3
f 4126/1/3 4122/1/3 4125/1/3
f 4127/7/3 4124/7/3 4123/7/3
f 4128/7/3 4124/7/3 4127/7/3
f 4135/7/3 4132/7/3 4131/7/3
f 4136/7/3 4132/7/3 4135/7/3
f 4141/7/3 4134/7/3 4133/7/3
f 4142/7/3 4134/7/3 4141/7/3
f 4143/7/3 4137/7/3 4136/7/3
f 4144/7/3 4137/7/3 4143/7/3
f 4145/6/3 4130/6/3 4129/6/3
f 4146/6/3 4130/6/3 4145/6/3
f 4147/1/3 4140/1/3 4139/1/3
f 4148/1/3 4140/1/3 4147/1/3
f 4149/4/3 4139/4/3 4138/4/3
f 4150/1/3 4147/1/3 4139/1/3
f 4150/4/3 4139/4/3 4149/4/3
f 4151/1/3 4147/1/3 4150/1/3
f 4156/7/3 4153/7/3 4152/7/3
f 4157/7/3 4153/7/3 4156/7/3
f 4159/7/3 4155/7/3 4154/7/3
f 4160/7/3 4155/7/3 4159/7/3
f 4161/7/3 4159/7/3 4158/7/3
f 4162/7/3 4159/7/3 4161/7/3
f 4167/1/3 4164/1/3 4163/1/3
f 4168/1/3 4164/1/3 4167/1/3
f 4169/7/3 4166/7/3 4165/7/3
f 4170/7/3 4166/7/3 4169/7/3
f 4175/1/3 4172/1/3 4171/1/3
f 4176/1/3 4172/1/3 4175/1/3
f 4179/7/3 4174/7/3 4173/7/3
f 4180/7/3 4174/7/3 4179/7/3
f 4185/1/3 4178/1/3 4177/1/3
f 4186/1/3 4178/1/3 4185/1/3
f 4187/7/3 4182/7/3 4181/7/3
f 4188/7/3 4182/7/3 4187/7/3
f 4190/7/3 4184/7/3 4183/7/3
f 4191/7/3 4184/7/3 4190/7/3
f 4192/7/3 4189/7/3 4188/7/3
f 4193/7/3 4189/7/3 4192/7/3
f 4198/8/3 4195/8/3 4194/8/3
f 4199/8/3 4195/8/3 4198/8/3
f 4203/7/3 4197/7/3 4196/7/3
f 4204/7/3 4197/7/3 4203/7/3
f 4207/7/3 4203/7/3 4202/7/3
f 4208/7/3 4203/7/3 4207/7/3
f 4209/7/3 4206/7/3 4205/7/3
f 4210/7/3 4206/7/3 4209/7/3
f 4213/1/3 4201/1/3 4200/1/3
f 4214/1/3 4201/1/3 4213/1/3
f 4217/7/3 4216/7/3 4215/7/3
f 4218/7/3 4216/7/3 4217/7/3
f 4219/1/3 4212/1/3 4211/1/3
f 4220/1/3 4212/1/3 4219/1/3
f 4223/7/3 4222/7/3 4221/7/3
f 4224/7/3 4222/7/3 4223/7/3
f 4231/7/3 4226/7/3 4225/7/3
f 4232/7/3 4226/7/3 4231/7/3
f 4234/7/3 4228/7/3 4227/7/3
f 4235/7/3 4228/7/3 4234/7/3
f 4240/7/3 4230/7/3 4229/7/3
f 4241/7/3 4230/7/3 4240/7/3
f 4242/7/3 4233/7/3 4232/7/3
f 4243/7/3 4233/7/3 4242/7/3
f 4244/6/3 4237/6/3 4236/6/3
f 4246/1/3 4239/1/3 4238/1/3
f 4247/1/3 4239/1/3 4246/1/3
f 4248/6/3 4245/6/3 4244/6/3
f 4248/6/3 4244/6/3 4236/6/3
f 4249/6/3 4245/6/3 4248/6/3
f 4250/1/3 4246/1/3 4238/1/3
f 4251/1/3 4246/1/3 4250/1/3
f 4256/7/3 4253/7/3 4252/7/3
f 4257/7/3 4253/7/3 4256/7/3
f 4259/7/3 4255/7/3 4254/7/3
f 4260/7/3 4255/7/3 4259/7/3
f 4263/7/3 4259/7/3 4258/7/3
f 4264/7/3 4259/7/3 4263/7/3
f 4265/7/3 4262/7/3 4261/7/3
f 4266/7/3 4262/7/3 4265/7/3
f 4269/7/3 4268/7/3 4267/7/3
f 4270/7/3 4268/7/3 4269/7/3
f 4275/7/3 4272/7/3 4271/7/3
f 4276/7/3 4272/7/3 4275/7/3
f 4281/1/3 4274/1/3 4273/1/3
f 4282/1/3 4274/1/3 4281/1/3
f 4283/7/3 4278/7/3 4277/7/3
f 4284/7/3 4278/7/3 4283/7/3
f 4286/7/3 4280/7/3 4279/7/3
f 4287/7/3 4280/7/3 4286/7/3
f 4290/7/3 4285/7/3 4284/7/3
f 4291/7/3 4285/7/3 4290/7/3
f 4292/7/3 4289/7/3 4288/7/3
f 4293/7/3 4289/7/3 4292/7/3
f 4301/7/3 4295/7/3 4294/7/3
f 4302/7/3 4295/7/3 4301/7/3
f 4305/7/3 4297/7/3 4296/7/3
f 4306/7/3 4297/7/3 4305/7/3
f 4307/7/3 4301/7/3 4300/7/3
f 4308/7/3 4301/7/3 4307/7/3
f 4309/7/3 4304/7/3 4303/7/3
f 4310/7/3 4304/7/3 4309/7/3
f 4311/1/3 4299/1/3 4298/1/3
f 4312/1/3 4299/1/3 4311/1/3
f 4315/7/3 4314/7/3 4313/7/3
f 4316/7/3 4314/7/3 4315/7/3
f 4319/7/3 4318/7/3 4317/7/3
f 4320/7/3 4318/7/3 4319/7/3
f 4325/7/3 4322/7/3 4321/7/3
f 4326/7/3 4322/7/3 4325/7/3
f 4328/7/3 4324/7/3 4323/7/3
f 4329/7/3 4324/7/3 4328/7/3
f 4330/7/3 4327/7/3 4326/7/3
f 4331/7/3 4327/7/3 4330/7/3
f 4335/7/3 4333/7/3 4332/7/3
f 4336/7/3 4333/7/3 4335/7/3
f 4339/7/3 4335/7/3 4334/7/3
f 4340/7/3 4335/7/3 4339/7/3
f 4341/7/3 4338/7/3 4337/7/3
f 4342/7/3 4338/7/3 4341/7/3
f 4345/7/3 4344/7/3 4343/7/3
f 4346/7/3 4344/7/3 4345/7/3
f 4349/7/3 4348/7/3 4347/7/3
f 4350/7/3 4348/7/3 4349/7/3
f 4353/7/3 4352/7/3 4351/7/3
f 4354/7/3 4352/7/3 4353/7/3
f 4359/7/3 4356/7/3 4355/7/3
f 4360/7/3 4356/7/3 4359/7/3
f 4361/7/3 4358/7/3 4357/7/3
f 4362/7/3 4358/7/3 4361/7/3
f 4365/7/3 4364/7/3 4363/7/3
f 4366/7/3 4364/7/3 4365/7/3
f 4369/7/3 4368/7/3 4367/7/3
f 4370/7/3 4368/7/3 4369/7/3
f 4373/7/3 4372/7/3 4371/7/3
f 4374/7/3 4372/7/3 4373/7/3
f 4377/7/3 4376/7/3 4375/7/3
f 4378/7/3 4376/7/3 4377/7/3
f 4379/7/4 4380/7/4 4381/7/4
f 4381/7/4 4380/7/4 4382/7/4
f 4383/7/4 4384/7/4 4385/7/4
f 4385/7/4 4384/7/4 4386/7/4
f 4387/7/4 4388/7/4 4389/7/4
f 4389/7/4 4388/7/4 4390/7/4
f 4391/7/4 4392/7/4 4393/7/4
f 4393/7/4 4392/7/4 4394/7/4
f 4395/7/4 4396/7/4 4397/7/4
f 4397/7/4 4396/7/4 4398/7/4
f 4399/7/4 4400/7/4 4401/7/4
f 4401/7/4 4400/7/4 4402/7/4
f 4403/7/4 4404/7/4 4407/7/4
f 4407/7/4 4404/7/4 4408/7/4
f 4405/7/4 4406/7/4 4409/7/4
f 4409/7/4 4406/7/4 4410/7/4
f 4411/7/4 4412/7/4 4413/7/4
f 4413/7/4 4412/7/4 4414/7/4
f 4415/7/4 4416/7/4 4419/7/4
f 4419/7/4 4416/7/4 4420/7/4
f 4417/7/4 4418/7/4 4422/7/4
f 4422/7/4 4418/7/4 4423/7/4
f 4420/7/4 4421/7/4 4424/7/4
f 4424/7/4 4421/7/4 4425/7/4
f 4426/7/4 4427/7/4 4429/7/4
f 4429/7/4 4427/7/4 4430/7/4
f 4428/7/4 4429/7/4 4433/7/4
f 4433/7/4 4429/7/4 4434/7/4
f 4431/7/4 4432/7/4 4435/7/4
f 4435/7/4 4432/7/4 4436/7/4
f 4437/7/4 4438/7/4 4439/7/4
f 4439/7/4 4438/7/4 4440/7/4
f 4441/7/4 4442/7/4 4445/7/4
f 4445/7/4 4442/7/4 4446/7/4
f 4443/1/4 4444/1/4 4451/1/4
f 4451/1/4 4444/1/4 4452/1/4
f 4447/7/4 4448/7/4 4453/7/4
f 4453/7/4 4448/7/4 4454/7/4
f 4449/7/4 4450/7/4 4456/7/4
f 4456/7/4 4450/7/4 4457/7/4
f 4454/7/4 4455/7/4 4460/7/4
f 4460/7/4 4455/7/4 4461/7/4
f 4458/7/4 4459/7/4 4462/7/4
f 4462/7/4 4459/7/4 4463/7/4
f 4464/7/4 4465/7/4 4471/7/4
f 4471/7/4 4465/7/4 4472/7/4
f 4466/7/4 4467/7/4 4475/7/4
f 4475/7/4 4467/7/4 4476/7/4
f 4470/7/4 4471/7/4 4477/7/4
f 4477/7/4 4471/7/4 4478/7/4
f 4473/7/4 4474/7/4 4479/7/4
f 4479/7/4 4474/7/4 4480/7/4
f 4468/1/4 4469/1/4 4481/1/4
f 4481/1/4 4469/1/4 4482/1/4
f 4483/7/4 4484/7/4 4485/7/4
f 4485/7/4 4484/7/4 4486/7/4
f 4487/7/4 4488/7/4 4489/7/4
f 4489/7/4 4488/7/4 4490/7/4
f 4491/7/4 4492/7/4 4497/7/4
f 4497/7/4 4492/7/4 4498/7/4
f 4493/7/4 4494/7/4 4500/7/4
f 4500/7/4 4494/7/4 4501/7/4
f 4495/7/4 4496/7/4 4506/7/4
f 4506/7/4 4496/7/4 4507/7/4
f 4498/7/4 4499/7/4 4508/7/4
f 4508/7/4 4499/7/4 4509/7/4
f 4504/1/4 4505/1/4 4510/1/4
f 4502/6/4 4503/6/4 4512/6/4
f 4512/6/4 4503/6/4 4513/6/4
f 4510/1/4 4511/1/4 4514/1/4
f 4504/1/4 4510/1/4 4514/1/4
f 4514/1/4 4511/1/4 4515/1/4
f 4516/7/4 4517/7/4 4520/7/4
f 4520/7/4 4517/7/4 4521/7/4
f 4518/7/4 4519/7/4 4523/7/4
f 4523/7/4 4519/7/4 4524/7/4
f 4522/7/4 4523/7/4 4527/7/4
f 4527/7/4 4523/7/4 4528/7/4
f 4525/7/4 4526/7/4 4529/7/4
f 4529/7/4 4526/7/4 4530/7/4
f 4531/7/4 4532/7/4 4533/7/4
f 4533/7/4 4532/7/4 4534/7/4
f 4535/1/4 4536/1/4 4539/1/4
f 4539/1/4 4536/1/4 4540/1/4
f 4537/7/4 4538/7/4 4543/7/4
f 4543/7/4 4538/7/4 4544/7/4
f 4541/1/4 4542/1/4 4551/1/4
f 4551/1/4 4542/1/4 4552/1/4
f 4545/7/4 4546/7/4 4553/7/4
f 4553/7/4 4546/7/4 4554/7/4
f 4547/7/4 4548/7/4 4556/7/4
f 4556/7/4 4548/7/4 4557/7/4
f 4549/8/4 4550/8/4 4558/8/4
f 4558/8/4 4550/8/4 4559/8/4
f 4554/7/4 4555/7/4 4560/7/4
f 4560/7/4 4555/7/4 4561/7/4
f 4562/7/4 4563/7/4 4567/7/4
f 4567/7/4 4563/7/4 4568/7/4
f 4566/7/4 4567/7/4 4571/7/4
f 4571/7/4 4567/7/4 4572/7/4
f 4569/7/4 4570/7/4 4573/7/4
f 4573/7/4 4570/7/4 4574/7/4
f 4564/1/4 4565/1/4 4577/1/4
f 4577/1/4 4565/1/4 4578/1/4
f 4579/7/4 4580/7/4 4581/7/4
f 4581/7/4 4580/7/4 4582/7/4
f 4575/1/4 4576/1/4 4583/1/4
f 4583/1/4 4576/1/4 4584/1/4
f 4585/1/4 4586/1/4 4589/1/4
f 4589/1/4 4586/1/4 4590/1/4
f 4587/7/4 4588/7/4 4591/7/4
f 4591/7/4 4588/7/4 4592/7/4
f 4593/7/4 4594/7/4 4597/7/4
f 4597/7/4 4594/7/4 4598/7/4
f 4595/7/4 4596/7/4 4603/7/4
f 4603/7/4 4596/7/4 4604/7/4
f 4598/7/4 4599/7/4 4605/7/4
f 4605/7/4 4599/7/4 4606/7/4
f 4601/1/4 4602/1/4 4607/1/4
f 4600/4/4 4601/4/4 4609/4/4
f 4607/1/4 4608/1/4 4610/1/4
f 4609/4/4 4601/4/4 4610/4/4
f 4601/1/4 4607/1/4 4610/1/4
f 4610/1/4 4608/1/4 4611/1/4
f 4612/7/4 4613/7/4 4616/7/4
f 4616/7/4 4613/7/4 4617/7/4
f 4614/7/4 4615/7/4 4619/7/4
f 4619/7/4 4615/7/4 4620/7/4
f 4618/7/4 4619/7/4 4621/7/4
f 4621/7/4 4619/7/4 4622/7/4
f 4623/1/4 4624/1/4 4627/1/4
f 4627/1/4 4624/1/4 4628/1/4
f 4625/7/4 4626/7/4 4629/7/4
f 4629/7/4 4626/7/4 4630/7/4
f 4631/1/4 4632/1/4 4633/1/4
f 4633/1/4 4632/1/4 4634/1/4
f 4635/1/4 4636/1/4 4641/1/4
f 4641/1/4 4636/1/4 4642/1/4
f 4637/7/4 4638/7/4 4645/7/4
f 4645/7/4 4638/7/4 4646/7/4
f 4639/1/4 4640/1/4 4647/1/4
f 4647/1/4 4640/1/4 4648/1/4
f 4643/1/4 4644/1/4 4653/1/4
f 4653/1/4 4644/1/4 4654/1/4
f 4649/7/4 4650/7/4 4655/7/4
f 4655/7/4 4650/7/4 4656/7/4
f 4651/8/4 4652/8/4 4658/8/4
f 4658/8/4 4652/8/4 4659/8/4
f 4656/7/4 4657/7/4 4660/7/4
f 4660/7/4 4657/7/4 4661/7/4
f 4662/7/4 4663/7/4 4664/7/4
f 4664/7/4 4663/7/4 4665/7/4
f 4666/7/4 4667/7/4 4668/7/4
f 4668/7/4 4667/7/4 4669/7/4
f 4670/7/4 4671/7/4 4675/7/4
f 4675/7/4 4671/7/4 4676/7/4
f 4674/7/4 4675/7/4 4679/7/4
f 4679/7/4 4675/7/4 4680/7/4
f 4677/1/4 4678/1/4 4681/1/4
f 4681/1/4 4678/1/4 4682/1/4
f 4672/1/4 4673/1/4 4685/1/4
f 4685/1/4 4673/1/4 4686/1/4
f 4687/7/4 4688/7/4 4689/7/4
f 4689/7/4 4688/7/4 4690/7/4
f 4683/1/4 4684/1/4 4693/1/4
f 4693/1/4 4684/1/4 4694/1/4
f 4691/1/4 4692/1/4 4695/1/4
f 4695/1/4 4692/1/4 4696/1/4
f 4697/1/4 4698/1/4 4699/1/4
f 4699/1/4 4698/1/4 4700/1/4
f 4705/7/4 4706/7/4 4707/7/4
f 4705/7/4 4707/7/4 4709/7/4
f 4707/7/4 4708/7/4 4709/7/4
f 4709/7/4 4708/7/4 4710/7/4
f 4701/6/4 4702/6/4 4711/6/4
f 4711/6/4 4702/6/4 4712/6/4
f 4705/7/4 4709/7/4 4713/7/4
f 4703/4/4 4704/4/4 4714/4/4
f 4704/1/4 4705/1/4 4715/1/4
f 4714/4/4 4704/4/4 4715/4/4
f 4705/7/4 4713/7/4 4716/7/4
f 4715/1/4 4705/1/4 4716/1/4
f 4716/7/4 4713/7/4 4717/7/4
f 4718/1/4 4719/1/4 4720/1/4
f 4720/1/4 4719/1/4 4721/1/4
f 4722/1/4 4723/1/4 4724/1/4
f 4724/1/4 4723/1/4 4725/1/4
f 4726/1/4 4727/1/4 4728/1/4
f 4728/1/4 4727/1/4 4729/1/4
f 4730/1/4 4731/1/4 4732/1/4
f 4732/1/4 4731/1/4 4733/1/4
f 4734/7/4 4735/7/4 4737/7/4
f 4737/7/4 4735/7/4 4738/7/4
f 4736/7/4 4737/7/4 4739/7/4
f 4736/7/4 4739/7/4 4741/7/4
f 4739/7/4 4740/7/4 4741/7/4
f 4741/7/4 4740/7/4 4742/7/4
f 4742/7/4 4740/7/4 4743/7/4
f 4743/7/4 4740/7/4 4744/7/4
f 4745/1/4 4746/1/4 4749/1/4
f 4749/1/4 4746/1/4 4750/1/4
f 4747/1/4 4748/1/4 4753/1/4
f 4753/1/4 4748/1/4 4754/1/4
f 4751/1/4 4752/1/4 4755/1/4
f 4755/1/4 4752/1/4 4756/1/4
f 4757/1/4 4758/1/4 4759/1/4
f 4759/1/4 4758/1/4 4760/1/4
f 4761/7/4 4762/7/4 4763/7/4
f 4763/7/4 4762/7/4 4764/7/4
f 4765/7/4 4766/7/4 4768/7/4
f 4768/7/4 4766/7/4 4769/7/4
f 4770/6/4 4771/6/4 4772/6/4
f 4772/6/4 4771/6/4 4773/6/4
f 4767/7/4 4768/7/4 4776/7/4
f 4776/7/4 4768/7/4 4777/7/4
f 4777/7/4 4778/7/4 4781/7/4
f 4781/7/4 4778/7/4 4782/7/4
f 4779/7/4 4780/7/4 4783/7/4
f 4783/7/4 4780/7/4 4784/7/4
f 4774/6/4 4775/6/4 4785/6/4
f 4773/6/4 4771/6/4 4786/6/4
f 4786/6/4 4771/6/4 4787/6/4
f 4774/6/4 4785/6/4 4790/6/4
f 4790/6/4 4785/6/4 4791/6/4
f 4788/1/4 4789/1/4 4792/1/4
f 4792/1/4 4789/1/4 4793/1/4
f 4794/1/4 4795/1/4 4796/1/4
f 4796/1/4 4795/1/4 4797/1/4
f 4798/1/4 4799/1/4 4800/1/4
f 4800/1/4 4799/1/4 4801/1/4
f 4802/1/4 4803/1/4 4804/1/4
f 4804/1/4 4803/1/4 4805/1/4
f 4806/7/4 4807/7/4 4808/7/4
f 4808/7/4 4807/7/4 4809/7/4
f 4810/7/4 4811/7/4 4813/7/4
f 4813/7/4 4811/7/4 4814/7/4
f 4812/7/4 4813/7/4 4815/7/4
f 4815/7/4 4813/7/4 4816/7/4
f 4816/7/4 4817/7/4 4820/7/4
f 4820/7/4 4817/7/4 4821/7/4
f 4818/7/4 4819/7/4 4824/7/4
f 4824/7/4 4819/7/4 4825/7/4
f 4822/1/4 4823/1/4 4828/1/4
f 4828/1/4 4823/1/4 4829/1/4
f 4826/1/4 4827/1/4 4832/1/4
f 4832/1/4 4827/1/4 4833/1/4
f 4830/1/4 4831/1/4 4834/1/4
f 4834/1/4 4831/1/4 4835/1/4
f 4836/1/4 4837/1/4 4838/1/4
f 4838/1/4 4837/1/4 4839/1/4
f 4840/1/4 4841/1/4 4844/1/4
f 4844/1/4 4841/1/4 4845/1/4
f 4842/7/4 4843/7/4 4846/7/4
f 4846/7/4 4843/7/4 4847/7/4
f 4848/7/4 4849/7/4 4850/7/4
f 4850/7/4 4849/7/4 4851/7/4
f 4852/1/4 4853/1/4 4856/1/4
f 4856/1/4 4853/1/4 4857/1/4
f 4854/7/4 4855/7/4 4858/7/4
f 4858/7/4 4855/7/4 4859/7/4
f 4860/1/4 4861/1/4 4862/1/4
f 4862/1/4 4861/1/4 4863/1/4
f 4864/1/4 4865/1/4 4868/1/4
f 4868/1/4 4865/1/4 4869/1/4
f 4866/1/4 4867/1/4 4872/1/4
f 4872/1/4 4867/1/4 4873/1/4
f 4870/1/4 4871/1/4 4874/1/4
f 4874/1/4 4871/1/4 4875/1/4
f 4876/1/4 4877/1/4 4880/1/4
f 4880/1/4 4877/1/4 4881/1/4
f 4878/3/4 4879/3/4 4885/3/4
f 4885/3/4 4879/3/4 4886/3/4
f 4882/7/4 4883/7/4 4888/7/4
f 4886/3/4 4887/3/4 4889/3/4
f 4885/3/4 4886/3/4 4889/3/4
f 4884/3/4 4885/3/4 4889/3/4
f 4889/3/4 4887/3/4 4890/3/4
f 4890/3/4 4887/3/4 4891/3/4
f 4882/7/4 4888/7/4 4893/7/4
f 4888/7/4 4889/7/4 4893/7/4
f 4889/3/4 4890/3/4 4894/3/4
f 4893/7/4 4889/7/4 4894/7/4
f 4894/3/4 4890/3/4 4895/3/4
f 4891/3/4 4892/3/4 4896/3/4
f 4896/3/4 4892/3/4 4897/3/4
f 4898/7/4 4899/7/4 4900/7/4
f 4900/7/4 4899/7/4 4901/7/4
f 4902/7/4 4903/7/4 4907/7/4
f 4903/3/4 4904/3/4 4908/3/4
f 4907/7/4 4903/7/4 4908/7/4
f 4908/3/4 4904/3/4 4909/3/4
f 4905/3/4 4906/3/4 4910/3/4
f 4910/3/4 4906/3/4 4911/3/4
f 4902/7/4 4907/7/4 4914/7/4
f 4914/7/4 4907/7/4 4915/7/4
f 4908/3/4 4909/3/4 4916/3/4
f 4909/3/4 4910/3/4 4916/3/4
f 4916/3/4 4910/3/4 4917/3/4
f 4917/3/4 4910/3/4 4918/3/4
f 4918/3/4 4910/3/4 4919/3/4
f 4917/3/4 4918/3/4 4920/3/4
f 4920/3/4 4918/3/4 4921/3/4
f 4912/1/4 4913/1/4 4924/1/4
f 4924/1/4 4913/1/4 4925/1/4
f 4926/1/4 4927/1/4 4928/1/4
f 4928/1/4 4927/1/4 4929/1/4
f 4922/1/4 4923/1/4 4932/1/4
f 4932/1/4 4923/1/4 4933/1/4
f 4930/1/4 4931/1/4 4934/1/4
f 4934/1/4 4931/1/4 4935/1/4
f 4936/7/4 4937/7/4 4940/7/4
f 4940/7/4 4937/7/4 4941/7/4
f 4938/1/4 4939/1/4 4944/1/4
f 4944/1/4 4939/1/4 4945/1/4
f 4942/7/4 4943/7/4 4948/7/4
f 4948/7/4 4943/7/4 4949/7/4
f 4946/7/4 4947/7/4 4950/7/4
f 4950/7/4 4947/7/4 4951/7/4
f 4954/1/4 4955/1/4 4956/1/4
f 4956/1/4 4955/1/4 4957/1/4
f 4952/7/4 4953/7/4 4960/7/4
f 4960/7/4 4953/7/4 4961/7/4
f 4958/7/4 4959/7/4 4962/7/4
f 4962/7/4 4959/7/4 4963/7/4
f 4964/1/4 4965/1/4 4966/1/4
f 4966/1/4 4965/1/4 4967/1/4
f 4968/1/4 4969/1/4 4970/1/4
f 4970/1/4 4969/1/4 4971/1/4
f 4972/1/4 4973/1/4 4976/1/4
f 4976/1/4 4973/1/4 4977/1/4
f 4974/1/4 4975/1/4 4980/1/4
f 4980/1/4 4975/1/4 4981/1/4
f 4978/7/4 4979/7/4 4984/7/4
f 4984/7/4 4979/7/4 4985/7/4
f 4982/1/4 4983/1/4 4988/1/4
f 4988/1/4 4983/1/4 4989/1/4
f 4986/7/4 4987/7/4 4992/7/4
f 4992/7/4 4987/7/4 4993/7/4
f 4990/7/4 4991/7/4 4994/7/4
f 4994/7/4 4991/7/4 4995/7/4
f 4998/1/4 4999/1/4 5000/1/4
f 5000/1/4 4999/1/4 5001/1/4
f 4996/7/4 4997/7/4 5004/7/4
f 5004/7/4 4997/7/4 5005/7/4
f 5006/1/4 5007/1/4 5008/1/4
f 5008/1/4 5007/1/4 5009/1/4
f 5002/7/4 5003/7/4 5012/7/4
f 5012/7/4 5003/7/4 5013/7/4
f 5010/1/4 5011/1/4 5016/1/4
f 5016/1/4 5011/1/4 5017/1/4
f 5014/1/4 5015/1/4 5020/1/4
f 5020/1/4 5015/1/4 5021/1/4
f 5018/1/4 5019/1/4 5022/1/4
f 5022/1/4 5019/1/4 5023/1/4
f 5024/1/4 5025/1/4 5026/1/4
f 5026/1/4 5025/1/4 5027/1/4
f 5028/7/4 5029/7/4 5030/7/4
f 5030/7/4 5029/7/4 5031/7/4
f 5032/7/4 5033/7/4 5036/7/4
f 5036/7/4 5033/7/4 5037/7/4
f 5034/7/4 5035/7/4 5038/7/4
f 5038/7/4 5035/7/4 5039/7/4
f 5040/7/4 5041/7/4 5044/7/4
f 5044/7/4 5041/7/4 5045/7/4
f 5042/7/4 5043/7/4 5046/7/4
f 5046/7/4 5043/7/4 5047/7/4
f 5048/1/4 5049/1/4 5050/1/4
f 5050/1/4 5049/1/4 5051/1/4
f 5052/1/4 5053/1/4 5056/1/4
f 5056/1/4 5053/1/4 5057/1/4
f 5054/1/4 5055/1/4 5060/1/4
f 5060/1/4 5055/1/4 5061/1/4
f 5058/1/4 5059/1/4 5062/1/4
f 5062/1/4 5059/1/4 5063/1/4
f 5064/1/4 5065/1/4 5068/1/4
f 5068/1/4 5065/1/4 5069/1/4
f 5070/7/4 5071/7/4 5072/7/4
f 5072/7/4 5071/7/4 5073/7/4
f 5066/6/4 5067/6/4 5074/6/4
f 5074/6/4 5067/6/4 5075/6/4
f 5076/7/4 5077/7/4 5080/7/4
f 5080/7/4 5077/7/4 5081/7/4
f 5078/7/4 5079/7/4 5084/7/4
f 5084/7/4 5079/7/4 5085/7/4
f 5086/7/4 5087/7/4 5088/7/4
f 5088/7/4 5087/7/4 5089/7/4
f 5090/7/4 5091/7/4 5094/7/4
f 5094/7/4 5091/7/4 5095/7/4
f 5082/6/4 5083/6/4 5096/6/4
f 5096/6/4 5083/6/4 5097/6/4
f 5092/1/4 5093/1/4 5100/1/4
f 5100/1/4 5093/1/4 5101/1/4
f 5102/1/4 5103/1/4 5104/1/4
f 5104/1/4 5103/1/4 5105/1/4
f 5098/1/4 5099/1/4 5108/1/4
f 5108/1/4 5099/1/4 5109/1/4
f 5106/1/4 5107/1/4 5110/1/4
f 5110/1/4 5107/1/4 5111/1/4
f 5112/7/4 5113/7/4 5114/7/4
f 5114/7/4 5113/7/4 5115/7/4
f 5115/7/4 5116/7/4 5119/7/4
f 5119/7/4 5116/7/4 5120/7/4
f 5117/1/4 5118/1/4 5121/1/4
f 5121/1/4 5118/1/4 5122/1/4
f 5123/1/4 5124/1/4 5125/1/4
f 5125/1/4 5124/1/4 5126/1/4
f 5127/1/4 5128/1/4 5129/1/4
f 5129/1/4 5128/1/4 5130/1/4
f 5131/7/4 5132/7/4 5134/7/4
f 5134/7/4 5132/7/4 5135/7/4
f 5133/7/4 5134/7/4 5136/7/4
f 5136/7/4 5134/7/4 5137/7/4
f 5138/1/4 5139/1/4 5140/1/4
f 5140/1/4 5139/1/4 5141/1/4
f 5142/1/4 5143/1/4 5146/1/4
f 5146/1/4 5143/1/4 5147/1/4
f 5144/7/4 5145/7/4 5149/7/4
f 5149/7/4 5145/7/4 5150/7/4
f 5148/1/4 5149/1/4 5153/1/4
f 5153/1/4 5149/1/4 5154/1/4
f 5151/1/4 5152/1/4 5157/1/4
f 5152/1/4 5153/1/4 5157/1/4
f 5155/7/4 5156/7/4 5160/7/4
f 5160/7/4 5156/7/4 5161/7/4
f 5157/1/4 5158/1/4 5164/1/4
f 5151/1/4 5157/1/4 5164/1/4
f 5164/1/4 5158/1/4 5165/1/4
f 5159/7/4 5160/7/4 5166/7/4
f 5166/7/4 5160/7/4 5167/7/4
f 5151/1/4 5164/1/4 5169/1/4
f 5151/1/4 5169/1/4 5171/1/4
f 5169/1/4 5170/1/4 5171/1/4
f 5171/1/4 5170/1/4 5172/1/4
f 5172/1/4 5170/1/4 5173/1/4
f 5173/1/4 5170/1/4 5174/1/4
f 5167/7/4 5168/7/4 5176/7/4
f 5176/7/4 5168/7/4 5177/7/4
f 5172/1/4 5173/1/4 5178/1/4
f 5151/1/4 5171/1/4 5180/1/4
f 5178/1/4 5179/1/4 5181/1/4
f 5172/1/4 5178/1/4 5181/1/4
f 5181/1/4 5179/1/4 5182/1/4
f 5182/1/4 5179/1/4 5183/1/4
f 5180/1/4 5181/1/4 5184/1/4
f 5181/1/4 5182/1/4 5184/1/4
f 5151/1/4 5180/1/4 5186/1/4
f 5184/1/4 5185/1/4 5186/1/4
f 5180/1/4 5184/1/4 5186/1/4
f 5186/1/4 5185/1/4 5187/1/4
f 5187/1/4 5185/1/4 5188/1/4
f 5188/1/4 5185/1/4 5189/1/4
f 5151/1/4 5186/1/4 5190/1/4
f 5187/1/4 5188/1/4 5191/1/4
f 5191/1/4 5188/1/4 5192/1/4
f 5190/1/4 5191/1/4 5194/1/4
f 5192/1/4 5193/1/4 5194/1/4
f 5191/1/4 5192/1/4 5194/1/4
f 5194/1/4 5193/1/4 5195/1/4
f 5162/6/4 5163/6/4 5196/6/4
f 5196/6/4 5163/6/4 5197/6/4
f 5151/1/4 5190/1/4 5198/1/4
f 5190/1/4 5194/1/4 5198/1/4
f 5198/1/4 5194/1/4 5199/1/4
f 5199/1/4 5194/1/4 5200/1/4
f 5200/1/4 5201/1/4 5202/1/4
f 5199/1/4 5200/1/4 5202/1/4
f 5202/1/4 5201/1/4 5203/1/4
f 5151/1/4 5198/1/4 5204/1/4
f 5199/1/4 5202/1/4 5205/1/4
f 5205/1/4 5202/1/4 5206/1/4
f 5175/7/4 5176/7/4 5208/7/4
f 5208/7/4 5176/7/4 5209/7/4
f 5206/1/4 5207/1/4 5211/1/4
f 5205/1/4 5206/1/4 5211/1/4
f 5204/1/4 5205/1/4 5211/1/4
f 5211/1/4 5207/1/4 5212/1/4
f 5204/1/4 5211/1/4 5213/1/4
f 5209/7/4 5210/7/4 5216/7/4
f 5216/7/4 5210/7/4 5217/7/4
f 5204/1/4 5213/1/4 5218/1/4
f 5213/1/4 5214/1/4 5218/1/4
f 5218/1/4 5214/1/4 5219/1/4
f 5215/7/4 5216/7/4 5220/7/4
f 5220/7/4 5216/7/4 5221/7/4
f 5151/1/4 5204/1/4 5223/1/4
f 5204/1/4 5218/1/4 5223/1/4
f 5223/1/4 5218/1/4 5224/1/4
f 5224/1/4 5218/1/4 5225/1/4
f 5221/7/4 5222/7/4 5227/7/4
f 5227/7/4 5222/7/4 5228/7/4
f 5225/1/4 5226/1/4 5231/1/4
f 5231/1/4 5226/1/4 5232/1/4
f 5229/1/4 5230/1/4 5236/1/4
f 5236/1/4 5230/1/4 5237/1/4
f 5232/7/4 5233/7/4 5238/7/4
f 5238/7/4 5233/7/4 5239/7/4
f 5234/1/4 5235/1/4 5240/1/4
f 5240/1/4 5235/1/4 5241/1/4
f 5242/7/4 5243/7/4 5246/7/4
f 5246/7/4 5243/7/4 5247/7/4
f 5244/7/4 5245/7/4 5249/7/4
f 5249/7/4 5245/7/4 5250/7/4
f 5248/7/4 5249/7/4 5251/7/4
f 5251/7/4 5249/7/4 5252/7/4
f 5253/7/4 5254/7/4 5257/7/4
f 5257/7/4 5254/7/4 5258/7/4
f 5255/1/4 5256/1/4 5259/1/4
f 5259/1/4 5256/1/4 5260/1/4
f 5261/1/4 5262/1/4 5263/1/4
f 5263/1/4 5262/1/4 5264/1/4
f 5265/1/4 5266/1/4 5269/1/4
f 5269/1/4 5266/1/4 5270/1/4
f 5267/7/4 5268/7/4 5271/7/4
f 5271/7/4 5268/7/4 5272/7/4
f 5273/7/4 5274/7/4 5277/7/4
f 5277/7/4 5274/7/4 5278/7/4
f 5275/7/4 5276/7/4 5280/7/4
f 5280/7/4 5276/7/4 5281/7/4
f 5278/7/4 5279/7/4 5282/7/4
f 5282/7/4 5279/7/4 5283/7/4
f 5284/1/4 5285/1/4 5288/1/4
f 5288/1/4 5285/1/4 5289/1/4
f 5286/7/4 5287/7/4 5291/7/4
f 5291/7/4 5287/7/4 5292/7/4
f 5290/1/4 5291/1/4 5297/1/4
f 5297/1/4 5291/1/4 5298/1/4
f 5293/7/4 5294/7/4 5302/7/4
f 5302/7/4 5294/7/4 5303/7/4
f 5295/1/4 5296/1/4 5304/1/4
f 5296/1/4 5297/1/4 5304/1/4
f 5299/7/4 5300/7/4 5307/7/4
f 5307/7/4 5300/7/4 5308/7/4
f 5304/1/4 5305/1/4 5311/1/4
f 5295/1/4 5304/1/4 5311/1/4
f 5311/1/4 5305/1/4 5312/1/4
f 5301/1/4 5302/1/4 5314/1/4
f 5314/1/4 5302/1/4 5315/1/4
f 5309/7/4 5310/7/4 5316/7/4
f 5316/7/4 5310/7/4 5317/7/4
f 5295/1/4 5311/1/4 5318/1/4
f 5313/1/4 5314/1/4 5320/1/4
f 5320/1/4 5314/1/4 5321/1/4
f 5318/1/4 5319/1/4 5324/1/4
f 5295/1/4 5318/1/4 5324/1/4
f 5324/1/4 5319/1/4 5325/1/4
f 5295/1/4 5324/1/4 5328/1/4
f 5328/1/4 5324/1/4 5329/1/4
f 5329/1/4 5324/1/4 5330/1/4
f 5326/1/4 5327/1/4 5332/1/4
f 5332/1/4 5327/1/4 5333/1/4
f 5330/1/4 5331/1/4 5334/1/4
f 5329/1/4 5330/1/4 5334/1/4
f 5334/1/4 5331/1/4 5335/1/4
f 5295/1/4 5328/1/4 5338/1/4
f 5329/1/4 5334/1/4 5339/1/4
f 5339/1/4 5334/1/4 5340/1/4
f 5336/1/4 5337/1/4 5342/1/4
f 5342/1/4 5337/1/4 5343/1/4
f 5340/1/4 5341/1/4 5344/1/4
f 5338/1/4 5339/1/4 5344/1/4
f 5339/1/4 5340/1/4 5344/1/4
f 5344/1/4 5341/1/4 5345/1/4
f 5338/1/4 5344/1/4 5348/1/4
f 5346/1/4 5347/1/4 5350/1/4
f 5350/1/4 5347/1/4 5351/1/4
f 5295/1/4 5338/1/4 5352/1/4
f 5348/1/4 5349/1/4 5352/1/4
f 5338/1/4 5348/1/4 5352/1/4
f 5352/1/4 5349/1/4 5353/1/4
f 5353/1/4 5349/1/4 5354/1/4
f 5354/1/4 5349/1/4 5355/1/4
f 5295/1/4 5352/1/4 5358/1/4
f 5353/1/4 5354/1/4 5359/1/4
f 5359/1/4 5354/1/4 5360/1/4
f 5356/1/4 5357/1/4 5362/1/4
f 5362/1/4 5357/1/4 5363/1/4
f 5360/1/4 5361/1/4 5364/1/4
f 5358/1/4 5359/1/4 5364/1/4
f 5359/1/4 5360/1/4 5364/1/4
f 5364/1/4 5361/1/4 5365/1/4
f 5358/1/4 5364/1/4 5368/1/4
f 5366/1/4 5367/1/4 5370/1/4
f 5370/1/4 5367/1/4 5371/1/4
f 5295/1/4 5358/1/4 5372/1/4
f 5368/1/4 5369/1/4 5372/1/4
f 5358/1/4 5368/1/4 5372/1/4
f 5372/1/4 5369/1/4 5373/1/4
f 5373/1/4 5369/1/4 5374/1/4
f 5374/1/4 5369/1/4 5375/1/4
f 5373/1/4 5374/1/4 5378/1/4
f 5376/1/4 5377/1/4 5380/1/4
f 5380/1/4 5377/1/4 5381/1/4
f 5295/1/4 5372/1/4 5382/1/4
f 5378/1/4 5379/1/4 5383/1/4
f 5373/1/4 5378/1/4 5383/1/4
f 5383/1/4 5379/1/4 5384/1/4
f 5384/1/4 5379/1/4 5385/1/4
f 5382/1/4 5383/1/4 5388/1/4
f 5383/1/4 5384/1/4 5388/1/4
f 5386/1/4 5387/1/4 5390/1/4
f 5390/1/4 5387/1/4 5391/1/4
f 5388/1/4 5389/1/4 5392/1/4
f 5382/1/4 5388/1/4 5392/1/4
f 5392/1/4 5389/1/4 5393/1/4
f 5322/7/4 5323/7/4 5396/7/4
f 5396/7/4 5323/7/4 5397/7/4
f 5382/1/4 5392/1/4 5398/1/4
f 5394/1/4 5395/1/4 5400/1/4
f 5400/1/4 5395/1/4 5401/1/4
f 5398/1/4 5399/1/4 5405/1/4
f 5382/1/4 5398/1/4 5405/1/4
f 5405/1/4 5399/1/4 5406/1/4
f 5306/7/4 5307/7/4 5407/7/4
f 5407/7/4 5307/7/4 5408/7/4
f 5403/7/4 5404/7/4 5410/7/4
f 5410/7/4 5404/7/4 5411/7/4
f 5295/1/4 5382/1/4 5412/1/4
f 5382/1/4 5405/1/4 5412/1/4
f 5412/1/4 5405/1/4 5413/1/4
f 5413/1/4 5405/1/4 5414/1/4
f 5408/7/4 5409/7/4 5416/7/4
f 5416/7/4 5409/7/4 5417/7/4
f 5401/1/4 5402/1/4 5418/1/4
f 5418/1/4 5402/1/4 5419/1/4
f 5414/1/4 5415/1/4 5423/1/4
f 5423/1/4 5415/1/4 5424/1/4
f 5419/7/4 5420/7/4 5426/7/4
f 5426/7/4 5420/7/4 5427/7/4
f 5421/1/4 5422/1/4 5428/1/4
f 5428/1/4 5422/1/4 5429/1/4
f 5424/7/4 5425/7/4 5430/7/4
f 5430/7/4 5425/7/4 5431/7/4
f 5434/7/4 5435/7/4 5438/7/4
f 5438/7/4 5435/7/4 5439/7/4
f 5436/7/4 5437/7/4 5441/7/4
f 5441/7/4 5437/7/4 5442/7/4
f 5440/7/4 5441/7/4 5447/7/4
f 5447/7/4 5441/7/4 5448/7/4
f 5443/7/4 5444/7/4 5449/7/4
f 5449/7/4 5444/7/4 5450/7/4
f 5445/1/4 5446/1/4 5453/1/4
f 5453/1/4 5446/1/4 5454/1/4
f 5451/7/4 5452/7/4 5455/7/4
f 5455/7/4 5452/7/4 5456/7/4
f 5457/1/4 5458/1/4 5459/1/4
f 5459/1/4 5458/1/4 5460/1/4
f 5461/1/4 5462/1/4 5463/1/4
f 5463/1/4 5462/1/4 5464/1/4
f 5467/7/4 5468/7/4 5469/7/4
f 5469/7/4 5468/7/4 5470/7/4
f 5465/1/4 5466/1/4 5471/1/4
f 5471/1/4 5466/1/4 5472/1/4
f 5473/7/4 5474/7/4 5479/7/4
f 5479/7/4 5474/7/4 5480/7/4
f 5475/7/4 5476/7/4 5482/7/4
f 5482/7/4 5476/7/4 5483/7/4
f 5432/6/4 5433/6/4 5484/6/4
f 5484/6/4 5433/6/4 5485/6/4
f 5477/7/4 5478/7/4 5486/7/4
f 5486/7/4 5478/7/4 5487/7/4
f 5480/7/4 5481/7/4 5488/7/4
f 5488/7/4 5481/7/4 5489/7/4
f 5490/7/4 5491/7/4 5493/7/4
f 5493/7/4 5491/7/4 5494/7/4
f 5492/1/4 5493/1/4 5500/1/4
f 5500/1/4 5493/1/4 5501/1/4
f 5495/7/4 5496/7/4 5505/7/4
f 5505/7/4 5496/7/4 5506/7/4
f 5499/1/4 5500/1/4 5509/1/4
f 5502/7/4 5503/7/4 5512/7/4
f 5512/7/4 5503/7/4 5513/7/4
f 5507/7/4 5508/7/4 5516/7/4
f 5516/7/4 5508/7/4 5517/7/4
f 5509/1/4 5510/1/4 5518/1/4
f 5499/1/4 5509/1/4 5518/1/4
f 5518/1/4 5510/1/4 5519/1/4
f 5504/1/4 5505/1/4 5521/1/4
f 5521/1/4 5505/1/4 5522/1/4
f 5514/7/4 5515/7/4 5523/7/4
f 5523/7/4 5515/7/4 5524/7/4
f 5507/7/4 5516/7/4 5526/7/4
f 5526/7/4 5516/7/4 5527/7/4
f 5499/1/4 5518/1/4 5528/1/4
f 5528/1/4 5518/1/4 5529/1/4
f 5529/1/4 5518/1/4 5530/1/4
f 5520/1/4 5521/1/4 5532/1/4
f 5532/1/4 5521/1/4 5533/1/4
f 5530/1/4 5531/1/4 5536/1/4
f 5529/1/4 5530/1/4 5536/1/4
f 5536/1/4 5531/1/4 5537/1/4
f 5525/7/4 5526/7/4 5541/7/4
f 5541/7/4 5526/7/4 5542/7/4
f 5499/1/4 5528/1/4 5543/1/4
f 5529/1/4 5536/1/4 5544/1/4
f 5544/1/4 5536/1/4 5545/1/4
f 5538/1/4 5539/1/4 5547/1/4
f 5547/1/4 5539/1/4 5548/1/4
f 5545/1/4 5546/1/4 5549/1/4
f 5543/1/4 5544/1/4 5549/1/4
f 5544/1/4 5545/1/4 5549/1/4
f 5549/1/4 5546/1/4 5550/1/4
f 5543/1/4 5549/1/4 5553/1/4
f 5551/1/4 5552/1/4 5555/1/4
f 5555/1/4 5552/1/4 5556/1/4
f 5553/1/4 5554/1/4 5557/1/4
f 5543/1/4 5553/1/4 5557/1/4
f 5557/1/4 5554/1/4 5558/1/4
f 5499/1/4 5543/1/4 5561/1/4
f 5543/1/4 5557/1/4 5561/1/4
f 5561/1/4 5557/1/4 5562/1/4
f 5562/1/4 5557/1/4 5563/1/4
f 5559/1/4 5560/1/4 5565/1/4
f 5565/1/4 5560/1/4 5566/1/4
f 5563/1/4 5564/1/4 5567/1/4
f 5562/1/4 5563/1/4 5567/1/4
f 5567/1/4 5564/1/4 5568/1/4
f 5499/1/4 5561/1/4 5571/1/4
f 5562/1/4 5567/1/4 5572/1/4
f 5572/1/4 5567/1/4 5573/1/4
f 5569/1/4 5570/1/4 5575/1/4
f 5575/1/4 5570/1/4 5576/1/4
f 5573/1/4 5574/1/4 5577/1/4
f 5571/1/4 5572/1/4 5577/1/4
f 5572/1/4 5573/1/4 5577/1/4
f 5577/1/4 5574/1/4 5578/1/4
f 5571/1/4 5577/1/4 5581/1/4
f 5579/1/4 5580/1/4 5583/1/4
f 5583/1/4 5580/1/4 5584/1/4
f 5499/1/4 5571/1/4 5585/1/4
f 5581/1/4 5582/1/4 5585/1/4
f 5571/1/4 5581/1/4 5585/1/4
f 5585/1/4 5582/1/4 5586/1/4
f 5586/1/4 5582/1/4 5587/1/4
f 5587/1/4 5582/1/4 5588/1/4
f 5586/1/4 5587/1/4 5591/1/4
f 5589/1/4 5590/1/4 5593/1/4
f 5593/1/4 5590/1/4 5594/1/4
f 5499/1/4 5585/1/4 5595/1/4
f 5591/1/4 5592/1/4 5596/1/4
f 5586/1/4 5591/1/4 5596/1/4
f 5596/1/4 5592/1/4 5597/1/4
f 5597/1/4 5592/1/4 5598/1/4
f 5595/1/4 5596/1/4 5601/1/4
f 5596/1/4 5597/1/4 5601/1/4
f 5599/1/4 5600/1/4 5603/1/4
f 5603/1/4 5600/1/4 5604/1/4
f 5601/1/4 5602/1/4 5605/1/4
f 5595/1/4 5601/1/4 5605/1/4
f 5605/1/4 5602/1/4 5606/1/4
f 5595/1/4 5605/1/4 5609/1/4
f 5607/1/4 5608/1/4 5611/1/4
f 5611/1/4 5608/1/4 5612/1/4
f 5499/1/4 5595/1/4 5613/1/4
f 5609/1/4 5610/1/4 5613/1/4
f 5595/1/4 5609/1/4 5613/1/4
f 5613/1/4 5610/1/4 5614/1/4
f 5614/1/4 5610/1/4 5615/1/4
f 5615/1/4 5610/1/4 5616/1/4
f 5614/1/4 5615/1/4 5619/1/4
f 5617/1/4 5618/1/4 5621/1/4
f 5621/1/4 5618/1/4 5622/1/4
f 5540/7/4 5541/7/4 5623/7/4
f 5623/7/4 5541/7/4 5624/7/4
f 5499/1/4 5613/1/4 5626/1/4
f 5614/1/4 5619/1/4 5627/1/4
f 5619/1/4 5620/1/4 5627/1/4
f 5627/1/4 5620/1/4 5628/1/4
f 5628/1/4 5620/1/4 5629/1/4
f 5534/7/4 5535/7/4 5632/7/4
f 5632/7/4 5535/7/4 5633/7/4
f 5626/1/4 5627/1/4 5634/1/4
f 5627/1/4 5628/1/4 5634/1/4
f 5630/1/4 5631/1/4 5636/1/4
f 5636/1/4 5631/1/4 5637/1/4
f 5624/7/4 5625/7/4 5641/7/4
f 5641/7/4 5625/7/4 5642/7/4
f 5634/1/4 5635/1/4 5644/1/4
f 5626/1/4 5634/1/4 5644/1/4
f 5644/1/4 5635/1/4 5645/1/4
f 5511/7/4 5512/7/4 5646/7/4
f 5646/7/4 5512/7/4 5647/7/4
f 5639/7/4 5640/7/4 5649/7/4
f 5649/7/4 5640/7/4 5650/7/4
f 5642/7/4 5643/7/4 5651/7/4
f 5497/6/4 5498/6/4 5653/6/4
f 5653/6/4 5498/6/4 5654/6/4
f 5499/1/4 5626/1/4 5655/1/4
f 5626/1/4 5644/1/4 5655/1/4
f 5655/1/4 5644/1/4 5656/1/4
f 5647/7/4 5648/7/4 5658/7/4
f 5658/7/4 5648/7/4 5659/7/4
f 5637/1/4 5638/1/4 5660/1/4
f 5660/1/4 5638/1/4 5661/1/4
f 5651/7/4 5652/7/4 5663/7/4
f 5642/7/4 5651/7/4 5663/7/4
f 5663/7/4 5652/7/4 5664/7/4
f 5656/1/4 5657/1/4 5665/1/4
f 5665/1/4 5657/1/4 5666/1/4
f 5661/7/4 5662/7/4 5668/7/4
f 5668/7/4 5662/7/4 5669/7/4
f 5666/7/4 5667/7/4 5670/7/4
f 5670/7/4 5667/7/4 5671/7/4
f 5672/7/4 5673/7/4 5675/7/4
f 5675/7/4 5673/7/4 5676/7/4
f 5674/7/4 5675/7/4 5679/7/4
f 5679/7/4 5675/7/4 5680/7/4
f 5677/7/4 5678/7/4 5681/7/4
f 5681/7/4 5678/7/4 5682/7/4
f 5683/7/4 5684/7/4 5685/7/4
f 5685/7/4 5684/7/4 5686/7/4
f 5687/7/4 5688/7/4 5689/7/4
f 5689/7/4 5688/7/4 5690/7/4
f 5691/7/4 5692/7/4 5695/7/4
f 5695/7/4 5692/7/4 5696/7/4
f 5693/7/4 5694/7/4 5698/7/4
f 5698/7/4 5694/7/4 5699/7/4
f 5696/7/4 5697/7/4 5700/7/4
f 5700/7/4 5697/7/4 5701/7/4
f 5702/7/4 5703/7/4 5705/7/4
f 5705/7/4 5703/7/4 5706/7/4
f 5707/7/4 5708/7/4 5711/7/4
f 5711/7/4 5708/7/4 5712/7/4
f 5704/1/4 5705/1/4 5714/1/4
f 5714/1/4 5705/1/4 5715/1/4
f 5709/7/4 5710/7/4 5716/7/4
f 5716/7/4 5710/7/4 5717/7/4
f 5707/7/4 5711/7/4 5719/7/4
f 5719/7/4 5711/7/4 5720/7/4
f 5713/1/4 5714/1/4 5721/1/4
f 5721/1/4 5714/1/4 5722/1/4
f 5718/7/4 5719/7/4 5728/7/4
f 5728/7/4 5719/7/4 5729/7/4
f 5725/1/4 5726/1/4 5730/1/4
f 5730/1/4 5726/1/4 5731/1/4
f 5732/1/4 5733/1/4 5734/1/4
f 5734/1/4 5733/1/4 5735/1/4
f 5736/1/4 5737/1/4 5738/1/4
f 5738/1/4 5737/1/4 5739/1/4
f 5740/1/4 5741/1/4 5742/1/4
f 5742/1/4 5741/1/4 5743/1/4
f 5744/1/4 5745/1/4 5746/1/4
f 5746/1/4 5745/1/4 5747/1/4
f 5748/1/4 5749/1/4 5750/1/4
f 5750/1/4 5749/1/4 5751/1/4
f 5752/1/4 5753/1/4 5754/1/4
f 5754/1/4 5753/1/4 5755/1/4
f 5756/1/4 5757/1/4 5758/1/4
f 5758/1/4 5757/1/4 5759/1/4
f 5760/1/4 5761/1/4 5762/1/4
f 5762/1/4 5761/1/4 5763/1/4
f 5764/1/4 5765/1/4 5766/1/4
f 5766/1/4 5765/1/4 5767/1/4
f 5768/1/4 5769/1/4 5770/1/4
f 5770/1/4 5769/1/4 5771/1/4
f 5727/7/4 5728/7/4 5772/7/4
f 5772/7/4 5728/7/4 5773/7/4
f 5723/7/4 5724/7/4 5777/7/4
f 5777/7/4 5724/7/4 5778/7/4
f 5775/1/4 5776/1/4 5779/1/4
f 5779/1/4 5776/1/4 5780/1/4
f 5773/7/4 5774/7/4 5784/7/4
f 5784/7/4 5774/7/4 5785/7/4
f 5782/7/4 5783/7/4 5787/7/4
f 5787/7/4 5783/7/4 5788/7/4
f 5785/7/4 5786/7/4 5789/7/4
f 5780/1/4 5781/1/4 5791/1/4
f 5791/1/4 5781/1/4 5792/1/4
f 5785/7/4 5789/7/4 5794/7/4
f 5789/7/4 5790/7/4 5794/7/4
f 5794/7/4 5790/7/4 5795/7/4
f 5792/7/4 5793/7/4 5796/7/4
f 5796/7/4 5793/7/4 5797/7/4
f 5798/7/4 5799/7/4 5800/7/4
f 5800/7/4 5799/7/4 5801/7/4
f 5802/7/4 5803/7/4 5804/7/4
f 5804/7/4 5803/7/4 5805/7/4
f 5806/7/4 5807/7/4 5808/7/4
f 5808/7/4 5807/7/4 5809/7/4
f 5810/7/4 5811/7/4 5812/7/4
f 5812/7/4 5811/7/4 5813/7/4
f 5816/7/4 5817/7/4 5818/7/4
f 5818/7/4 5817/7/4 5819/7/4
f 5816/7/4 5818/7/4 5821/7/4
f 5821/7/4 5818/7/4 5822/7/4
f 5820/7/4 5821/7/4 5824/7/4
f 5824/7/4 5821/7/4 5825/7/4
f 5823/7/4 5824/7/4 5826/7/4
f 5826/7/4 5824/7/4 5827/7/4
f 5827/7/4 5828/7/4 5829/7/4
f 5829/7/4 5828/7/4 5830/7/4
f 5830/7/4 5831/7/4 5832/7/4
f 5814/6/4 5815/6/4 5834/6/4
f 5834/6/4 5815/6/4 5835/6/4
f 5832/7/4 5833/7/4 5836/7/4
f 5830/7/4 5832/7/4 5836/7/4
f 5836/7/4 5833/7/4 5837/7/4
f 5840/6/5 5839/6/5 5838/6/5
f 5841/6/5 5839/6/5 5840/6/5
f 5842/1/5 5841/1/5 5840/1/5
f 5843/1/5 5841/1/5 5842/1/5
f 5844/6/5 5843/6/5 5842/6/5
f 5844/1/5 5841/1/5 5843/1/5
f 5845/1/5 5841/1/5 5844/1/5
f 5846/6/5 5839/6/5 5841/6/5
f 5846/1/5 5841/1/5 5845/1/5
f 5847/6/5 5839/6/5 5846/6/5
f 5848/1/5 5846/1/5 5845/1/5
f 5848/1/5 5847/1/5 5846/1/5
f 5849/1/5 5847/1/5 5848/1/5
f 5850/6/5 5845/6/5 5844/6/5
f 5850/6/5 5844/6/5 5842/6/5
f 5851/1/5 5848/1/5 5845/1/5
f 5851/6/5 5845/6/5 5850/6/5
f 5852/1/5 5842/1/5 5840/1/5
f 5852/6/5 5850/6/5 5842/6/5
f 5853/1/5 5851/1/5 5850/1/5
f 5853/6/5 5850/6/5 5852/6/5
f 5854/6/5 5840/6/5 5838/6/5
f 5854/1/5 5852/1/5 5840/1/5
f 5854/1/5 5853/1/5 5852/1/5
f 5855/1/5 5851/1/5 5853/1/5
f 5855/1/5 5853/1/5 5854/1/5
f 5855/1/5 5848/1/5 5851/1/5
f 5855/6/5 5849/6/5 5848/6/5
f 5856/6/5 5854/6/5 5838/6/5
f 5856/6/5 5855/6/5 5854/6/5
f 5857/6/5 5849/6/5 5855/6/5
f 5857/6/5 5855/6/5 5856/6/5
f 5861/5/5 5859/5/5 5858/5/5
f 5862/6/5 5860/6/5 5859/6/5
f 5862/5/5 5859/5/5 5861/5/5
f 5863/6/5 5860/6/5 5862/6/5
f 5867/6/5 5865/6/5 5864/6/5
f 5867/6/5 5866/6/5 5865/6/5
f 5868/6/5 5866/6/5 5867/6/5
f 5871/6/5 5870/6/5 5869/6/5
f 5872/6/5 5870/6/5 5871/6/5
f 5873/6/5 5871/6/5 5869/6/5
f 5874/6/5 5871/6/5 5873/6/5
f 5875/6/5 5870/6/5 5872/6/5
f 5876/6/5 5870/6/5 5875/6/5
f 5877/6/5 5873/6/5 5869/6/5
f 5881/6/5 5877/6/5 5869/6/5
f 5881/6/5 5878/6/5 5877/6/5
f 5882/6/5 5878/6/5 5881/6/5
f 5883/6/5 5880/6/5 5879/6/5
f 5884/6/5 5880/6/5 5883/6/5
f 5887/1/5 5886/1/5 5885/1/5
f 5888/1/5 5886/1/5 5887/1/5
f 5889/1/5 5887/1/5 5885/1/5
f 5890/1/5 5886/1/5 5888/1/5
f 5891/1/5 5889/1/5 5885/1/5
f 5891/1/5 5890/1/5 5889/1/5
f 5892/1/5 5886/1/5 5890/1/5
f 5892/1/5 5890/1/5 5891/1/5
f 5901/1/5 5894/1/5 5893/1/5
f 5902/1/5 5894/1/5 5901/1/5
f 5903/1/5 5896/1/5 5895/1/5
f 5904/1/5 5896/1/5 5903/1/5
f 5905/1/5 5898/1/5 5897/1/5
f 5906/1/5 5898/1/5 5905/1/5
f 5907/1/5 5900/1/5 5899/1/5
f 5908/1/5 5900/1/5 5907/1/5
f 5913/1/5 5910/1/5 5909/1/5
f 5914/1/5 5910/1/5 5913/1/5
f 5915/1/5 5912/1/5 5911/1/5
f 5916/1/5 5912/1/5 5915/1/5
f 5921/1/5 5918/1/5 5917/1/5
f 5922/1/5 5918/1/5 5921/1/5
f 5923/1/5 5920/1/5 5919/1/5
f 5924/1/5 5920/1/5 5923/1/5
f 5929/1/5 5926/1/5 5925/1/5
f 5930/1/5 5926/1/5 5929/1/5
f 5931/1/5 5928/1/5 5927/1/5
f 5932/1/5 5928/1/5 5931/1/5
f 5937/1/5 5934/1/5 5933/1/5
f 5938/1/5 5934/1/5 5937/1/5
f 5939/1/5 5936/1/5 5935/1/5
f 5940/1/5 5936/1/5 5939/1/5
f 5949/1/5 5942/1/5 5941/1/5
f 5950/1/5 5942/1/5 5949/1/5
f 5951/1/5 5944/1/5 5943/1/5
f 5952/1/5 5944/1/5 5951/1/5
f 5953/1/5 5946/1/5 5945/1/5
f 5954/1/5 5946/1/5 5953/1/5
f 5955/1/5 5948/1/5 5947/1/5
f 5956/1/5 5948/1/5 5955/1/5
f 5984/1/5 5958/1/5 5957/1/5
f 5985/1/5 5958/1/5 5984/1/5
f 5986/1/5 5960/1/5 5959/1/5
f 5987/1/5 5960/1/5 5986/1/5
f 5988/1/5 5962/1/5 5961/1/5
f 5989/1/5 5962/1/5 5988/1/5
f 5990/1/5 5964/1/5 5963/1/5
f 5991/1/5 5964/1/5 5990/1/5
f 5992/1/5 5966/1/5 5965/1/5
f 5993/1/5 5966/1/5 5992/1/5
f 5994/1/5 5968/1/5 5967/1/5
f 5995/1/5 5968/1/5 5994/1/5
f 5996/1/5 5970/1/5 5969/1/5
f 5997/1/5 5970/1/5 5996/1/5
f 5998/1/5 5972/1/5 5971/1/5
f 5999/1/5 5972/1/5 5998/1/5
f 6000/1/5 5974/1/5 5973/1/5
f 6001/1/5 5974/1/5 6000/1/5
f 6002/1/5 5976/1/5 5975/1/5
f 6003/1/5 5976/1/5 6002/1/5
f 6004/1/5 5978/1/5 5977/1/5
f 6005/1/5 5978/1/5 6004/1/5
f 6006/1/5 5980/1/5 5979/1/5
f 6007/1/5 5980/1/5 6006/1/5
f 6008/1/5 5982/1/5 5981/1/5
f 6009/1/5 5982/1/5 6008/1/5
f 6011/1/5 5984/1/5 5983/1/5
f 6012/1/5 5984/1/5 6011/1/5
f 6013/1/5 6010/1/5 6009/1/5
f 6014/1/5 6010/1/5 6013/1/5
f 6019/1/5 6016/1/5 6015/1/5
f 6020/1/5 6016/1/5 6019/1/5
f 6021/1/5 6018/1/5 6017/1/5
f 6022/1/5 6018/1/5 6021/1/5
f 6027/1/5 6024/1/5 6023/1/5
f 6028/1/5 6024/1/5 6027/1/5
f 6029/1/5 6026/1/5 6025/1/5
f 6030/1/5 6026/1/5 6029/1/5
f 6035/1/5 6032/1/5 6031/1/5
f 6036/1/5 6032/1/5 6035/1/5
f 6037/1/5 6034/1/5 6033/1/5
f 6038/1/5 6034/1/5 6037/1/5
f 6043/1/5 6040/1/5 6039/1/5
f 6044/1/5 6040/1/5 6043/1/5
f 6045/1/5 6042/1/5 6041/1/5
f 6046/1/5 6042/1/5 6045/1/5
f 6051/1/5 6048/1/5 6047/1/5
f 6052/1/5 6048/1/5 6051/1/5
f 6053/1/5 6050/1/5 6049/1/5
f 6054/1/5 6050/1/5 6053/1/5
f 6059/1/5 6056/1/5 6055/1/5
f 6060/1/5 6056/1/5 6059/1/5
f 6061/1/5 6058/1/5 6057/1/5
f 6062/1/5 6058/1/5 6061/1/5
f 6067/1/5 6064/1/5 6063/1/5
f 6068/1/5 6064/1/5 6067/1/5
f 6069/1/5 6066/1/5 6065/1/5
f 6070/1/5 6066/1/5 6069/1/5
f 6075/1/5 6072/1/5 6071/1/5
f 6076/1/5 6072/1/5 6075/1/5
f 6077/1/5 6074/1/5 6073/1/5
f 6078/1/5 6074/1/5 6077/1/5
f 6083/1/5 6080/1/5 6079/1/5
f 6084/1/5 6080/1/5 6083/1/5
f 6085/1/5 6082/1/5 6081/1/5
f 6086/1/5 6082/1/5 6085/1/5
f 6091/1/5 6088/1/5 6087/1/5
f 6092/1/5 6088/1/5 6091/1/5
f 6117/1/5 6090/1/5 6089/1/5
f 6118/1/5 6090/1/5 6117/1/5
f 6119/1/5 6093/1/5 6092/1/5
f 6120/1/5 6093/1/5 6119/1/5
f 6121/1/5 6095/1/5 6094/1/5
f 6122/1/5 6095/1/5 6121/1/5
f 6123/1/5 6097/1/5 6096/1/5
f 6124/1/5 6097/1/5 6123/1/5
f 6125/1/5 6099/1/5 6098/1/5
f 6126/1/5 6099/1/5 6125/1/5
f 6127/1/5 6101/1/5 6100/1/5
f 6128/1/5 6101/1/5 6127/1/5
f 6129/1/5 6103/1/5 6102/1/5
f 6130/1/5 6103/1/5 6129/1/5
f 6131/1/5 6105/1/5 6104/1/5
f 6132/1/5 6105/1/5 6131/1/5
f 6133/1/5 6107/1/5 6106/1/5
f 6134/1/5 6107/1/5 6133/1/5
f 6135/1/5 6109/1/5 6108/1/5
f 6136/1/5 6109/1/5 6135/1/5
f 6137/1/5 6111/1/5 6110/1/5
f 6138/1/5 6111/1/5 6137/1/5
f 6139/1/5 6113/1/5 6112/1/5
f 6140/1/5 6113/1/5 6139/1/5
f 6141/1/5 6115/1/5 6114/1/5
f 6142/1/5 6115/1/5 6141/1/5
f 6143/1/5 6117/1/5 6116/1/5
f 6144/1/5 6117/1/5 6143/1/5
f 6148/7/5 6146/7/5 6145/7/5
f 6149/7/5 6146/7/5 6148/7/5
f 6150/7/5 6146/7/5 6149/7/5
f 6151/7/5 6146/7/5 6150/7/5
f 6152/7/5 6146/7/5 6151/7/5
f 6153/7/5 6146/7/5 6152/7/5
f 6154/7/5 6146/7/5 6153/7/5
f 6155/7/5 6146/7/5 6154/7/5
f 6156/7/5 6146/7/5 6155/7/5
f 6157/7/5 6146/7/5 6156/7/5
f 6158/7/5 6146/7/5 6157/7/5
f 6159/7/5 6146/7/5 6158/7/5
f 6160/7/5 6146/7/5 6159/7/5
f 6161/7/5 6146/7/5 6160/7/5
f 6162/7/5 6146/7/5 6161/7/5
f 6163/7/5 6146/7/5 6162/7/5
f 6164/7/5 6146/7/5 6163/7/5
f 6165/7/5 6146/7/5 6164/7/5
f 6166/7/5 6146/7/5 6165/7/5
f 6167/7/5 6146/7/5 6166/7/5
f 6168/7/5 6146/7/5 6167/7/5
f 6169/7/5 6146/7/5 6168/7/5
f 6170/7/5 6146/7/5 6169/7/5
f 6171/7/5 6146/7/5 6170/7/5
f 6172/7/5 6146/7/5 6171/7/5
f 6173/7/5 6146/7/5 6172/7/5
f 6176/1/5 6148/1/5 6147/1/5
f 6177/1/5 6148/1/5 6176/1/5
f 6178/1/5 6150/1/5 6149/1/5
f 6179/1/5 6150/1/5 6178/1/5
f 6180/1/5 6152/1/5 6151/1/5
f 6181/1/5 6152/1/5 6180/1/5
f 6182/1/5 6154/1/5 6153/1/5
f 6183/1/5 6154/1/5 6182/1/5
f 6184/1/5 6156/1/5 6155/1/5
f 6185/1/5 6156/1/5 6184/1/5
f 6186/1/5 6158/1/5 6157/1/5
f 6187/1/5 6158/1/5 6186/1/5
f 6188/1/5 6160/1/5 6159/1/5
f 6189/1/5 6160/1/5 6188/1/5
f 6190/1/5 6162/1/5 6161/1/5
f 6191/1/5 6162/1/5 6190/1/5
f 6192/1/5 6164/1/5 6163/1/5
f 6193/1/5 6164/1/5 6192/1/5
f 6194/1/5 6166/1/5 6165/1/5
f 6195/1/5 6166/1/5 6194/1/5
f 6196/1/5 6168/1/5 6167/1/5
f 6197/1/5 6168/1/5 6196/1/5
f 6198/1/5 6170/1/5 6169/1/5
f 6199/1/5 6170/1/5 6198/1/5
f 6200/1/5 6172/1/5 6171/1/5
f 6201/1/5 6172/1/5 6200/1/5
f 6202/1/5 6174/1/5 6173/1/5
f 6203/1/5 6174/1/5 6202/1/5
f 6205/7/5 6176/7/5 6175/7/5
f 6208/7/5 6204/7/5 6203/7/5
f 6209/1/5 6206/1/5 6205/1/5
f 6209/7/5 6205/7/5 6175/7/5
f 6210/1/5 6206/1/5 6209/1/5
f 6213/1/5 6208/1/5 6207/1/5
f 6214/7/5 6204/7/5 6208/7/5
f 6214/1/5 6208/1/5 6213/1/5
f 6215/7/5 6209/7/5 6175/7/5
f 6217/8/5 6212/8/5 6211/8/5
f 6218/8/5 6212/8/5 6217/8/5
f 6220/7/5 6204/7/5 6214/7/5
f 6221/1/5 6216/1/5 6215/1/5
f 6221/7/5 6215/7/5 6175/7/5
f 6222/1/5 6216/1/5 6221/1/5
f 6223/1/5 6220/1/5 6219/1/5
f 6224/7/5 6204/7/5 6220/7/5
f 6224/1/5 6220/1/5 6223/1/5
f 6225/7/5 6221/7/5 6175/7/5
f 6228/7/5 6204/7/5 6224/7/5
f 6229/1/5 6226/1/5 6225/1/5
f 6229/7/5 6225/7/5 6175/7/5
f 6230/1/5 6226/1/5 6229/1/5
f 6231/1/5 6228/1/5 6227/1/5
f 6232/7/5 6204/7/5 6228/7/5
f 6232/1/5 6228/1/5 6231/1/5
f 6233/7/5 6229/7/5 6175/7/5
f 6236/7/5 6204/7/5 6232/7/5
f 6237/1/5 6234/1/5 6233/1/5
f 6237/7/5 6233/7/5 6175/7/5
f 6238/1/5 6234/1/5 6237/1/5
f 6239/1/5 6236/1/5 6235/1/5
f 6240/7/5 6204/7/5 6236/7/5
f 6240/1/5 6236/1/5 6239/1/5
f 6241/7/5 6237/7/5 6175/7/5
f 6244/7/5 6204/7/5 6240/7/5
f 6245/1/5 6242/1/5 6241/1/5
f 6245/7/5 6241/7/5 6175/7/5
f 6246/1/5 6242/1/5 6245/1/5
f 6247/1/5 6244/1/5 6243/1/5
f 6248/7/5 6204/7/5 6244/7/5
f 6248/1/5 6244/1/5 6247/1/5
f 6249/7/5 6245/7/5 6175/7/5
f 6252/7/5 6204/7/5 6248/7/5
f 6253/1/5 6250/1/5 6249/1/5
f 6253/7/5 6249/7/5 6175/7/5
f 6254/1/5 6250/1/5 6253/1/5
f 6255/1/5 6252/1/5 6251/1/5
f 6256/7/5 6204/7/5 6252/7/5
f 6256/1/5 6252/1/5 6255/1/5
f 6257/7/5 6253/7/5 6175/7/5
f 6260/7/5 6204/7/5 6256/7/5
f 6261/1/5 6258/1/5 6257/1/5
f 6261/7/5 6257/7/5 6175/7/5
f 6262/1/5 6258/1/5 6261/1/5
f 6263/1/5 6260/1/5 6259/1/5
f 6264/7/5 6204/7/5 6260/7/5
f 6264/1/5 6260/1/5 6263/1/5
f 6265/7/5 6261/7/5 6175/7/5
f 6268/7/5 6204/7/5 6264/7/5
f 6269/1/5 6266/1/5 6265/1/5
f 6269/7/5 6265/7/5 6175/7/5
f 6270/1/5 6266/1/5 6269/1/5
f 6271/1/5 6268/1/5 6267/1/5
f 6272/7/5 6204/7/5 6268/7/5
f 6272/1/5 6268/1/5 6271/1/5
f 6273/7/5 6269/7/5 6175/7/5
f 6276/7/5 6204/7/5 6272/7/5
f 6277/1/5 6274/1/5 6273/1/5
f 6277/7/5 6273/7/5 6175/7/5
f 6278/1/5 6274/1/5 6277/1/5
f 6281/1/5 6276/1/5 6275/1/5
f 6282/7/5 6204/7/5 6276/7/5
f 6282/1/5 6276/1/5 6281/1/5
f 6283/7/5 6277/7/5 6175/7/5
f 6285/8/5 6280/8/5 6279/8/5
f 6286/8/5 6280/8/5 6285/8/5
f 6288/7/5 6204/7/5 6282/7/5
f 6289/1/5 6284/1/5 6283/1/5
f 6289/7/5 6283/7/5 6175/7/5
f 6290/1/5 6284/1/5 6289/1/5
f 6291/1/5 6288/1/5 6287/1/5
f 6292/7/5 6204/7/5 6288/7/5
f 6292/1/5 6288/1/5 6291/1/5
f 6293/7/5 6289/7/5 6175/7/5
f 6294/7/5 6289/7/5 6293/7/5
f 6321/7/5 6204/7/5 6292/7/5
f 6322/7/5 6204/7/5 6321/7/5
f 6323/1/5 6295/1/5 6294/1/5
f 6324/1/5 6295/1/5 6323/1/5
f 6325/1/5 6297/1/5 6296/1/5
f 6326/1/5 6297/1/5 6325/1/5
f 6327/1/5 6299/1/5 6298/1/5
f 6328/1/5 6299/1/5 6327/1/5
f 6329/1/5 6301/1/5 6300/1/5
f 6330/1/5 6301/1/5 6329/1/5
f 6331/1/5 6303/1/5 6302/1/5
f 6332/1/5 6303/1/5 6331/1/5
f 6333/1/5 6305/1/5 6304/1/5
f 6334/1/5 6305/1/5 6333/1/5
f 6335/1/5 6307/1/5 6306/1/5
f 6336/1/5 6307/1/5 6335/1/5
f 6337/1/5 6309/1/5 6308/1/5
f 6338/1/5 6309/1/5 6337/1/5
f 6339/1/5 6311/1/5 6310/1/5
f 6340/1/5 6311/1/5 6339/1/5
f 6341/1/5 6313/1/5 6312/1/5
f 6342/1/5 6313/1/5 6341/1/5
f 6343/1/5 6315/1/5 6314/1/5
f 6344/1/5 6315/1/5 6343/1/5
f 6345/1/5 6317/1/5 6316/1/5
f 6346/1/5 6317/1/5 6345/1/5
f 6347/1/5 6319/1/5 6318/1/5
f 6348/1/5 6319/1/5 6347/1/5
f 6349/1/5 6321/1/5 6320/1/5
f 6350/1/5 6321/1/5 6349/1/5
f 6351/7/5 6346/7/5 6345/7/5
f 6351/7/5 6348/7/5 6347/7/5
f 6351/7/5 6349/7/5 6348/7/5
f 6351/7/5 6347/7/5 6346/7/5
f 6351/7/5 6326/7/5 6325/7/5
f 6351/7/5 6345/7/5 6344/7/5
f 6351/7/5 6328/7/5 6327/7/5
f 6351/7/5 6343/7/5 6342/7/5
f 6351/7/5 6330/7/5 6329/7/5
f 6351/7/5 6341/7/5 6340/7/5
f 6351/7/5 6332/7/5 6331/7/5
f 6351/7/5 6339/7/5 6338/7/5
f 6351/7/5 6334/7/5 6333/7/5
f 6351/7/5 6337/7/5 6336/7/5
f 6351/7/5 6336/7/5 6335/7/5
f 6351/7/5 6335/7/5 6334/7/5
f 6351/7/5 6338/7/5 6337/7/5
f 6351/7/5 6333/7/5 6332/7/5
f 6351/7/5 6340/7/5 6339/7/5
f 6351/7/5 6331/7/5 6330/7/5
f 6351/7/5 6342/7/5 6341/7/5
f 6351/7/5 6329/7/5 6328/7/5
f 6351/7/5 6344/7/5 6343/7/5
f 6351/7/5 6327/7/5 6326/7/5
f 6351/7/5 6325/7/5 6324/7/5
f 6352/7/5 6349/7/5 6351/7/5
f 6358/7/5 6354/7/5 6353/7/5
f 6359/7/5 6354/7/5 6358/7/5
f 6360/7/5 6356/7/5 6355/7/5
f 6361/7/5 6356/7/5 6360/7/5
f 6363/7/5 6358/7/5 6357/7/5
f 6364/7/5 6358/7/5 6363/7/5
f 6365/7/5 6362/7/5 6361/7/5
f 6366/7/5 6362/7/5 6365/7/5
f 6370/4/5 6368/4/5 6367/4/5
f 6371/4/5 6368/4/5 6370/4/5
f 6371/4/5 6370/4/5 6369/4/5
f 6372/4/5 6368/4/5 6371/4/5
f 6373/4/5 6371/4/5 6369/4/5
f 6374/4/5 6368/4/5 6372/4/5
f 6375/4/5 6368/4/5 6374/4/5
f 6375/4/5 6374/4/5 6373/4/5
f 6376/4/5 6368/4/5 6375/4/5
f 6377/4/5 6373/4/5 6369/4/5
f 6377/4/5 6375/4/5 6373/4/5
f 6378/4/5 6375/4/5 6377/4/5
f 6383/7/5 6380/7/5 6379/7/5
f 6384/7/5 6380/7/5 6383/7/5
f 6387/7/5 6382/7/5 6381/7/5
f 6388/7/5 6382/7/5 6387/7/5
f 6389/7/5 6385/7/5 6384/7/5
f 6390/7/5 6385/7/5 6389/7/5
f 6391/7/5 6387/7/5 6386/7/5
f 6392/7/5 6387/7/5 6391/7/5
f 6397/7/5 6394/7/5 6393/7/5
f 6398/7/5 6394/7/5 6397/7/5
f 6399/7/5 6396/7/5 6395/7/5
f 6400/7/5 6396/7/5 6399/7/5
f 6405/7/5 6402/7/5 6401/7/5
f 6406/7/5 6402/7/5 6405/7/5
f 6407/7/5 6404/7/5 6403/7/5
f 6408/7/5 6404/7/5 6407/7/5
f 6415/1/5 6410/1/5 6409/1/5
f 6416/1/5 6410/1/5 6415/1/5
f 6417/1/5 6412/1/5 6411/1/5
f 6418/1/5 6412/1/5 6417/1/5
f 6419/1/5 6414/1/5 6413/1/5
f 6420/1/5 6414/1/5 6419/1/5
f 6425/1/5 6422/1/5 6421/1/5
f 6426/1/5 6422/1/5 6425/1/5
f 6427/1/5 6424/1/5 6423/1/5
f 6428/1/5 6424/1/5 6427/1/5
f 6433/1/5 6430/1/5 6429/1/5
f 6434/1/5 6430/1/5 6433/1/5
f 6435/1/5 6432/1/5 6431/1/5
f 6436/1/5 6432/1/5 6435/1/5
f 6441/1/5 6438/1/5 6437/1/5
f 6442/1/5 6438/1/5 6441/1/5
f 6443/1/5 6440/1/5 6439/1/5
f 6444/1/5 6440/1/5 6443/1/5
f 6451/1/5 6446/1/5 6445/1/5
f 6452/1/5 6446/1/5 6451/1/5
f 6453/1/5 6448/1/5 6447/1/5
f 6454/1/5 6448/1/5 6453/1/5
f 6455/1/5 6450/1/5 6449/1/5
f 6456/1/5 6450/1/5 6455/1/5
f 6480/1/5 6458/1/5 6457/1/5
f 6481/1/5 6458/1/5 6480/1/5
f 6482/1/5 6460/1/5 6459/1/5
f 6483/1/5 6460/1/5 6482/1/5
f 6484/1/5 6462/1/5 6461/1/5
f 6485/1/5 6462/1/5 6484/1/5
f 6486/1/5 6464/1/5 6463/1/5
f 6487/1/5 6464/1/5 6486/1/5
f 6488/1/5 6466/1/5 6465/1/5
f 6489/1/5 6466/1/5 6488/1/5
f 6490/1/5 6468/1/5 6467/1/5
f 6491/1/5 6468/1/5 6490/1/5
f 6492/1/5 6470/1/5 6469/1/5
f 6493/1/5 6470/1/5 6492/1/5
f 6494/1/5 6472/1/5 6471/1/5
f 6495/1/5 6472/1/5 6494/1/5
f 6496/1/5 6474/1/5 6473/1/5
f 6497/1/5 6474/1/5 6496/1/5
f 6498/1/5 6476/1/5 6475/1/5
f 6499/1/5 6476/1/5 6498/1/5
f 6500/1/5 6478/1/5 6477/1/5
f 6501/1/5 6478/1/5 6500/1/5
f 6503/1/5 6480/1/5 6479/1/5
f 6504/1/5 6480/1/5 6503/1/5
f 6505/1/5 6502/1/5 6501/1/5
f 6506/1/5 6502/1/5 6505/1/5
f 6511/1/5 6508/1/5 6507/1/5
f 6512/1/5 6508/1/5 6511/1/5
f 6513/1/5 6510/1/5 6509/1/5
f 6514/1/5 6510/1/5 6513/1/5
f 6519/1/5 6516/1/5 6515/1/5
f 6520/1/5 6516/1/5 6519/1/5
f 6521/1/5 6518/1/5 6517/1/5
f 6522/1/5 6518/1/5 6521/1/5
f 6527/1/5 6524/1/5 6523/1/5
f 6528/1/5 6524/1/5 6527/1/5
f 6529/1/5 6526/1/5 6525/1/5
f 6530/1/5 6526/1/5 6529/1/5
f 6535/1/5 6532/1/5 6531/1/5
f 6536/1/5 6532/1/5 6535/1/5
f 6537/1/5 6534/1/5 6533/1/5
f 6538/1/5 6534/1/5 6537/1/5
f 6543/1/5 6540/1/5 6539/1/5
f 6544/1/5 6540/1/5 6543/1/5
f 6545/1/5 6542/1/5 6541/1/5
f 6546/1/5 6542/1/5 6545/1/5
f 6551/1/5 6548/1/5 6547/1/5
f 6552/1/5 6548/1/5 6551/1/5
f 6553/1/5 6550/1/5 6549/1/5
f 6554/1/5 6550/1/5 6553/1/5
f 6559/1/5 6556/1/5 6555/1/5
f 6560/1/5 6556/1/5 6559/1/5
f 6561/1/5 6558/1/5 6557/1/5
f 6562/1/5 6558/1/5 6561/1/5
f 6567/1/5 6564/1/5 6563/1/5
f 6568/1/5 6564/1/5 6567/1/5
f 6589/1/5 6566/1/5 6565/1/5
f 6590/1/5 6566/1/5 6589/1/5
f 6591/1/5 6569/1/5 6568/1/5
f 6592/1/5 6569/1/5 6591/1/5
f 6593/1/5 6571/1/5 6570/1/5
f 6594/1/5 6571/1/5 6593/1/5
f 6595/1/5 6573/1/5 6572/1/5
f 6596/1/5 6573/1/5 6595/1/5
f 6597/1/5 6575/1/5 6574/1/5
f 6598/1/5 6575/1/5 6597/1/5
f 6599/1/5 6577/1/5 6576/1/5
f 6600/1/5 6577/1/5 6599/1/5
f 6601/1/5 6579/1/5 6578/1/5
f 6602/1/5 6579/1/5 6601/1/5
f 6603/1/5 6581/1/5 6580/1/5
f 6604/1/5 6581/1/5 6603/1/5
f 6605/1/5 6583/1/5 6582/1/5
f 6606/1/5 6583/1/5 6605/1/5
f 6607/1/5 6585/1/5 6584/1/5
f 6608/1/5 6585/1/5 6607/1/5
f 6609/1/5 6587/1/5 6586/1/5
f 6610/1/5 6587/1/5 6609/1/5
f 6611/1/5 6589/1/5 6588/1/5
f 6612/1/5 6589/1/5 6611/1/5
f 6616/7/5 6614/7/5 6613/7/5
f 6617/7/5 6614/7/5 6616/7/5
f 6618/7/5 6614/7/5 6617/7/5
f 6619/7/5 6614/7/5 6618/7/5
f 6620/7/5 6614/7/5 6619/7/5
f 6621/7/5 6614/7/5 6620/7/5
f 6622/7/5 6614/7/5 6621/7/5
f 6623/7/5 6614/7/5 6622/7/5
f 6624/7/5 6614/7/5 6623/7/5
f 6625/7/5 6614/7/5 6624/7/5
f 6626/7/5 6614/7/5 6625/7/5
f 6627/7/5 6614/7/5 6626/7/5
f 6628/7/5 6614/7/5 6627/7/5
f 6629/7/5 6614/7/5 6628/7/5
f 6630/7/5 6614/7/5 6629/7/5
f 6631/7/5 6614/7/5 6630/7/5
f 6632/7/5 6614/7/5 6631/7/5
f 6633/7/5 6614/7/5 6632/7/5
f 6634/7/5 6614/7/5 6633/7/5
f 6635/7/5 6614/7/5 6634/7/5
f 6636/7/5 6614/7/5 6635/7/5
f 6637/7/5 6614/7/5 6636/7/5
f 6640/1/5 6616/1/5 6615/1/5
f 6641/1/5 6616/1/5 6640/1/5
f 6642/1/5 6618/1/5 6617/1/5
f 6643/1/5 6618/1/5 6642/1/5
f 6644/1/5 6620/1/5 6619/1/5
f 6645/1/5 6620/1/5 6644/1/5
f 6646/1/5 6622/1/5 6621/1/5
f 6647/1/5 6622/1/5 6646/1/5
f 6648/1/5 6624/1/5 6623/1/5
f 6649/1/5 6624/1/5 6648/1/5
f 6650/1/5 6626/1/5 6625/1/5
f 6651/1/5 6626/1/5 6650/1/5
f 6652/1/5 6628/1/5 6627/1/5
f 6653/1/5 6628/1/5 6652/1/5
f 6654/1/5 6630/1/5 6629/1/5
f 6655/1/5 6630/1/5 6654/1/5
f 6656/1/5 6632/1/5 6631/1/5
f 6657/1/5 6632/1/5 6656/1/5
f 6658/1/5 6634/1/5 6633/1/5
f 6659/1/5 6634/1/5 6658/1/5
f 6660/1/5 6636/1/5 6635/1/5
f 6661/1/5 6636/1/5 6660/1/5
f 6662/1/5 6638/1/5 6637/1/5
f 6663/1/5 6638/1/5 6662/1/5
f 6665/7/5 6640/7/5 6639/7/5
f 6668/7/5 6664/7/5 6663/7/5
f 6669/1/5 6666/1/5 6665/1/5
f 6669/7/5 6665/7/5 6639/7/5
f 6670/1/5 6666/1/5 6669/1/5
f 6673/1/5 6668/1/5 6667/1/5
f 6674/7/5 6664/7/5 6668/7/5
f 6674/1/5 6668/1/5 6673/1/5
f 6675/7/5 6669/7/5 6639/7/5
f 6677/8/5 6672/8/5 6671/8/5
f 6678/8/5 6672/8/5 6677/8/5
f 6680/7/5 6664/7/5 6674/7/5
f 6681/1/5 6676/1/5 6675/1/5
f 6681/7/5 6675/7/5 6639/7/5
f 6682/1/5 6676/1/5 6681/1/5
f 6683/1/5 6680/1/5 6679/1/5
f 6684/7/5 6664/7/5 6680/7/5
f 6684/1/5 6680/1/5 6683/1/5
f 6685/7/5 6681/7/5 6639/7/5
f 6688/7/5 6664/7/5 6684/7/5
f 6689/1/5 6686/1/5 6685/1/5
f 6689/7/5 6685/7/5 6639/7/5
f 6690/1/5 6686/1/5 6689/1/5
f 6691/1/5 6688/1/5 6687/1/5
f 6692/7/5 6664/7/5 6688/7/5
f 6692/1/5 6688/1/5 6691/1/5
f 6693/7/5 6689/7/5 6639/7/5
f 6696/7/5 6664/7/5 6692/7/5
f 6697/1/5 6694/1/5 6693/1/5
f 6697/7/5 6693/7/5 6639/7/5
f 6698/1/5 6694/1/5 6697/1/5
f 6699/1/5 6696/1/5 6695/1/5
f 6700/7/5 6664/7/5 6696/7/5
f 6700/1/5 6696/1/5 6699/1/5
f 6701/7/5 6697/7/5 6639/7/5
f 6704/7/5 6664/7/5 6700/7/5
f 6705/1/5 6702/1/5 6701/1/5
f 6705/7/5 6701/7/5 6639/7/5
f 6706/1/5 6702/1/5 6705/1/5
f 6707/1/5 6704/1/5 6703/1/5
f 6708/7/5 6664/7/5 6704/7/5
f 6708/1/5 6704/1/5 6707/1/5
f 6709/7/5 6705/7/5 6639/7/5
f 6712/7/5 6664/7/5 6708/7/5
f 6713/1/5 6710/1/5 6709/1/5
f 6713/7/5 6709/7/5 6639/7/5
f 6714/1/5 6710/1/5 6713/1/5
f 6715/1/5 6712/1/5 6711/1/5
f 6716/7/5 6664/7/5 6712/7/5
f 6716/1/5 6712/1/5 6715/1/5
f 6717/7/5 6713/7/5 6639/7/5
f 6720/7/5 6664/7/5 6716/7/5
f 6721/1/5 6718/1/5 6717/1/5
f 6721/7/5 6717/7/5 6639/7/5
f 6722/1/5 6718/1/5 6721/1/5
f 6725/1/5 6720/1/5 6719/1/5
f 6726/7/5 6664/7/5 6720/7/5
f 6726/1/5 6720/1/5 6725/1/5
f 6727/7/5 6721/7/5 6639/7/5
f 6729/8/5 6724/8/5 6723/8/5
f 6730/8/5 6724/8/5 6729/8/5
f 6732/7/5 6664/7/5 6726/7/5
f 6733/1/5 6728/1/5 6727/1/5
f 6733/7/5 6727/7/5 6639/7/5
f 6734/1/5 6728/1/5 6733/1/5
f 6735/1/5 6732/1/5 6731/1/5
f 6736/7/5 6664/7/5 6732/7/5
f 6736/1/5 6732/1/5 6735/1/5
f 6737/7/5 6733/7/5 6639/7/5
f 6738/7/5 6733/7/5 6737/7/5
f 6761/7/5 6664/7/5 6736/7/5
f 6762/7/5 6664/7/5 6761/7/5
f 6763/1/5 6739/1/5 6738/1/5
f 6764/1/5 6739/1/5 6763/1/5
f 6765/1/5 6741/1/5 6740/1/5
f 6766/1/5 6741/1/5 6765/1/5
f 6767/1/5 6743/1/5 6742/1/5
f 6768/1/5 6743/1/5 6767/1/5
f 6769/1/5 6745/1/5 6744/1/5
f 6770/1/5 6745/1/5 6769/1/5
f 6771/1/5 6747/1/5 6746/1/5
f 6772/1/5 6747/1/5 6771/1/5
f 6773/1/5 6749/1/5 6748/1/5
f 6774/1/5 6749/1/5 6773/1/5
f 6775/1/5 6751/1/5 6750/1/5
f 6776/1/5 6751/1/5 6775/1/5
f 6777/1/5 6753/1/5 6752/1/5
f 6778/1/5 6753/1/5 6777/1/5
f 6779/1/5 6755/1/5 6754/1/5
f 6780/1/5 6755/1/5 6779/1/5
f 6781/1/5 6757/1/5 6756/1/5
f 6782/1/5 6757/1/5 6781/1/5
f 6783/1/5 6759/1/5 6758/1/5
f 6784/1/5 6759/1/5 6783/1/5
f 6785/1/5 6761/1/5 6760/1/5
f 6786/1/5 6761/1/5 6785/1/5
f 6787/7/5 6782/7/5 6781/7/5
f 6787/7/5 6784/7/5 6783/7/5
f 6787/7/5 6785/7/5 6784/7/5
f 6787/7/5 6783/7/5 6782/7/5
f 6787/7/5 6766/7/5 6765/7/5
f 6787/7/5 6781/7/5 6780/7/5
f 6787/7/5 6768/7/5 6767/7/5
f 6787/7/5 6779/7/5 6778/7/5
f 6787/7/5 6770/7/5 6769/7/5
f 6787/7/5 6777/7/5 6776/7/5
f 6787/7/5 6772/7/5 6771/7/5
f 6787/7/5 6775/7/5 6774/7/5
f 6787/7/5 6774/7/5 6773/7/5
f 6787/7/5 6773/7/5 6772/7/5
f 6787/7/5 6776/7/5 6775/7/5
f 6787/7/5 6771/7/5 6770/7/5
f 6787/7/5 6778/7/5 6777/7/5
f 6787/7/5 6769/7/5 6768/7/5
f 6787/7/5 6780/7/5 6779/7/5
f 6787/7/5 6767/7/5 6766/7/5
f 6787/7/5 6765/7/5 6764/7/5
f 6788/7/5 6785/7/5 6787/7/5
f 6794/7/5 6790/7/5 6789/7/5
f 6795/7/5 6790/7/5 6794/7/5
f 6796/7/5 6792/7/5 6791/7/5
f 6797/7/5 6792/7/5 6796/7/5
f 6799/7/5 6794/7/5 6793/7/5
f 6800/7/5 6794/7/5 6799/7/5
f 6801/7/5 6798/7/5 6797/7/5
f 6802/7/5 6798/7/5 6801/7/5
f 6806/4/5 6804/4/5 6803/4/5
f 6807/4/5 6804/4/5 6806/4/5
f 6807/4/5 6806/4/5 6805/4/5
f 6808/4/5 6804/4/5 6807/4/5
f 6809/4/5 6807/4/5 6805/4/5
f 6810/4/5 6804/4/5 6808/4/5
f 6811/4/5 6804/4/5 6810/4/5
f 6811/4/5 6810/4/5 6809/4/5
f 6812/4/5 6804/4/5 6811/4/5
f 6813/4/5 6809/4/5 6805/4/5
f 6813/4/5 6811/4/5 6809/4/5
f 6814/4/5 6811/4/5 6813/4/5
f 6819/7/5 6816/7/5 6815/7/5
f 6820/7/5 6816/7/5 6819/7/5
f 6823/7/5 6818/7/5 6817/7/5
f 6824/7/5 6818/7/5 6823/7/5
f 6825/7/5 6821/7/5 6820/7/5
f 6826/7/5 6821/7/5 6825/7/5
f 6827/7/5 6823/7/5 6822/7/5
f 6828/7/5 6823/7/5 6827/7/5
f 6833/7/5 6830/7/5 6829/7/5
f 6834/7/5 6830/7/5 6833/7/5
f 6835/7/5 6832/7/5 6831/7/5
f 6836/7/5 6832/7/5 6835/7/5
f 6841/7/5 6838/7/5 6837/7/5
f 6842/7/5 6838/7/5 6841/7/5
f 6843/7/5 6840/7/5 6839/7/5
f 6844/7/5 6840/7/5 6843/7/5
f 6851/1/5 6846/1/5 6845/1/5
f 6852/1/5 6846/1/5 6851/1/5
f 6853/1/5 6848/1/5 6847/1/5
f 6854/1/5 6848/1/5 6853/1/5
f 6855/1/5 6850/1/5 6849/1/5
f 6856/1/5 6850/1/5 6855/1/5
f 6861/1/5 6858/1/5 6857/1/5
f 6862/1/5 6858/1/5 6861/1/5
f 6863/1/5 6860/1/5 6859/1/5
f 6864/1/5 6860/1/5 6863/1/5
f 6869/1/5 6866/1/5 6865/1/5
f 6870/1/5 6866/1/5 6869/1/5
f 6871/1/5 6868/1/5 6867/1/5
f 6872/1/5 6868/1/5 6871/1/5
f 6877/1/5 6874/1/5 6873/1/5
f 6878/1/5 6874/1/5 6877/1/5
f 6879/1/5 6876/1/5 6875/1/5
f 6880/1/5 6876/1/5 6879/1/5
f 6887/1/5 6882/1/5 6881/1/5
f 6888/1/5 6882/1/5 6887/1/5
f 6889/1/5 6884/1/5 6883/1/5
f 6890/1/5 6884/1/5 6889/1/5
f 6891/1/5 6886/1/5 6885/1/5
f 6892/1/5 6886/1/5 6891/1/5
f 6912/1/5 6894/1/5 6893/1/5
f 6913/1/5 6894/1/5 6912/1/5
f 6914/1/5 6896/1/5 6895/1/5
f 6915/1/5 6896/1/5 6914/1/5
f 6916/1/5 6898/1/5 6897/1/5
f 6917/1/5 6898/1/5 6916/1/5
f 6918/1/5 6900/1/5 6899/1/5
f 6919/1/5 6900/1/5 6918/1/5
f 6920/1/5 6902/1/5 6901/1/5
f 6921/1/5 6902/1/5 6920/1/5
f 6922/1/5 6904/1/5 6903/1/5
f 6923/1/5 6904/1/5 6922/1/5
f 6924/1/5 6906/1/5 6905/1/5
f 6925/1/5 6906/1/5 6924/1/5
f 6926/1/5 6908/1/5 6907/1/5
f 6927/1/5 6908/1/5 6926/1/5
f 6928/1/5 6910/1/5 6909/1/5
f 6929/1/5 6910/1/5 6928/1/5
f 6931/1/5 6912/1/5 6911/1/5
f 6932/1/5 6912/1/5 6931/1/5
f 6933/1/5 6930/1/5 6929/1/5
f 6934/1/5 6930/1/5 6933/1/5
f 6939/1/5 6936/1/5 6935/1/5
f 6940/1/5 6936/1/5 6939/1/5
f 6941/1/5 6938/1/5 6937/1/5
f 6942/1/5 6938/1/5 6941/1/5
f 6947/1/5 6944/1/5 6943/1/5
f 6948/1/5 6944/1/5 6947/1/5
f 6949/1/5 6946/1/5 6945/1/5
f 6950/1/5 6946/1/5 6949/1/5
f 6955/1/5 6952/1/5 6951/1/5
f 6956/1/5 6952/1/5 6955/1/5
f 6957/1/5 6954/1/5 6953/1/5
f 6958/1/5 6954/1/5 6957/1/5
f 6963/1/5 6960/1/5 6959/1/5
f 6964/1/5 6960/1/5 6963/1/5
f 6965/1/5 6962/1/5 6961/1/5
f 6966/1/5 6962/1/5 6965/1/5
f 6971/1/5 6968/1/5 6967/1/5
f 6972/1/5 6968/1/5 6971/1/5
f 6973/1/5 6970/1/5 6969/1/5
f 6974/1/5 6970/1/5 6973/1/5
f 6979/1/5 6976/1/5 6975/1/5
f 6980/1/5 6976/1/5 6979/1/5
f 6997/1/5 6978/1/5 6977/1/5
f 6998/1/5 6978/1/5 6997/1/5
f 6999/1/5 6981/1/5 6980/1/5
f 7000/1/5 6981/1/5 6999/1/5
f 7001/1/5 6983/1/5 6982/1/5
f 7002/1/5 6983/1/5 7001/1/5
f 7003/1/5 6985/1/5 6984/1/5
f 7004/1/5 6985/1/5 7003/1/5
f 7005/1/5 6987/1/5 6986/1/5
f 7006/1/5 6987/1/5 7005/1/5
f 7007/1/5 6989/1/5 6988/1/5
f 7008/1/5 6989/1/5 7007/1/5
f 7009/1/5 6991/1/5 6990/1/5
f 7010/1/5 6991/1/5 7009/1/5
f 7011/1/5 6993/1/5 6992/1/5
f 7012/1/5 6993/1/5 7011/1/5
f 7013/1/5 6995/1/5 6994/1/5
f 7014/1/5 6995/1/5 7013/1/5
f 7015/1/5 6997/1/5 6996/1/5
f 7016/1/5 6997/1/5 7015/1/5
f 7020/7/5 7018/7/5 7017/7/5
f 7021/7/5 7018/7/5 7020/7/5
f 7022/7/5 7018/7/5 7021/7/5
f 7023/7/5 7018/7/5 7022/7/5
f 7024/7/5 7018/7/5 7023/7/5
f 7025/7/5 7018/7/5 7024/7/5
f 7026/7/5 7018/7/5 7025/7/5
f 7027/7/5 7018/7/5 7026/7/5
f 7028/7/5 7018/7/5 7027/7/5
f 7029/7/5 7018/7/5 7028/7/5
f 7030/7/5 7018/7/5 7029/7/5
f 7031/7/5 7018/7/5 7030/7/5
f 7032/7/5 7018/7/5 7031/7/5
f 7033/7/5 7018/7/5 7032/7/5
f 7034/7/5 7018/7/5 7033/7/5
f 7035/7/5 7018/7/5 7034/7/5
f 7036/7/5 7018/7/5 7035/7/5
f 7037/7/5 7018/7/5 7036/7/5
f 7040/1/5 7020/1/5 7019/1/5
f 7041/1/5 7020/1/5 7040/1/5
f 7042/1/5 7022/1/5 7021/1/5
f 7043/1/5 7022/1/5 7042/1/5
f 7044/1/5 7024/1/5 7023/1/5
f 7045/1/5 7024/1/5 7044/1/5
f 7046/1/5 7026/1/5 7025/1/5
f 7047/1/5 7026/1/5 7046/1/5
f 7048/1/5 7028/1/5 7027/1/5
f 7049/1/5 7028/1/5 7048/1/5
f 7050/1/5 7030/1/5 7029/1/5
f 7051/1/5 7030/1/5 7050/1/5
f 7052/1/5 7032/1/5 7031/1/5
f 7053/1/5 7032/1/5 7052/1/5
f 7054/1/5 7034/1/5 7033/1/5
f 7055/1/5 7034/1/5 7054/1/5
f 7056/1/5 7036/1/5 7035/1/5
f 7057/1/5 7036/1/5 7056/1/5
f 7058/1/5 7038/1/5 7037/1/5
f 7059/1/5 7038/1/5 7058/1/5
f 7061/7/5 7040/7/5 7039/7/5
f 7064/7/5 7060/7/5 7059/7/5
f 7065/1/5 7062/1/5 7061/1/5
f 7065/7/5 7061/7/5 7039/7/5
f 7066/1/5 7062/1/5 7065/1/5
f 7067/1/5 7064/1/5 7063/1/5
f 7068/7/5 7060/7/5 7064/7/5
f 7068/1/5 7064/1/5 7067/1/5
f 7069/7/5 7065/7/5 7039/7/5
f 7072/7/5 7060/7/5 7068/7/5
f 7073/1/5 7070/1/5 7069/1/5
f 7073/7/5 7069/7/5 7039/7/5
f 7074/1/5 7070/1/5 7073/1/5
f 7075/1/5 7072/1/5 7071/1/5
f 7076/7/5 7060/7/5 7072/7/5
f 7076/1/5 7072/1/5 7075/1/5
f 7077/7/5 7073/7/5 7039/7/5
f 7080/7/5 7060/7/5 7076/7/5
f 7081/1/5 7078/1/5 7077/1/5
f 7081/7/5 7077/7/5 7039/7/5
f 7082/1/5 7078/1/5 7081/1/5
f 7083/1/5 7080/1/5 7079/1/5
f 7084/7/5 7060/7/5 7080/7/5
f 7084/1/5 7080/1/5 7083/1/5
f 7085/7/5 7081/7/5 7039/7/5
f 7088/7/5 7060/7/5 7084/7/5
f 7089/1/5 7086/1/5 7085/1/5
f 7089/7/5 7085/7/5 7039/7/5
f 7090/1/5 7086/1/5 7089/1/5
f 7091/1/5 7088/1/5 7087/1/5
f 7092/7/5 7060/7/5 7088/7/5
f 7092/1/5 7088/1/5 7091/1/5
f 7093/7/5 7089/7/5 7039/7/5
f 7096/7/5 7060/7/5 7092/7/5
f 7097/1/5 7094/1/5 7093/1/5
f 7097/7/5 7093/7/5 7039/7/5
f 7098/1/5 7094/1/5 7097/1/5
f 7099/1/5 7096/1/5 7095/1/5
f 7100/7/5 7060/7/5 7096/7/5
f 7100/1/5 7096/1/5 7099/1/5
f 7101/7/5 7097/7/5 7039/7/5
f 7104/7/5 7060/7/5 7100/7/5
f 7105/1/5 7102/1/5 7101/1/5
f 7105/7/5 7101/7/5 7039/7/5
f 7106/1/5 7102/1/5 7105/1/5
f 7107/1/5 7104/1/5 7103/1/5
f 7108/7/5 7060/7/5 7104/7/5
f 7108/1/5 7104/1/5 7107/1/5
f 7109/7/5 7105/7/5 7039/7/5
f 7110/7/5 7105/7/5 7109/7/5
f 7129/7/5 7060/7/5 7108/7/5
f 7130/7/5 7060/7/5 7129/7/5
f 7131/1/5 7111/1/5 7110/1/5
f 7132/1/5 7111/1/5 7131/1/5
f 7133/1/5 7113/1/5 7112/1/5
f 7134/1/5 7113/1/5 7133/1/5
f 7135/1/5 7115/1/5 7114/1/5
f 7136/1/5 7115/1/5 7135/1/5
f 7137/1/5 7117/1/5 7116/1/5
f 7138/1/5 7117/1/5 7137/1/5
f 7139/1/5 7119/1/5 7118/1/5
f 7140/1/5 7119/1/5 7139/1/5
f 7141/1/5 7121/1/5 7120/1/5
f 7142/1/5 7121/1/5 7141/1/5
f 7143/1/5 7123/1/5 7122/1/5
f 7144/1/5 7123/1/5 7143/1/5
f 7145/1/5 7125/1/5 7124/1/5
f 7146/1/5 7125/1/5 7145/1/5
f 7147/1/5 7127/1/5 7126/1/5
f 7148/1/5 7127/1/5 7147/1/5
f 7149/1/5 7129/1/5 7128/1/5
f 7150/1/5 7129/1/5 7149/1/5
f 7151/7/5 7146/7/5 7145/7/5
f 7151/7/5 7148/7/5 7147/7/5
f 7151/7/5 7149/7/5 7148/7/5
f 7151/7/5 7147/7/5 7146/7/5
f 7151/7/5 7134/7/5 7133/7/5
f 7151/7/5 7145/7/5 7144/7/5
f 7151/7/5 7136/7/5 7135/7/5
f 7151/7/5 7143/7/5 7142/7/5
f 7151/7/5 7138/7/5 7137/7/5
f 7151/7/5 7141/7/5 7140/7/5
f 7151/7/5 7140/7/5 7139/7/5
f 7151/7/5 7139/7/5 7138/7/5
f 7151/7/5 7142/7/5 7141/7/5
f 7151/7/5 7137/7/5 7136/7/5
f 7151/7/5 7144/7/5 7143/7/5
f 7151/7/5 7135/7/5 7134/7/5
f 7151/7/5 7133/7/5 7132/7/5
f 7152/7/5 7149/7/5 7151/7/5
f 7158/7/5 7154/7/5 7153/7/5
f 7159/7/5 7154/7/5 7158/7/5
f 7160/7/5 7156/7/5 7155/7/5
f 7161/7/5 7156/7/5 7160/7/5
f 7163/7/5 7158/7/5 7157/7/5
f 7164/7/5 7158/7/5 7163/7/5
f 7165/7/5 7162/7/5 7161/7/5
f 7166/7/5 7162/7/5 7165/7/5
f 7171/7/5 7168/7/5 7167/7/5
f 7172/7/5 7168/7/5 7171/7/5
f 7175/7/5 7170/7/5 7169/7/5
f 7176/7/5 7170/7/5 7175/7/5
f 7177/7/5 7173/7/5 7172/7/5
f 7178/7/5 7173/7/5 7177/7/5
f 7179/7/5 7175/7/5 7174/7/5
f 7180/7/5 7175/7/5 7179/7/5
f 7185/7/5 7182/7/5 7181/7/5
f 7186/7/5 7182/7/5 7185/7/5
f 7187/7/5 7184/7/5 7183/7/5
f 7188/7/5 7184/7/5 7187/7/5
f 7193/7/5 7190/7/5 7189/7/5
f 7194/7/5 7190/7/5 7193/7/5
f 7195/7/5 7192/7/5 7191/7/5
f 7196/7/5 7192/7/5 7195/7/5
f 7199/7/5 7198/7/5 7197/7/5
f 7200/7/5 7198/7/5 7199/7/5
f 7205/1/5 7202/1/5 7201/1/5
f 7206/1/5 7202/1/5 7205/1/5
f 7207/1/5 7204/1/5 7203/1/5
f 7208/1/5 7204/1/5 7207/1/5
f 7211/7/5 7210/7/5 7209/7/5
f 7212/7/5 7210/7/5 7211/7/5
f 7217/7/5 7214/7/5 7213/7/5
f 7219/7/5 7217/7/5 7213/7/5
f 7219/7/5 7218/7/5 7217/7/5
f 7220/7/5 7218/7/5 7219/7/5
f 7222/7/5 7216/7/5 7215/7/5
f 7223/7/5 7216/7/5 7222/7/5
f 7226/7/5 7221/7/5 7220/7/5
f 7227/7/5 7221/7/5 7226/7/5
f 7230/7/5 7225/7/5 7224/7/5
f 7231/7/5 7225/7/5 7230/7/5
f 7232/7/5 7229/7/5 7228/7/5
f 7233/7/5 7229/7/5 7232/7/5
f 7238/7/5 7235/7/5 7234/7/5
f 7239/7/5 7235/7/5 7238/7/5
f 7242/7/5 7237/7/5 7236/7/5
f 7243/7/5 7237/7/5 7242/7/5
f 7245/7/5 7241/7/5 7240/7/5
f 7246/7/5 7241/7/5 7245/7/5
f 7248/7/5 7245/7/5 7244/7/5
f 7249/7/5 7245/7/5 7248/7/5
f 7250/7/5 7247/7/5 7246/7/5
f 7251/7/5 7247/7/5 7250/7/5
f 7256/7/5 7253/7/5 7252/7/5
f 7257/7/5 7253/7/5 7256/7/5
f 7258/7/5 7255/7/5 7254/7/5
f 7259/7/5 7255/7/5 7258/7/5
f 7262/7/5 7258/7/5 7257/7/5
f 7263/7/5 7258/7/5 7262/7/5
f 7266/7/5 7261/7/5 7260/7/5
f 7267/7/5 7261/7/5 7266/7/5
f 7268/7/5 7265/7/5 7264/7/5
f 7269/7/5 7265/7/5 7268/7/5
f 7271/7/5 7261/7/5 7267/7/5
f 7272/7/5 7268/7/5 7264/7/5
f 7274/7/5 7271/7/5 7270/7/5
f 7275/7/5 7261/7/5 7271/7/5
f 7275/7/5 7271/7/5 7274/7/5
f 7278/7/5 7273/7/5 7272/7/5
f 7278/7/5 7272/7/5 7264/7/5
f 7279/7/5 7273/7/5 7278/7/5
f 7281/7/5 7277/7/5 7276/7/5
f 7282/7/5 7277/7/5 7281/7/5
f 7284/7/5 7281/7/5 7280/7/5
f 7285/7/5 7281/7/5 7284/7/5
f 7286/7/5 7283/7/5 7282/7/5
f 7287/7/5 7283/7/5 7286/7/5
f 7292/7/5 7289/7/5 7288/7/5
f 7293/7/5 7289/7/5 7292/7/5
f 7294/7/5 7291/7/5 7290/7/5
f 7295/7/5 7291/7/5 7294/7/5
f 7298/7/5 7294/7/5 7293/7/5
f 7299/7/5 7294/7/5 7298/7/5
f 7302/7/5 7297/7/5 7296/7/5
f 7303/7/5 7297/7/5 7302/7/5
f 7306/7/5 7301/7/5 7300/7/5
f 7307/7/5 7301/7/5 7306/7/5
f 7309/7/5 7305/7/5 7304/7/5
f 7310/7/5 7305/7/5 7309/7/5
f 7312/7/5 7309/7/5 7308/7/5
f 7313/7/5 7309/7/5 7312/7/5
f 7314/7/5 7311/7/5 7310/7/5
f 7315/7/5 7311/7/5 7314/7/5
f 7320/7/5 7317/7/5 7316/7/5
f 7321/7/5 7319/7/5 7318/7/5
f 7322/7/5 7320/7/5 7316/7/5
f 7322/7/5 7321/7/5 7320/7/5
f 7323/7/5 7319/7/5 7321/7/5
f 7323/7/5 7321/7/5 7322/7/5
f 7324/7/5 7322/7/5 7316/7/5
f 7325/7/5 7322/7/5 7324/7/5
f 7326/7/5 7319/7/5 7323/7/5
f 7327/7/5 7319/7/5 7326/7/5
f 7332/3/5 7329/3/5 7328/3/5
f 7333/3/5 7329/3/5 7332/3/5
f 7334/3/5 7331/3/5 7330/3/5
f 7335/3/5 7331/3/5 7334/3/5
f 7340/3/5 7337/3/5 7336/3/5
f 7341/3/5 7337/3/5 7340/3/5
f 7342/3/5 7339/3/5 7338/3/5
f 7343/3/5 7339/3/5 7342/3/5
f 7348/3/5 7345/3/5 7344/3/5
f 7349/3/5 7345/3/5 7348/3/5
f 7350/3/5 7347/3/5 7346/3/5
f 7351/3/5 7347/3/5 7350/3/5
f 7352/6/6 7353/6/6 7354/6/6
f 7354/6/6 7353/6/6 7355/6/6
f 7354/1/6 7355/1/6 7356/1/6
f 7356/1/6 7355/1/6 7357/1/6
f 7358/1/6 7359/1/6 7360/1/6
f 7360/1/6 7359/1/6 7361/1/6
f 7358/1/6 7360/1/6 7362/1/6
f 7362/1/6 7360/1/6 7363/1/6
f 7361/1/6 7359/1/6 7364/1/6
f 7364/1/6 7359/1/6 7365/1/6
f 7363/6/6 7364/6/6 7366/6/6
f 7357/1/6 7355/1/6 7369/1/6
f 7355/6/6 7353/6/6 7370/6/6
f 7369/1/6 7355/1/6 7370/1/6
f 7370/6/6 7353/6/6 7371/6/6
f 7369/1/6 7370/1/6 7372/1/6
f 7370/1/6 7371/1/6 7372/1/6
f 7372/1/6 7371/1/6 7373/1/6
f 7366/6/6 7367/6/6 7374/6/6
f 7363/6/6 7366/6/6 7374/6/6
f 7374/6/6 7367/6/6 7375/6/6
f 7368/6/6 7369/6/6 7376/6/6
f 7369/1/6 7372/1/6 7377/1/6
f 7376/6/6 7369/6/6 7377/6/6
f 7358/1/6 7362/1/6 7378/1/6
f 7363/6/6 7374/6/6 7379/6/6
f 7379/6/6 7374/6/6 7380/6/6
f 7378/1/6 7379/1/6 7382/1/6
f 7380/1/6 7381/1/6 7383/1/6
f 7358/1/6 7378/1/6 7384/1/6
f 7382/1/6 7383/1/6 7384/1/6
f 7378/1/6 7382/1/6 7384/1/6
f 7383/1/6 7381/1/6 7385/1/6
f 7384/1/6 7383/1/6 7385/1/6
f 7354/1/6 7356/1/6 7386/1/6
f 7377/1/6 7372/1/6 7387/1/6
f 7352/6/6 7354/6/6 7388/6/6
f 7386/1/6 7387/1/6 7388/1/6
f 7354/1/6 7386/1/6 7388/1/6
f 7387/1/6 7372/1/6 7389/1/6
f 7388/1/6 7387/1/6 7389/1/6
f 7372/6/6 7373/6/6 7389/6/6
f 7352/6/6 7388/6/6 7390/6/6
f 7388/6/6 7389/6/6 7390/6/6
f 7389/6/6 7373/6/6 7391/6/6
f 7390/6/6 7389/6/6 7391/6/6
f 7392/6/6 7393/6/6 7394/6/6
f 7394/6/6 7393/6/6 7395/6/6
f 7396/5/6 7397/5/6 7398/5/6
f 7398/5/6 7397/5/6 7399/5/6
f 7392/6/6 7394/6/6 7400/6/6
f 7395/6/6 7393/6/6 7401/6/6
f 7392/6/6 7400/6/6 7402/6/6
f 7400/6/6 7401/6/6 7402/6/6
f 7401/6/6 7393/6/6 7403/6/6
f 7402/6/6 7401/6/6 7403/6/6
f 7404/6/6 7405/6/6 7406/6/6
f 7406/6/6 7405/6/6 7407/6/6
f 7407/6/6 7405/6/6 7408/6/6
f 7408/6/6 7405/6/6 7409/6/6
f 7404/6/6 7406/6/6 7412/6/6
f 7410/6/6 7411/6/6 7413/6/6
f 7404/6/6 7412/6/6 7414/6/6
f 7412/6/6 7413/6/6 7414/6/6
f 7413/6/6 7411/6/6 7415/6/6
f 7414/6/6 7413/6/6 7415/6/6
f 7416/1/6 7417/1/6 7424/1/6
f 7424/1/6 7417/1/6 7425/1/6
f 7418/1/6 7419/1/6 7426/1/6
f 7426/1/6 7419/1/6 7427/1/6
f 7420/1/6 7421/1/6 7428/1/6
f 7428/1/6 7421/1/6 7429/1/6
f 7422/1/6 7423/1/6 7430/1/6
f 7430/1/6 7423/1/6 7431/1/6
f 7432/1/6 7433/1/6 7436/1/6
f 7436/1/6 7433/1/6 7437/1/6
f 7434/1/6 7435/1/6 7438/1/6
f 7438/1/6 7435/1/6 7439/1/6
f 7440/1/6 7441/1/6 7444/1/6
f 7444/1/6 7441/1/6 7445/1/6
f 7442/1/6 7443/1/6 7446/1/6
f 7446/1/6 7443/1/6 7447/1/6
f 7448/1/6 7449/1/6 7452/1/6
f 7452/1/6 7449/1/6 7453/1/6
f 7450/1/6 7451/1/6 7454/1/6
f 7454/1/6 7451/1/6 7455/1/6
f 7456/1/6 7457/1/6 7460/1/6
f 7460/1/6 7457/1/6 7461/1/6
f 7458/1/6 7459/1/6 7462/1/6
f 7462/1/6 7459/1/6 7463/1/6
f 7464/1/6 7465/1/6 7472/1/6
f 7472/1/6 7465/1/6 7473/1/6
f 7466/1/6 7467/1/6 7474/1/6
f 7474/1/6 7467/1/6 7475/1/6
f 7468/1/6 7469/1/6 7476/1/6
f 7476/1/6 7469/1/6 7477/1/6
f 7470/1/6 7471/1/6 7478/1/6
f 7478/1/6 7471/1/6 7479/1/6
f 7480/7/6 7481/7/6 7482/7/6
f 7482/7/6 7481/7/6 7483/7/6
f 7483/7/6 7481/7/6 7484/7/6
f 7484/7/6 7481/7/6 7485/7/6
f 7483/7/6 7484/7/6 7486/7/6
f 7486/7/6 7484/7/6 7487/7/6
f 7488/7/6 7489/7/6 7492/7/6
f 7490/7/6 7491/7/6 7495/7/6
f 7492/7/6 7493/7/6 7496/7/6
f 7488/7/6 7492/7/6 7496/7/6
f 7496/7/6 7493/7/6 7497/7/6
f 7494/7/6 7495/7/6 7498/7/6
f 7495/7/6 7491/7/6 7499/7/6
f 7498/7/6 7495/7/6 7499/7/6
f 7488/7/6 7496/7/6 7500/7/6
f 7500/7/6 7496/7/6 7501/7/6
f 7499/7/6 7491/7/6 7502/7/6
f 7502/7/6 7491/7/6 7503/7/6
f 7504/7/6 7505/7/6 7507/7/6
f 7507/7/6 7505/7/6 7508/7/6
f 7506/7/6 7507/7/6 7510/7/6
f 7508/7/6 7509/7/6 7510/7/6
f 7507/7/6 7508/7/6 7510/7/6
f 7510/7/6 7509/7/6 7511/7/6
f 7512/7/6 7513/7/6 7516/7/6
f 7516/7/6 7513/7/6 7517/7/6
f 7517/7/6 7513/7/6 7518/7/6
f 7514/7/6 7515/7/6 7521/7/6
f 7521/7/6 7515/7/6 7522/7/6
f 7522/7/6 7515/7/6 7523/7/6
f 7518/7/6 7519/7/6 7526/7/6
f 7517/7/6 7518/7/6 7526/7/6
f 7526/7/6 7519/7/6 7527/7/6
f 7527/7/6 7519/7/6 7528/7/6
f 7521/7/6 7522/7/6 7529/7/6
f 7520/7/6 7521/7/6 7529/7/6
f 7529/7/6 7522/7/6 7530/7/6
f 7530/7/6 7522/7/6 7531/7/6
f 7524/7/6 7525/7/6 7534/7/6
f 7529/7/6 7530/7/6 7536/7/6
f 7527/7/6 7528/7/6 7536/7/6
f 7528/7/6 7529/7/6 7536/7/6
f 7536/7/6 7530/7/6 7537/7/6
f 7537/7/6 7530/7/6 7538/7/6
f 7538/7/6 7530/7/6 7539/7/6
f 7532/7/6 7533/7/6 7541/7/6
f 7534/7/6 7535/7/6 7542/7/6
f 7524/7/6 7534/7/6 7542/7/6
f 7542/7/6 7535/7/6 7543/7/6
f 7543/7/6 7535/7/6 7544/7/6
f 7537/7/6 7538/7/6 7546/7/6
f 7546/7/6 7538/7/6 7547/7/6
f 7540/7/6 7541/7/6 7549/7/6
f 7541/7/6 7533/7/6 7550/7/6
f 7549/7/6 7541/7/6 7550/7/6
f 7550/7/6 7533/7/6 7551/7/6
f 7544/7/6 7545/7/6 7552/7/6
f 7543/7/6 7544/7/6 7552/7/6
f 7552/7/6 7545/7/6 7553/7/6
f 7553/7/6 7545/7/6 7554/7/6
f 7548/7/6 7549/7/6 7557/7/6
f 7549/7/6 7550/7/6 7557/7/6
f 7557/7/6 7550/7/6 7558/7/6
f 7558/7/6 7550/7/6 7559/7/6
f 7554/7/6 7555/7/6 7561/7/6
f 7553/7/6 7554/7/6 7561/7/6
f 7561/7/6 7555/7/6 7562/7/6
f 7562/7/6 7555/7/6 7563/7/6
f 7557/7/6 7558/7/6 7564/7/6
f 7556/7/6 7557/7/6 7564/7/6
f 7564/7/6 7558/7/6 7565/7/6
f 7565/7/6 7558/7/6 7566/7/6
f 7561/7/6 7562/7/6 7569/7/6
f 7560/7/6 7561/7/6 7569/7/6
f 7569/7/6 7562/7/6 7570/7/6
f 7570/7/6 7562/7/6 7571/7/6
f 7566/7/6 7567/7/6 7574/7/6
f 7565/7/6 7566/7/6 7574/7/6
f 7574/7/6 7567/7/6 7575/7/6
f 7575/7/6 7567/7/6 7576/7/6
f 7568/7/6 7569/7/6 7578/7/6
f 7569/7/6 7570/7/6 7578/7/6
f 7578/7/6 7570/7/6 7579/7/6
f 7572/7/6 7573/7/6 7581/7/6
f 7581/7/6 7573/7/6 7582/7/6
f 7576/7/6 7577/7/6 7584/7/6
f 7575/7/6 7576/7/6 7584/7/6
f 7584/7/6 7577/7/6 7585/7/6
f 7568/7/6 7578/7/6 7586/7/6
f 7586/7/6 7578/7/6 7587/7/6
f 7582/7/6 7583/7/6 7589/7/6
f 7581/7/6 7582/7/6 7589/7/6
f 7580/7/6 7581/7/6 7589/7/6
f 7589/7/6 7583/7/6 7590/7/6
f 7590/7/6 7583/7/6 7591/7/6
f 7591/7/6 7583/7/6 7592/7/6
f 7585/7/6 7577/7/6 7594/7/6
f 7594/7/6 7577/7/6 7595/7/6
f 7588/7/6 7589/7/6 7597/7/6
f 7589/7/6 7590/7/6 7597/7/6
f 7597/7/6 7590/7/6 7598/7/6
f 7598/7/6 7590/7/6 7599/7/6
f 7592/7/6 7593/7/6 7600/7/6
f 7591/7/6 7592/7/6 7600/7/6
f 7600/7/6 7593/7/6 7601/7/6
f 7601/7/6 7593/7/6 7602/7/6
f 7597/7/6 7598/7/6 7604/7/6
f 7596/7/6 7597/7/6 7604/7/6
f 7604/7/6 7598/7/6 7605/7/6
f 7602/7/6 7603/7/6 7606/7/6
f 7601/7/6 7602/7/6 7606/7/6
f 7606/7/6 7603/7/6 7607/7/6
f 7608/7/6 7609/7/6 7613/7/6
f 7613/7/6 7609/7/6 7614/7/6
f 7610/7/6 7611/7/6 7617/7/6
f 7617/7/6 7611/7/6 7618/7/6
f 7614/7/6 7615/7/6 7620/7/6
f 7612/7/6 7613/7/6 7620/7/6
f 7613/7/6 7614/7/6 7620/7/6
f 7620/7/6 7615/7/6 7621/7/6
f 7621/7/6 7615/7/6 7622/7/6
f 7618/7/6 7619/7/6 7625/7/6
f 7617/7/6 7618/7/6 7625/7/6
f 7616/7/6 7617/7/6 7625/7/6
f 7625/7/6 7619/7/6 7626/7/6
f 7626/7/6 7619/7/6 7627/7/6
f 7622/7/6 7623/7/6 7628/7/6
f 7621/7/6 7622/7/6 7628/7/6
f 7628/7/6 7623/7/6 7629/7/6
f 7629/7/6 7623/7/6 7630/7/6
f 7630/7/6 7623/7/6 7631/7/6
f 7625/7/6 7626/7/6 7634/7/6
f 7624/7/6 7625/7/6 7634/7/6
f 7634/7/6 7626/7/6 7635/7/6
f 7635/7/6 7626/7/6 7636/7/6
f 7636/7/6 7626/7/6 7637/7/6
f 7629/7/6 7630/7/6 7638/7/6
f 7638/7/6 7630/7/6 7639/7/6
f 7631/7/6 7632/7/6 7640/7/6
f 7640/7/6 7632/7/6 7641/7/6
f 7633/7/6 7634/7/6 7642/7/6
f 7642/7/6 7634/7/6 7643/7/6
f 7635/7/6 7636/7/6 7644/7/6
f 7644/7/6 7636/7/6 7645/7/6
f 7639/7/6 7640/7/6 7646/7/6
f 7646/7/6 7640/7/6 7647/7/6
f 7641/7/6 7642/7/6 7648/7/6
f 7648/7/6 7642/7/6 7649/7/6
f 7649/7/6 7642/7/6 7650/7/6
f 7650/7/6 7642/7/6 7651/7/6
f 7643/7/6 7644/7/6 7652/7/6
f 7652/7/6 7644/7/6 7653/7/6
f 7647/7/6 7648/7/6 7654/7/6
f 7649/7/6 7650/7/6 7655/7/6
f 7655/7/6 7650/7/6 7656/7/6
f 7651/7/6 7652/7/6 7657/7/6
f 7647/7/6 7654/7/6 7658/7/6
f 7654/7/6 7655/7/6 7658/7/6
f 7658/7/6 7655/7/6 7659/7/6
f 7656/7/6 7657/7/6 7660/7/6
f 7657/7/6 7652/7/6 7661/7/6
f 7660/7/6 7657/7/6 7661/7/6
f 7647/7/6 7658/7/6 7663/7/6
f 7663/7/6 7658/7/6 7664/7/6
f 7659/7/6 7660/7/6 7665/7/6
f 7665/7/6 7660/7/6 7666/7/6
f 7661/7/6 7652/7/6 7667/7/6
f 7667/7/6 7652/7/6 7668/7/6
f 7662/7/6 7663/7/6 7671/7/6
f 7671/7/6 7663/7/6 7672/7/6
f 7665/7/6 7666/7/6 7673/7/6
f 7666/7/6 7667/7/6 7673/7/6
f 7664/7/6 7665/7/6 7673/7/6
f 7673/7/6 7667/7/6 7674/7/6
f 7668/7/6 7669/7/6 7675/7/6
f 7675/7/6 7669/7/6 7676/7/6
f 7670/7/6 7671/7/6 7679/7/6
f 7679/7/6 7671/7/6 7680/7/6
f 7672/7/6 7673/7/6 7681/7/6
f 7681/7/6 7673/7/6 7682/7/6
f 7674/7/6 7675/7/6 7683/7/6
f 7683/7/6 7675/7/6 7684/7/6
f 7676/7/6 7677/7/6 7685/7/6
f 7685/7/6 7677/7/6 7686/7/6
f 7679/7/6 7680/7/6 7689/7/6
f 7678/7/6 7679/7/6 7689/7/6
f 7680/7/6 7681/7/6 7689/7/6
f 7689/7/6 7681/7/6 7690/7/6
f 7690/7/6 7681/7/6 7691/7/6
f 7685/7/6 7686/7/6 7692/7/6
f 7686/7/6 7687/7/6 7692/7/6
f 7684/7/6 7685/7/6 7692/7/6
f 7692/7/6 7687/7/6 7693/7/6
f 7693/7/6 7687/7/6 7694/7/6
f 7689/7/6 7690/7/6 7696/7/6
f 7688/7/6 7689/7/6 7696/7/6
f 7696/7/6 7690/7/6 7697/7/6
f 7697/7/6 7690/7/6 7698/7/6
f 7698/7/6 7690/7/6 7699/7/6
f 7694/7/6 7695/7/6 7700/7/6
f 7693/7/6 7694/7/6 7700/7/6
f 7700/7/6 7695/7/6 7701/7/6
f 7701/7/6 7695/7/6 7702/7/6
f 7702/7/6 7695/7/6 7703/7/6
f 7697/7/6 7698/7/6 7704/7/6
f 7704/7/6 7698/7/6 7705/7/6
f 7701/7/6 7702/7/6 7706/7/6
f 7706/7/6 7702/7/6 7707/7/6
f 7708/7/6 7709/7/6 7712/7/6
f 7712/7/6 7709/7/6 7713/7/6
f 7710/7/6 7711/7/6 7714/7/6
f 7714/7/6 7711/7/6 7715/7/6
f 7716/7/6 7717/7/6 7720/7/6
f 7720/7/6 7717/7/6 7721/7/6
f 7718/7/6 7719/7/6 7724/7/6
f 7724/7/6 7719/7/6 7725/7/6
f 7721/7/6 7722/7/6 7726/7/6
f 7726/7/6 7722/7/6 7727/7/6
f 7723/7/6 7724/7/6 7730/7/6
f 7730/7/6 7724/7/6 7731/7/6
f 7727/7/6 7728/7/6 7732/7/6
f 7732/7/6 7728/7/6 7733/7/6
f 7729/7/6 7730/7/6 7740/7/6
f 7740/7/6 7730/7/6 7741/7/6
f 7734/1/6 7735/1/6 7742/1/6
f 7742/1/6 7735/1/6 7743/1/6
f 7736/1/6 7737/1/6 7744/1/6
f 7744/1/6 7737/1/6 7745/1/6
f 7738/1/6 7739/1/6 7746/1/6
f 7746/1/6 7739/1/6 7747/1/6
f 7748/1/6 7749/1/6 7752/1/6
f 7752/1/6 7749/1/6 7753/1/6
f 7750/1/6 7751/1/6 7754/1/6
f 7754/1/6 7751/1/6 7755/1/6
f 7756/1/6 7757/1/6 7760/1/6
f 7760/1/6 7757/1/6 7761/1/6
f 7758/1/6 7759/1/6 7762/1/6
f 7762/1/6 7759/1/6 7763/1/6
f 7764/1/6 7765/1/6 7768/1/6
f 7768/1/6 7765/1/6 7769/1/6
f 7766/1/6 7767/1/6 7770/1/6
f 7770/1/6 7767/1/6 7771/1/6
f 7772/1/6 7773/1/6 7780/1/6
f 7780/1/6 7773/1/6 7781/1/6
f 7774/1/6 7775/1/6 7782/1/6
f 7782/1/6 7775/1/6 7783/1/6
f 7776/1/6 7777/1/6 7784/1/6
f 7784/1/6 7777/1/6 7785/1/6
f 7778/7/6 7779/7/6 7789/7/6
f 7789/7/6 7779/7/6 7790/7/6
f 7786/7/6 7787/7/6 7791/7/6
f 7791/7/6 7787/7/6 7792/7/6
f 7788/7/6 7789/7/6 7795/7/6
f 7795/7/6 7789/7/6 7796/7/6
f 7792/7/6 7793/7/6 7797/7/6
f 7797/7/6 7793/7/6 7798/7/6
f 7794/7/6 7795/7/6 7800/7/6
f 7800/7/6 7795/7/6 7801/7/6
f 7798/7/6 7799/7/6 7802/7/6
f 7802/7/6 7799/7/6 7803/7/6
f 7804/7/6 7805/7/6 7808/7/6
f 7808/7/6 7805/7/6 7809/7/6
f 7806/7/6 7807/7/6 7810/7/6
f 7810/7/6 7807/7/6 7811/7/6
f 7812/7/6 7813/7/6 7814/7/6
f 7814/7/6 7813/7/6 7815/7/6
f 7815/7/6 7813/7/6 7816/7/6
f 7816/7/6 7813/7/6 7817/7/6
f 7815/7/6 7816/7/6 7818/7/6
f 7818/7/6 7816/7/6 7819/7/6
f 7820/7/6 7821/7/6 7824/7/6
f 7822/7/6 7823/7/6 7827/7/6
f 7824/7/6 7825/7/6 7828/7/6
f 7820/7/6 7824/7/6 7828/7/6
f 7828/7/6 7825/7/6 7829/7/6
f 7826/7/6 7827/7/6 7830/7/6
f 7827/7/6 7823/7/6 7831/7/6
f 7830/7/6 7827/7/6 7831/7/6
f 7820/7/6 7828/7/6 7832/7/6
f 7832/7/6 7828/7/6 7833/7/6
f 7831/7/6 7823/7/6 7834/7/6
f 7834/7/6 7823/7/6 7835/7/6
f 7836/7/6 7837/7/6 7839/7/6
f 7839/7/6 7837/7/6 7840/7/6
f 7838/7/6 7839/7/6 7842/7/6
f 7840/7/6 7841/7/6 7842/7/6
f 7839/7/6 7840/7/6 7842/7/6
f 7842/7/6 7841/7/6 7843/7/6
f 7844/7/6 7845/7/6 7848/7/6
f 7848/7/6 7845/7/6 7849/7/6
f 7849/7/6 7845/7/6 7850/7/6
f 7846/7/6 7847/7/6 7853/7/6
f 7853/7/6 7847/7/6 7854/7/6
f 7854/7/6 7847/7/6 7855/7/6
f 7850/7/6 7851/7/6 7858/7/6
f 7849/7/6 7850/7/6 7858/7/6
f 7858/7/6 7851/7/6 7859/7/6
f 7859/7/6 7851/7/6 7860/7/6
f 7853/7/6 7854/7/6 7861/7/6
f 7852/7/6 7853/7/6 7861/7/6
f 7861/7/6 7854/7/6 7862/7/6
f 7862/7/6 7854/7/6 7863/7/6
f 7856/7/6 7857/7/6 7866/7/6
f 7861/7/6 7862/7/6 7868/7/6
f 7859/7/6 7860/7/6 7868/7/6
f 7860/7/6 7861/7/6 7868/7/6
f 7868/7/6 7862/7/6 7869/7/6
f 7869/7/6 7862/7/6 7870/7/6
f 7870/7/6 7862/7/6 7871/7/6
f 7864/7/6 7865/7/6 7873/7/6
f 7866/7/6 7867/7/6 7874/7/6
f 7856/7/6 7866/7/6 7874/7/6
f 7874/7/6 7867/7/6 7875/7/6
f 7875/7/6 7867/7/6 7876/7/6
f 7869/7/6 7870/7/6 7878/7/6
f 7878/7/6 7870/7/6 7879/7/6
f 7872/7/6 7873/7/6 7881/7/6
f 7873/7/6 7865/7/6 7882/7/6
f 7881/7/6 7873/7/6 7882/7/6
f 7882/7/6 7865/7/6 7883/7/6
f 7876/7/6 7877/7/6 7884/7/6
f 7875/7/6 7876/7/6 7884/7/6
f 7884/7/6 7877/7/6 7885/7/6
f 7885/7/6 7877/7/6 7886/7/6
f 7880/7/6 7881/7/6 7889/7/6
f 7881/7/6 7882/7/6 7889/7/6
f 7889/7/6 7882/7/6 7890/7/6
f 7890/7/6 7882/7/6 7891/7/6
f 7886/7/6 7887/7/6 7893/7/6
f 7885/7/6 7886/7/6 7893/7/6
f 7893/7/6 7887/7/6 7894/7/6
f 7894/7/6 7887/7/6 7895/7/6
f 7889/7/6 7890/7/6 7896/7/6
f 7888/7/6 7889/7/6 7896/7/6
f 7896/7/6 7890/7/6 7897/7/6
f 7897/7/6 7890/7/6 7898/7/6
f 7893/7/6 7894/7/6 7901/7/6
f 7892/7/6 7893/7/6 7901/7/6
f 7901/7/6 7894/7/6 7902/7/6
f 7902/7/6 7894/7/6 7903/7/6
f 7898/7/6 7899/7/6 7906/7/6
f 7897/7/6 7898/7/6 7906/7/6
f 7906/7/6 7899/7/6 7907/7/6
f 7907/7/6 7899/7/6 7908/7/6
f 7900/7/6 7901/7/6 7910/7/6
f 7901/7/6 7902/7/6 7910/7/6
f 7910/7/6 7902/7/6 7911/7/6
f 7904/7/6 7905/7/6 7913/7/6
f 7913/7/6 7905/7/6 7914/7/6
f 7908/7/6 7909/7/6 7916/7/6
f 7907/7/6 7908/7/6 7916/7/6
f 7916/7/6 7909/7/6 7917/7/6
f 7900/7/6 7910/7/6 7918/7/6
f 7918/7/6 7910/7/6 7919/7/6
f 7914/7/6 7915/7/6 7921/7/6
f 7913/7/6 7914/7/6 7921/7/6
f 7912/7/6 7913/7/6 7921/7/6
f 7921/7/6 7915/7/6 7922/7/6
f 7922/7/6 7915/7/6 7923/7/6
f 7923/7/6 7915/7/6 7924/7/6
f 7917/7/6 7909/7/6 7926/7/6
f 7926/7/6 7909/7/6 7927/7/6
f 7920/7/6 7921/7/6 7929/7/6
f 7921/7/6 7922/7/6 7929/7/6
f 7929/7/6 7922/7/6 7930/7/6
f 7930/7/6 7922/7/6 7931/7/6
f 7924/7/6 7925/7/6 7932/7/6
f 7923/7/6 7924/7/6 7932/7/6
f 7932/7/6 7925/7/6 7933/7/6
f 7933/7/6 7925/7/6 7934/7/6
f 7929/7/6 7930/7/6 7936/7/6
f 7928/7/6 7929/7/6 7936/7/6
f 7936/7/6 7930/7/6 7937/7/6
f 7934/7/6 7935/7/6 7938/7/6
f 7933/7/6 7934/7/6 7938/7/6
f 7938/7/6 7935/7/6 7939/7/6
f 7940/7/6 7941/7/6 7945/7/6
f 7945/7/6 7941/7/6 7946/7/6
f 7942/7/6 7943/7/6 7949/7/6
f 7949/7/6 7943/7/6 7950/7/6
f 7946/7/6 7947/7/6 7952/7/6
f 7944/7/6 7945/7/6 7952/7/6
f 7945/7/6 7946/7/6 7952/7/6
f 7952/7/6 7947/7/6 7953/7/6
f 7953/7/6 7947/7/6 7954/7/6
f 7950/7/6 7951/7/6 7957/7/6
f 7949/7/6 7950/7/6 7957/7/6
f 7948/7/6 7949/7/6 7957/7/6
f 7957/7/6 7951/7/6 7958/7/6
f 7958/7/6 7951/7/6 7959/7/6
f 7954/7/6 7955/7/6 7960/7/6
f 7953/7/6 7954/7/6 7960/7/6
f 7960/7/6 7955/7/6 7961/7/6
f 7961/7/6 7955/7/6 7962/7/6
f 7962/7/6 7955/7/6 7963/7/6
f 7957/7/6 7958/7/6 7966/7/6
f 7956/7/6 7957/7/6 7966/7/6
f 7966/7/6 7958/7/6 7967/7/6
f 7967/7/6 7958/7/6 7968/7/6
f 7968/7/6 7958/7/6 7969/7/6
f 7961/7/6 7962/7/6 7970/7/6
f 7970/7/6 7962/7/6 7971/7/6
f 7963/7/6 7964/7/6 7972/7/6
f 7972/7/6 7964/7/6 7973/7/6
f 7965/7/6 7966/7/6 7974/7/6
f 7974/7/6 7966/7/6 7975/7/6
f 7967/7/6 7968/7/6 7976/7/6
f 7976/7/6 7968/7/6 7977/7/6
f 7971/7/6 7972/7/6 7978/7/6
f 7978/7/6 7972/7/6 7979/7/6
f 7973/7/6 7974/7/6 7980/7/6
f 7980/7/6 7974/7/6 7981/7/6
f 7981/7/6 7974/7/6 7982/7/6
f 7982/7/6 7974/7/6 7983/7/6
f 7975/7/6 7976/7/6 7984/7/6
f 7984/7/6 7976/7/6 7985/7/6
f 7979/7/6 7980/7/6 7986/7/6
f 7981/7/6 7982/7/6 7987/7/6
f 7987/7/6 7982/7/6 7988/7/6
f 7983/7/6 7984/7/6 7989/7/6
f 7979/7/6 7986/7/6 7990/7/6
f 7986/7/6 7987/7/6 7990/7/6
f 7990/7/6 7987/7/6 7991/7/6
f 7988/7/6 7989/7/6 7992/7/6
f 7989/7/6 7984/7/6 7993/7/6
f 7992/7/6 7989/7/6 7993/7/6
f 7979/7/6 7990/7/6 7995/7/6
f 7995/7/6 7990/7/6 7996/7/6
f 7991/7/6 7992/7/6 7997/7/6
f 7997/7/6 7992/7/6 7998/7/6
f 7993/7/6 7984/7/6 7999/7/6
f 7999/7/6 7984/7/6 8000/7/6
f 7994/7/6 7995/7/6 8003/7/6
f 8003/7/6 7995/7/6 8004/7/6
f 7997/7/6 7998/7/6 8005/7/6
f 7998/7/6 7999/7/6 8005/7/6
f 7996/7/6 7997/7/6 8005/7/6
f 8005/7/6 7999/7/6 8006/7/6
f 8000/7/6 8001/7/6 8007/7/6
f 8007/7/6 8001/7/6 8008/7/6
f 8002/7/6 8003/7/6 8011/7/6
f 8011/7/6 8003/7/6 8012/7/6
f 8004/7/6 8005/7/6 8013/7/6
f 8013/7/6 8005/7/6 8014/7/6
f 8006/7/6 8007/7/6 8015/7/6
f 8015/7/6 8007/7/6 8016/7/6
f 8008/7/6 8009/7/6 8017/7/6
f 8017/7/6 8009/7/6 8018/7/6
f 8011/7/6 8012/7/6 8021/7/6
f 8010/7/6 8011/7/6 8021/7/6
f 8012/7/6 8013/7/6 8021/7/6
f 8021/7/6 8013/7/6 8022/7/6
f 8022/7/6 8013/7/6 8023/7/6
f 8017/7/6 8018/7/6 8024/7/6
f 8018/7/6 8019/7/6 8024/7/6
f 8016/7/6 8017/7/6 8024/7/6
f 8024/7/6 8019/7/6 8025/7/6
f 8025/7/6 8019/7/6 8026/7/6
f 8021/7/6 8022/7/6 8028/7/6
f 8020/7/6 8021/7/6 8028/7/6
f 8028/7/6 8022/7/6 8029/7/6
f 8029/7/6 8022/7/6 8030/7/6
f 8030/7/6 8022/7/6 8031/7/6
f 8026/7/6 8027/7/6 8032/7/6
f 8025/7/6 8026/7/6 8032/7/6
f 8032/7/6 8027/7/6 8033/7/6
f 8033/7/6 8027/7/6 8034/7/6
f 8034/7/6 8027/7/6 8035/7/6
f 8029/7/6 8030/7/6 8036/7/6
f 8036/7/6 8030/7/6 8037/7/6
f 8033/7/6 8034/7/6 8038/7/6
f 8038/7/6 8034/7/6 8039/7/6
f 8040/7/6 8041/7/6 8044/7/6
f 8044/7/6 8041/7/6 8045/7/6
f 8042/7/6 8043/7/6 8046/7/6
f 8046/7/6 8043/7/6 8047/7/6
f 8048/7/6 8049/7/6 8052/7/6
f 8052/7/6 8049/7/6 8053/7/6
f 8050/7/6 8051/7/6 8056/7/6
f 8056/7/6 8051/7/6 8057/7/6
f 8053/7/6 8054/7/6 8058/7/6
f 8058/7/6 8054/7/6 8059/7/6
f 8055/7/6 8056/7/6 8062/7/6
f 8062/7/6 8056/7/6 8063/7/6
f 8059/7/6 8060/7/6 8064/7/6
f 8064/7/6 8060/7/6 8065/7/6
f 8061/7/6 8062/7/6 8072/7/6
f 8072/7/6 8062/7/6 8073/7/6
f 8066/1/6 8067/1/6 8074/1/6
f 8074/1/6 8067/1/6 8075/1/6
f 8068/1/6 8069/1/6 8076/1/6
f 8076/1/6 8069/1/6 8077/1/6
f 8070/1/6 8071/1/6 8078/1/6
f 8078/1/6 8071/1/6 8079/1/6
f 8080/1/6 8081/1/6 8084/1/6
f 8084/1/6 8081/1/6 8085/1/6
f 8082/1/6 8083/1/6 8086/1/6
f 8086/1/6 8083/1/6 8087/1/6
f 8088/1/6 8089/1/6 8092/1/6
f 8092/1/6 8089/1/6 8093/1/6
f 8090/1/6 8091/1/6 8094/1/6
f 8094/1/6 8091/1/6 8095/1/6
f 8096/1/6 8097/1/6 8100/1/6
f 8100/1/6 8097/1/6 8101/1/6
f 8098/1/6 8099/1/6 8102/1/6
f 8102/1/6 8099/1/6 8103/1/6
f 8104/1/6 8105/1/6 8112/1/6
f 8112/1/6 8105/1/6 8113/1/6
f 8106/1/6 8107/1/6 8114/1/6
f 8114/1/6 8107/1/6 8115/1/6
f 8108/1/6 8109/1/6 8116/1/6
f 8116/1/6 8109/1/6 8117/1/6
f 8110/7/6 8111/7/6 8121/7/6
f 8121/7/6 8111/7/6 8122/7/6
f 8118/7/6 8119/7/6 8123/7/6
f 8123/7/6 8119/7/6 8124/7/6
f 8120/7/6 8121/7/6 8127/7/6
f 8127/7/6 8121/7/6 8128/7/6
f 8124/7/6 8125/7/6 8129/7/6
f 8129/7/6 8125/7/6 8130/7/6
f 8126/7/6 8127/7/6 8132/7/6
f 8132/7/6 8127/7/6 8133/7/6
f 8130/7/6 8131/7/6 8134/7/6
f 8134/7/6 8131/7/6 8135/7/6
f 8136/7/6 8137/7/6 8140/7/6
f 8140/7/6 8137/7/6 8141/7/6
f 8138/7/6 8139/7/6 8142/7/6
f 8142/7/6 8139/7/6 8143/7/6
f 8144/7/6 8145/7/6 8146/7/6
f 8146/7/6 8145/7/6 8147/7/6
f 8147/7/6 8145/7/6 8148/7/6
f 8148/7/6 8145/7/6 8149/7/6
f 8147/7/6 8148/7/6 8150/7/6
f 8150/7/6 8148/7/6 8151/7/6
f 8152/7/6 8153/7/6 8156/7/6
f 8154/7/6 8155/7/6 8159/7/6
f 8156/7/6 8157/7/6 8160/7/6
f 8152/7/6 8156/7/6 8160/7/6
f 8160/7/6 8157/7/6 8161/7/6
f 8158/7/6 8159/7/6 8162/7/6
f 8159/7/6 8155/7/6 8163/7/6
f 8162/7/6 8159/7/6 8163/7/6
f 8152/7/6 8160/7/6 8164/7/6
f 8164/7/6 8160/7/6 8165/7/6
f 8163/7/6 8155/7/6 8166/7/6
f 8166/7/6 8155/7/6 8167/7/6
f 8168/7/6 8169/7/6 8171/7/6
f 8171/7/6 8169/7/6 8172/7/6
f 8170/7/6 8171/7/6 8174/7/6
f 8172/7/6 8173/7/6 8174/7/6
f 8171/7/6 8172/7/6 8174/7/6
f 8174/7/6 8173/7/6 8175/7/6
f 8176/7/6 8177/7/6 8180/7/6
f 8180/7/6 8177/7/6 8181/7/6
f 8181/7/6 8177/7/6 8182/7/6
f 8178/7/6 8179/7/6 8185/7/6
f 8185/7/6 8179/7/6 8186/7/6
f 8186/7/6 8179/7/6 8187/7/6
f 8182/7/6 8183/7/6 8190/7/6
f 8181/7/6 8182/7/6 8190/7/6
f 8190/7/6 8183/7/6 8191/7/6
f 8191/7/6 8183/7/6 8192/7/6
f 8185/7/6 8186/7/6 8193/7/6
f 8184/7/6 8185/7/6 8193/7/6
f 8193/7/6 8186/7/6 8194/7/6
f 8194/7/6 8186/7/6 8195/7/6
f 8188/7/6 8189/7/6 8198/7/6
f 8193/7/6 8194/7/6 8200/7/6
f 8191/7/6 8192/7/6 8200/7/6
f 8192/7/6 8193/7/6 8200/7/6
f 8200/7/6 8194/7/6 8201/7/6
f 8201/7/6 8194/7/6 8202/7/6
f 8202/7/6 8194/7/6 8203/7/6
f 8203/7/6 8194/7/6 8204/7/6
f 8204/7/6 8194/7/6 8205/7/6
f 8205/7/6 8194/7/6 8206/7/6
f 8206/7/6 8194/7/6 8207/7/6
f 8196/7/6 8197/7/6 8209/7/6
f 8198/7/6 8199/7/6 8210/7/6
f 8188/7/6 8198/7/6 8210/7/6
f 8210/7/6 8199/7/6 8211/7/6
f 8211/7/6 8199/7/6 8212/7/6
f 8201/7/6 8202/7/6 8214/7/6
f 8214/7/6 8202/7/6 8215/7/6
f 8203/7/6 8204/7/6 8216/7/6
f 8216/7/6 8204/7/6 8217/7/6
f 8205/7/6 8206/7/6 8218/7/6
f 8218/7/6 8206/7/6 8219/7/6
f 8208/7/6 8209/7/6 8221/7/6
f 8209/7/6 8197/7/6 8222/7/6
f 8221/7/6 8209/7/6 8222/7/6
f 8222/7/6 8197/7/6 8223/7/6
f 8212/7/6 8213/7/6 8224/7/6
f 8211/7/6 8212/7/6 8224/7/6
f 8224/7/6 8213/7/6 8225/7/6
f 8225/7/6 8213/7/6 8226/7/6
f 8220/7/6 8221/7/6 8229/7/6
f 8221/7/6 8222/7/6 8229/7/6
f 8229/7/6 8222/7/6 8230/7/6
f 8230/7/6 8222/7/6 8231/7/6
f 8226/7/6 8227/7/6 8233/7/6
f 8225/7/6 8226/7/6 8233/7/6
f 8233/7/6 8227/7/6 8234/7/6
f 8234/7/6 8227/7/6 8235/7/6
f 8229/7/6 8230/7/6 8236/7/6
f 8228/7/6 8229/7/6 8236/7/6
f 8236/7/6 8230/7/6 8237/7/6
f 8237/7/6 8230/7/6 8238/7/6
f 8233/7/6 8234/7/6 8241/7/6
f 8232/7/6 8233/7/6 8241/7/6
f 8241/7/6 8234/7/6 8242/7/6
f 8242/7/6 8234/7/6 8243/7/6
f 8238/7/6 8239/7/6 8250/7/6
f 8237/7/6 8238/7/6 8250/7/6
f 8250/7/6 8239/7/6 8251/7/6
f 8251/7/6 8239/7/6 8252/7/6
f 8240/7/6 8241/7/6 8254/7/6
f 8241/7/6 8242/7/6 8254/7/6
f 8254/7/6 8242/7/6 8255/7/6
f 8244/7/6 8245/7/6 8257/7/6
f 8257/7/6 8245/7/6 8258/7/6
f 8246/7/6 8247/7/6 8259/7/6
f 8259/7/6 8247/7/6 8260/7/6
f 8248/7/6 8249/7/6 8261/7/6
f 8261/7/6 8249/7/6 8262/7/6
f 8251/7/6 8252/7/6 8264/7/6
f 8252/7/6 8253/7/6 8264/7/6
f 8264/7/6 8253/7/6 8265/7/6
f 8240/7/6 8254/7/6 8266/7/6
f 8266/7/6 8254/7/6 8267/7/6
f 8259/7/6 8260/7/6 8269/7/6
f 8257/7/6 8258/7/6 8269/7/6
f 8262/7/6 8263/7/6 8269/7/6
f 8260/7/6 8261/7/6 8269/7/6
f 8261/7/6 8262/7/6 8269/7/6
f 8258/7/6 8259/7/6 8269/7/6
f 8256/7/6 8257/7/6 8269/7/6
f 8269/7/6 8263/7/6 8270/7/6
f 8270/7/6 8263/7/6 8271/7/6
f 8271/7/6 8263/7/6 8272/7/6
f 8265/7/6 8253/7/6 8274/7/6
f 8274/7/6 8253/7/6 8275/7/6
f 8268/7/6 8269/7/6 8277/7/6
f 8269/7/6 8270/7/6 8277/7/6
f 8277/7/6 8270/7/6 8278/7/6
f 8278/7/6 8270/7/6 8279/7/6
f 8272/7/6 8273/7/6 8280/7/6
f 8271/7/6 8272/7/6 8280/7/6
f 8280/7/6 8273/7/6 8281/7/6
f 8281/7/6 8273/7/6 8282/7/6
f 8277/7/6 8278/7/6 8284/7/6
f 8276/7/6 8277/7/6 8284/7/6
f 8284/7/6 8278/7/6 8285/7/6
f 8282/7/6 8283/7/6 8286/7/6
f 8281/7/6 8282/7/6 8286/7/6
f 8286/7/6 8283/7/6 8287/7/6
f 8288/7/6 8289/7/6 8293/7/6
f 8293/7/6 8289/7/6 8294/7/6
f 8290/7/6 8291/7/6 8297/7/6
f 8297/7/6 8291/7/6 8298/7/6
f 8294/7/6 8295/7/6 8300/7/6
f 8292/7/6 8293/7/6 8300/7/6
f 8293/7/6 8294/7/6 8300/7/6
f 8300/7/6 8295/7/6 8301/7/6
f 8301/7/6 8295/7/6 8302/7/6
f 8298/7/6 8299/7/6 8305/7/6
f 8297/7/6 8298/7/6 8305/7/6
f 8296/7/6 8297/7/6 8305/7/6
f 8305/7/6 8299/7/6 8306/7/6
f 8306/7/6 8299/7/6 8307/7/6
f 8302/7/6 8303/7/6 8308/7/6
f 8301/7/6 8302/7/6 8308/7/6
f 8308/7/6 8303/7/6 8309/7/6
f 8309/7/6 8303/7/6 8310/7/6
f 8310/7/6 8303/7/6 8311/7/6
f 8305/7/6 8306/7/6 8318/7/6
f 8304/7/6 8305/7/6 8318/7/6
f 8318/7/6 8306/7/6 8319/7/6
f 8319/7/6 8306/7/6 8320/7/6
f 8320/7/6 8306/7/6 8321/7/6
f 8309/7/6 8310/7/6 8322/7/6
f 8322/7/6 8310/7/6 8323/7/6
f 8311/7/6 8312/7/6 8324/7/6
f 8324/7/6 8312/7/6 8325/7/6
f 8313/7/6 8314/7/6 8326/7/6
f 8326/7/6 8314/7/6 8327/7/6
f 8315/7/6 8316/7/6 8328/7/6
f 8328/7/6 8316/7/6 8329/7/6
f 8317/7/6 8318/7/6 8330/7/6
f 8330/7/6 8318/7/6 8331/7/6
f 8319/7/6 8320/7/6 8332/7/6
f 8332/7/6 8320/7/6 8333/7/6
f 8323/7/6 8324/7/6 8334/7/6
f 8334/7/6 8324/7/6 8335/7/6
f 8325/7/6 8326/7/6 8336/7/6
f 8336/7/6 8326/7/6 8337/7/6
f 8329/7/6 8330/7/6 8340/7/6
f 8340/7/6 8330/7/6 8341/7/6
f 8331/7/6 8332/7/6 8342/7/6
f 8342/7/6 8332/7/6 8343/7/6
f 8335/7/6 8336/7/6 8344/7/6
f 8344/7/6 8336/7/6 8345/7/6
f 8337/7/6 8338/7/6 8346/7/6
f 8346/7/6 8338/7/6 8347/7/6
f 8327/7/6 8328/7/6 8348/7/6
f 8348/7/6 8328/7/6 8349/7/6
f 8339/7/6 8340/7/6 8350/7/6
f 8350/7/6 8340/7/6 8351/7/6
f 8341/7/6 8342/7/6 8352/7/6
f 8352/7/6 8342/7/6 8353/7/6
f 8354/7/6 8355/7/6 8358/7/6
f 8358/7/6 8355/7/6 8359/7/6
f 8356/7/6 8357/7/6 8360/7/6
f 8360/7/6 8357/7/6 8361/7/6
f 8362/7/6 8363/7/6 8369/7/6
f 8369/7/6 8363/7/6 8370/7/6
f 8366/7/6 8367/7/6 8373/7/6
f 8373/7/6 8367/7/6 8374/7/6
f 8368/7/6 8369/7/6 8377/7/6
f 8377/7/6 8369/7/6 8378/7/6
f 8370/7/6 8371/7/6 8379/7/6
f 8379/7/6 8371/7/6 8380/7/6
f 8364/7/6 8365/7/6 8381/7/6
f 8381/7/6 8365/7/6 8382/7/6
f 8372/7/6 8373/7/6 8383/7/6
f 8383/7/6 8373/7/6 8384/7/6
f 8374/7/6 8375/7/6 8385/7/6
f 8385/7/6 8375/7/6 8386/7/6
f 8376/7/6 8377/7/6 8389/7/6
f 8389/7/6 8377/7/6 8390/7/6
f 8378/7/6 8379/7/6 8391/7/6
f 8391/7/6 8379/7/6 8392/7/6
f 8380/7/6 8381/7/6 8393/7/6
f 8393/7/6 8381/7/6 8394/7/6
f 8382/7/6 8383/7/6 8395/7/6
f 8395/7/6 8383/7/6 8396/7/6
f 8384/7/6 8385/7/6 8397/7/6
f 8397/7/6 8385/7/6 8398/7/6
f 8386/7/6 8387/7/6 8399/7/6
f 8399/7/6 8387/7/6 8400/7/6
f 8389/7/6 8390/7/6 8403/7/6
f 8388/7/6 8389/7/6 8403/7/6
f 8390/7/6 8391/7/6 8403/7/6
f 8403/7/6 8391/7/6 8404/7/6
f 8404/7/6 8391/7/6 8405/7/6
f 8399/7/6 8400/7/6 8406/7/6
f 8400/7/6 8401/7/6 8406/7/6
f 8398/7/6 8399/7/6 8406/7/6
f 8406/7/6 8401/7/6 8407/7/6
f 8407/7/6 8401/7/6 8408/7/6
f 8403/7/6 8404/7/6 8410/7/6
f 8402/7/6 8403/7/6 8410/7/6
f 8410/7/6 8404/7/6 8411/7/6
f 8411/7/6 8404/7/6 8412/7/6
f 8412/7/6 8404/7/6 8413/7/6
f 8408/7/6 8409/7/6 8414/7/6
f 8407/7/6 8408/7/6 8414/7/6
f 8414/7/6 8409/7/6 8415/7/6
f 8415/7/6 8409/7/6 8416/7/6
f 8416/7/6 8409/7/6 8417/7/6
f 8411/7/6 8412/7/6 8418/7/6
f 8418/7/6 8412/7/6 8419/7/6
f 8415/7/6 8416/7/6 8420/7/6
f 8420/7/6 8416/7/6 8421/7/6
f 8422/7/6 8423/7/6 8426/7/6
f 8426/7/6 8423/7/6 8427/7/6
f 8424/7/6 8425/7/6 8428/7/6
f 8428/7/6 8425/7/6 8429/7/6
f 8430/7/6 8431/7/6 8434/7/6
f 8434/7/6 8431/7/6 8435/7/6
f 8432/7/6 8433/7/6 8442/7/6
f 8442/7/6 8433/7/6 8443/7/6
f 8435/7/6 8436/7/6 8444/7/6
f 8444/7/6 8436/7/6 8445/7/6
f 8437/7/6 8438/7/6 8446/7/6
f 8446/7/6 8438/7/6 8447/7/6
f 8439/7/6 8440/7/6 8448/7/6
f 8448/7/6 8440/7/6 8449/7/6
f 8441/7/6 8442/7/6 8450/7/6
f 8450/7/6 8442/7/6 8451/7/6
f 8445/7/6 8446/7/6 8453/7/6
f 8449/7/6 8450/7/6 8456/7/6
f 8452/7/6 8453/7/6 8458/7/6
f 8453/7/6 8446/7/6 8459/7/6
f 8458/7/6 8453/7/6 8459/7/6
f 8454/7/6 8455/7/6 8460/7/6
f 8460/7/6 8455/7/6 8461/7/6
f 8456/7/6 8457/7/6 8462/7/6
f 8449/7/6 8456/7/6 8462/7/6
f 8462/7/6 8457/7/6 8463/7/6
f 8464/1/6 8465/1/6 8468/1/6
f 8468/1/6 8465/1/6 8469/1/6
f 8466/1/6 8467/1/6 8470/1/6
f 8470/1/6 8467/1/6 8471/1/6
f 8472/1/6 8473/1/6 8476/1/6
f 8476/1/6 8473/1/6 8477/1/6
f 8474/1/6 8475/1/6 8478/1/6
f 8478/1/6 8475/1/6 8479/1/6
f 8480/7/6 8481/7/6 8486/7/6
f 8486/7/6 8481/7/6 8487/7/6
f 8482/7/6 8483/7/6 8488/7/6
f 8488/7/6 8483/7/6 8489/7/6
f 8484/7/6 8485/7/6 8490/7/6
f 8490/7/6 8485/7/6 8491/7/6
f 8487/7/6 8481/7/6 8493/7/6
f 8493/7/6 8481/7/6 8494/7/6
f 8484/7/6 8490/7/6 8497/7/6
f 8497/7/6 8490/7/6 8498/7/6
f 8492/7/6 8493/7/6 8501/7/6
f 8501/7/6 8493/7/6 8502/7/6
f 8494/7/6 8495/7/6 8503/7/6
f 8503/7/6 8495/7/6 8504/7/6
f 8496/7/6 8497/7/6 8505/7/6
f 8505/7/6 8497/7/6 8506/7/6
f 8498/7/6 8499/7/6 8507/7/6
f 8507/7/6 8499/7/6 8508/7/6
f 8500/7/6 8501/7/6 8510/7/6
f 8510/7/6 8501/7/6 8511/7/6
f 8508/7/6 8509/7/6 8512/7/6
f 8512/7/6 8509/7/6 8513/7/6
f 8514/7/6 8515/7/6 8518/7/6
f 8518/7/6 8515/7/6 8519/7/6
f 8516/7/6 8517/7/6 8520/7/6
f 8520/7/6 8517/7/6 8521/7/6
f 8522/7/6 8523/7/6 8526/7/6
f 8526/7/6 8523/7/6 8527/7/6
f 8524/7/6 8525/7/6 8528/7/6
f 8528/7/6 8525/7/6 8529/7/6
f 8530/7/6 8531/7/6 8536/7/6
f 8536/7/6 8531/7/6 8537/7/6
f 8532/7/6 8533/7/6 8538/7/6
f 8538/7/6 8533/7/6 8539/7/6
f 8534/7/6 8535/7/6 8540/7/6
f 8540/7/6 8535/7/6 8541/7/6
f 8542/1/6 8543/1/6 8546/1/6
f 8546/1/6 8543/1/6 8547/1/6
f 8544/1/6 8545/1/6 8548/1/6
f 8548/1/6 8545/1/6 8549/1/6
f 8550/7/6 8551/7/6 8556/7/6
f 8556/7/6 8551/7/6 8557/7/6
f 8552/7/6 8553/7/6 8558/7/6
f 8558/7/6 8553/7/6 8559/7/6
f 8554/7/6 8555/7/6 8560/7/6
f 8560/7/6 8555/7/6 8561/7/6
f 8562/7/6 8563/7/6 8566/7/6
f 8566/7/6 8563/7/6 8567/7/6
f 8564/7/6 8565/7/6 8568/7/6
f 8568/7/6 8565/7/6 8569/7/6
f 8570/7/6 8571/7/6 8574/7/6
f 8574/7/6 8571/7/6 8575/7/6
f 8572/7/6 8573/7/6 8576/7/6
f 8576/7/6 8573/7/6 8577/7/6
f 8578/7/6 8579/7/6 8584/7/6
f 8584/7/6 8579/7/6 8585/7/6
f 8580/7/6 8581/7/6 8586/7/6
f 8586/7/6 8581/7/6 8587/7/6
f 8582/7/6 8583/7/6 8588/7/6
f 8588/7/6 8583/7/6 8589/7/6
f 8590/7/6 8591/7/6 8596/7/6
f 8596/7/6 8591/7/6 8597/7/6
f 8592/7/6 8593/7/6 8598/7/6
f 8598/7/6 8593/7/6 8599/7/6
f 8594/7/6 8595/7/6 8600/7/6
f 8600/7/6 8595/7/6 8601/7/6
f 8602/7/6 8603/7/6 8606/7/6
f 8606/7/6 8603/7/6 8607/7/6
f 8604/7/6 8605/7/6 8608/7/6
f 8608/7/6 8605/7/6 8609/7/6
f 8610/7/6 8611/7/6 8614/7/6
f 8614/7/6 8611/7/6 8615/7/6
f 8612/7/6 8613/7/6 8616/7/6
f 8616/7/6 8613/7/6 8617/7/6
f 8618/7/6 8619/7/6 8624/7/6
f 8624/7/6 8619/7/6 8625/7/6
f 8620/7/6 8621/7/6 8626/7/6
f 8626/7/6 8621/7/6 8627/7/6
f 8622/7/6 8623/7/6 8628/7/6
f 8628/7/6 8623/7/6 8629/7/6
f 8630/7/6 8631/7/6 8636/7/6
f 8636/7/6 8631/7/6 8637/7/6
f 8632/7/6 8633/7/6 8638/7/6
f 8638/7/6 8633/7/6 8639/7/6
f 8634/7/6 8635/7/6 8640/7/6
f 8640/7/6 8635/7/6 8641/7/6
f 8642/7/6 8643/7/6 8646/7/6
f 8646/7/6 8643/7/6 8647/7/6
f 8644/7/6 8645/7/6 8648/7/6
f 8648/7/6 8645/7/6 8649/7/6
f 8650/7/6 8651/7/6 8654/7/6
f 8654/7/6 8651/7/6 8655/7/6
f 8652/7/6 8653/7/6 8656/7/6
f 8656/7/6 8653/7/6 8657/7/6
f 8658/7/6 8659/7/6 8662/7/6
f 8662/7/6 8659/7/6 8663/7/6
f 8660/7/6 8661/7/6 8664/7/6
f 8664/7/6 8661/7/6 8665/7/6
f 8666/7/6 8667/7/6 8670/7/6
f 8670/7/6 8667/7/6 8671/7/6
f 8668/7/6 8669/7/6 8672/7/6
f 8672/7/6 8669/7/6 8673/7/6
f 8674/7/6 8675/7/6 8678/7/6
f 8678/7/6 8675/7/6 8679/7/6
f 8676/7/6 8677/7/6 8680/7/6
f 8680/7/6 8677/7/6 8681/7/6
f 8678/7/6 8679/7/6 8682/7/6
f 8679/7/6 8680/7/6 8682/7/6
f 8680/7/6 8681/7/6 8682/7/6
f 8682/7/6 8681/7/6 8683/7/6
f 8683/7/6 8681/7/6 8684/7/6
f 8684/7/6 8681/7/6 8685/7/6
f 8682/7/6 8683/7/6 8686/7/6
f 8686/7/6 8683/7/6 8687/7/6
f 8684/7/6 8685/7/6 8688/7/6
f 8688/7/6 8685/7/6 8689/7/6
f 8690/3/6 8691/3/6 8694/3/6
f 8694/3/6 8691/3/6 8695/3/6
f 8692/3/6 8693/3/6 8696/3/6
f 8696/3/6 8693/3/6 8697/3/6
f 8698/3/6 8699/3/6 8702/3/6
f 8702/3/6 8699/3/6 8703/3/6
f 8700/3/6 8701/3/6 8704/3/6
f 8704/3/6 8701/3/6 8705/3/6
f 8706/3/6 8707/3/6 8710/3/6
f 8710/3/6 8707/3/6 8711/3/6
f 8708/3/6 8709/3/6 8712/3/6
f 8712/3/6 8709/3/6 8713/3/6
f 8714/3/6 8715/3/6 8718/3/6
f 8718/3/6 8715/3/6 8719/3/6
f 8716/3/6 8717/3/6 8720/3/6
f 8720/3/6 8717/3/6 8721/3/6
